ID,Q1a_1,Q1a_2,Q1a_3,Q1a_4,Q1a_5,Q1a_6,Q1a_7,Q1a_8,Q1a_9,Q1a_10,Q1b_1,Q1b_2,Q1b_3,Q1b_4,Q1b_5,Q1b_6,Q1b_7,Q1b_8,Q1c,Q1d_1,Q1d_2,Q1d_3,Q1d_4,Q1d_5,Q1d_6,Q1d_7,Q1d_8,Q1d_9,Q1e_1,Q1e_2,Q1e_3,Q1e_4,Q1e_5,Q1e_6,Q1e_7,Q1e_8,Q2a,Q2b,Q2c,Q3a_1,Q3a_2,Q3a_3,Q3b,Q3c,Q3d,Q4a_1,Q4a_2,Q4a_3,Q4a_4,Q4a_5,Q4a_6,Q4a_7,Q4a_8,Q4b_1,Q4b_2,Q4b_3,Q4b_4,Q4b_5,Q4b_6,Q4b_7,Q4c,Q4d,Q5a_1,Q5a_2,Q5a_3,Q5a_4,Q5a_5,Q5a_6,Q5a_7,Q5a_8,Q5a_9,Q5a_10,Q5a_11,Q5a_12,Q5a_13,Q5b,Q5c,Q5e,Q5f,Q5g,Q5h,Q5i,Q5j
P0001,0,0,0,0,0,0,0,0,0,1,2,2,2,3,3,2,5,1,1, , , , , , , , , , , , , , , , , ,5,5,3,2,2,2, , , ,0,0,0,0,0,0,1,0, , , , , , , , , , , , , , , , , , , , , , , , , , , , , , 
P0002,0,0,0,0,1,0,0,1,0,0,3,5,5,5,2,3,3,2,1, , , , , , , , , , , , , , , , , ,5,5,3,1,1,2,2,2, ,0,0,1,0,0,0,0,0,0,1,0,0,0,0,0,2,2, , , , , , , , , , , , , , , , , , , , , 
P0003,0,1,1,1,0,1,0,1,0,0,2,2,2,2,3,2,3,1,3,1,0,0,1,0,0,0,0,0,1,1,0,0,0,0,0,0,1,4,2,1,1,1,2,1,2,1,0,0,0,0,0,0,0,1,1,0,0,0,0,0,2,2,1,0,1,1,0,0,0,0,0,0,0,0,0,2,2,2,4,3,3,3,1
P0004,0,1,0,0,1,1,0,0,0,0,2,2,5,5,1,2,5,5,2,1,0,0,0,0,0,0,0,0,0,0,0,0,0,0,1,0,1,3,2,1,1,2,2,2, ,0,1,0,0,0,0,0,0,0,0,0,1,0,0,0,2,2, , , , , , , , , , , , , , , , , , , , , 
P0005,0,1,0,0,1,0,0,1,0,0,2,2,2,3,2,2,2,2,2,0,0,0,0,0,0,0,0,1, , , , , , , , ,3,4,1,1,1,2,2,2, ,1,0,0,0,0,0,0,0,1,0,0,0,0,0,0,2,2, , , , , , , , , , , , , , , , , , , , , 
P0006,0,1,0,0,1,1,0,0,0,0,2,2,2,1,4,2,3,1,4,1,0,0,0,0,0,0,0,0,1,0,0,0,0,1,0,0,3,3,2,1,1,1,2,2,2,0,0,1,1,0,0,0,0,1,0,0,1,1,0,0,2,3, , , , , , , , , , , , , , , , , , , , , 
P0007,0,0,0,0,1,0,1,1,0,0,3,2,2,4,3,1,2,2,2,0,0,0,1,0,0,0,0,0,1,0,0,0,1,0,0,0,3,3,2,1,1,1,2,2,2,0,0,0,0,1,1,0,0,0,0,0,0,0,0,1,2,2,1,0,0,0,0,0,0,0,0,0,0,0,0,3,3,2,3,1,1,1,2
P0008,1,1,1,1,1,1,1,1,0,0,2,2,2,2,3,2,1,2,3,1,1,0,0,0,0,0,0,0,1,0,0,1,1,1,0,0,1,1,1,1,1,1,2,2,2,1,0,0,0,1,0,0,0,0,0,1,0,1,0,0,2,2,1,0,1,0,1,0,0,0,0,0,1,0,0,2,2,2,4,3,3,3,2
P0009,0,1,0,0,0,0,0,1,0,0,2,2,2,3,4,1,3,2,2,0,0,0,0,0,0,0,0,1, , , , , , , , ,4,3,2,2,2,2, , , ,0,0,0,0,0,0,1,0, , , , , , , , , , , , , , , , , , , , , , , , , , , , , , 
P0010,0,0,1,0,1,1,0,1,0,0,2,3,2,2,2,3,2,2,3,1,0,0,0,0,0,0,0,0,0,0,0,0,1,0,0,0,1,1,2,1,1,2,1,1, ,0,1,1,0,0,0,0,0,1,1,0,1,0,0,0,2,2,0,0,1,0,1,1,0,0,0,1,0,0,0,2,2,1,4,3,3,3,3
P0011,0,0,0,0,0,0,0,0,0,1,4,2,4,4,4,2,4,4,2,1,0,0,0,0,0,0,0,0,0,0,0,0,0,0,0,1,3,3,2,2,2,2, , , ,0,0,0,0,0,0,1,0, , , , , , , , , , , , , , , , , , , , , , , , , , , , , , 
P0012,0,0,0,0,1,0,0,0,0,0,1,3,3,4,2,1,3,4,1, , , , , , , , , , , , , , , , , ,2,2,3,1,1,2,1,2, ,1,1,0,1,0,0,0,0,0,1,0,1,0,0,0,2,2, , , , , , , , , , , , , , , , , , , , , 
P0013,1,1,0,0,1,0,0,1,0,0,2,2,5,5,3,1,5,2,1, , , , , , , , , , , , , , , , , ,2,2,2,1,1,2,2,2, ,0,1,0,1,0,0,0,0,0,0,0,0,1,0,0,2,2, , , , , , , , , , , , , , , , , , , , , 
P0014,0,0,0,0,0,1,0,0,0,0,3,1,1,4,4,1,3,2,6, , , , , , , , , , , , , , , , , ,3,3,2,2,2,2, , , ,0,0,0,0,0,0,1,0, , , , , , , , , , , , , , , , , , , , , , , , , , , , , , 
P0015,0,1,0,0,1,0,0,1,0,0,2,2,2,3,2,2,5,2,1, , , , , , , , , , , , , , , , , ,2,2,1,1,1,3,2,2, ,1,0,1,0,0,0,0,0,1,0,0,1,0,0,0,2,2, , , , , , , , , , , , , , , , , , , , , 
P0016,0,1,0,0,0,0,0,0,0,0,2,2,2,3,3,2,3,2,1, , , , , , , , , , , , , , , , , ,3,3,3,2,2,2, , , ,0,0,0,0,0,0,1,0, , , , , , , , , , , , , , , , , , , , , , , , , , , , , , 
P0017,0,1,1,0,1,0,0,0,0,0,2,2,2,5,4,5,5,2,6, , , , , , , , , , , , , , , , , ,5,5,3,1,1,2,4,2, ,0,0,0,0,0,0,0,1, , , , , , , , , , , , , , , , , , , , , , , , , , , , , , 
P0018,1,1,1,0,1,1,0,1,0,0,2,1,1,2,3,2,2,2,2,1,0,0,0,0,0,0,0,0,0,0,0,0,0,0,0,1,1,3,2,1,1,2,2,2, ,0,0,0,0,0,0,1,0, , , , , , , , , , , , , , , , , , , , , , , , , , , , , , 
P0019,0,1,0,0,0,0,0,0,0,0,4,2,2,3,3,2,5,3,2,0,0,0,1,0,0,0,0,0,0,0,0,0,0,0,1,0,3,4,2,2,2,3, , , ,1,1,0,1,0,0,0,0,1,0,0,0,0,0,0,2,2, , , , , , , , , , , , , , , , , , , , , 
P0020,1,1,1,0,0,1,0,1,0,0,2,1,1,2,2,1,2,1,3,1,0,0,0,0,0,0,0,0,0,0,0,0,0,0,0,1,3,3,1,1,2,2,2, , ,1,0,0,0,0,0,0,0,1,1,0,0,0,0,0,2,2, , , , , , , , , , , , , , , , , , , , , 
P0021,0,1,0,0,1,1,0,1,0,0,4,3,3,2,1,3,2,2,2,0,0,0,0,0,0,0,0,1, , , , , , , , ,3,3,2,1,2,2,1, , ,0,0,0,0,1,0,0,0,0,1,0,1,0,0,0,2,2, , , , , , , , , , , , , , , , , , , , , 
P0022,0,0,1,0,0,0,0,0,0,0,3,1,1,5,3,2,2,2,1, , , , , , , , , , , , , , , , , ,3,3,2,2,2,2, , , ,0,0,0,0,0,0,1,0, , , , , , , , , , , , , , , , , , , , , , , , , , , , , , 
P0023,0,1,0,0,1,1,0,1,0,0,3,2,2,2,3,1,4,1,2,0,0,0,0,0,0,1,0,0,0,0,0,0,0,0,0,1,3,1,2,1,2,2,1, , ,0,0,0,1,0,0,0,0,0,1,0,1,0,0,0,2,2, , , , , , , , , , , , , , , , , , , , , 
P0024,0,1,0,0,0,1,0,1,0,0,2,2,2,3,2,2,2,1,2,1,0,0,0,0,0,0,0,0,0,0,0,0,0,0,0,1,2,2,2,2,2,2, , , ,0,0,0,1,0,0,0,0,1,1,0,1,0,0,0,2,2, , , , , , , , , , , , , , , , , , , , , 
P0025,0,1,0,0,0,0,0,0,0,0,3,2,2,5,3,3,3,2,1, , , , , , , , , , , , , , , , , ,3,3,2,2,2,2, , , ,0,0,0,0,0,0,1,0, , , , , , , , , , , , , , , , , , , , , , , , , , , , , , 
P0026,0,0,0,1,0,0,0,0,0,0,1,1,1,1,1,1,1,1,2,0,0,0,1,0,0,0,0,0,0,0,0,0,0,1,0,0,2,1,1,1,1,1,1,1,1,0,0,1,0,0,0,0,0,0,1,0,0,0,0,0,2,2,0,0,0,0,0,0,0,0,0,0,1,0,0,2,1,3,3,3,1,3,3
P0027,1,1,1,0,0,0,0,1,0,0,3,1,1,2,3,3,2,2,6, , , , , , , , , , , , , , , , , ,3,3,2,1,1,3,2,2, ,1,0,0,0,0,0,0,0,1,0,0,0,0,0,0,2,2, , , , , , , , , , , , , , , , , , , , , 
P0028,0,0,0,0,0,1,0,0,0,0,3,2,2,3,2,2,2,2,2,1,0,0,0,0,0,0,0,0,0,0,0,0,0,0,0,1,5,5,2,2,2,2, , , ,0,0,0,0,0,0,1,0, , , , , , , , , , , , , , , , , , , , , , , , , , , , , , 
P0029,0,0,0,0,1,0,0,0,0,0,1,2,2,4,1,2,3,1,2,1,0,0,0,0,0,0,0,0,0,0,0,1,0,0,1,0,2,2,1,1,1,2,1,2, ,0,1,0,0,1,0,0,0,0,1,0,1,1,0,0,2,2, , , , , , , , , , , , , , , , , , , , , 
P0030,0,0,0,0,0,0,0,0,0,1,3,4,3,4,3,3,3,3,1, , , , , , , , , , , , , , , , , ,4,4,2,1,2,2,2, , ,0,0,0,0,0,0,1,0, , , , , , , , , , , , , , , , , , , , , , , , , , , , , , 
P0031,1,0,1,0,0,1,0,0,0,0,2,2,1,2,2,2,2,2,2,1,0,0,0,0,0,0,0,0,1,0,0,0,0,1,0,0,1,1,2,1,1,1,1,1,1,0,1,1,1,1,0,0,0,1,0,1,0,1,0,0,2,2, , , , , , , , , , , , , , , , , , , , , 
P0032,0,1,1,0,0,0,0,0,0,0,1,1,1,4,2,5,5,2,1, , , , , , , , , , , , , , , , , ,1,3,2,1,1,2,2,1, ,0,0,0,0,0,0,0,1, , , , , , , , , , , , , , , , , , , , , , , , , , , , , , 
P0033,0,0,0,0,0,1,1,1,0,0,3,1,1,2,2,2,3,2,3,1,0,0,0,0,0,0,0,0,0,0,0,0,1,0,1,0,2,2,1,1,2,1,1, ,2,0,0,1,1,1,0,0,0,1,1,0,0,0,0,0,1,1,0,0,1,0,0,0,0,1,0,0,1,0,0,1,2,1,3,2,2,2,3
P0034,0,0,0,1,0,1,0,1,0,0,4,4,3,2,1,1,2,2,2,1,0,0,0,0,0,0,0,0,0,0,0,0,0,0,0,1,3,3,2,2,2,1, , ,2,0,1,1,0,1,0,0,0,0,0,0,1,0,0,0,2,2,1,0,1,0,0,0,0,0,0,0,0,0,0,1,1,2,4,1,3,3,1
P0035,0,1,0,0,1,1,0,0,0,0,3,2,2,3,2,2,2,2,2,0,0,0,0,0,0,0,0,1, , , , , , , , ,3,3,1,1,1,2,2,2, ,0,0,1,0,0,0,0,0,0,1,0,0,0,0,0,2,2, , , , , , , , , , , , , , , , , , , , , 
P0036,1,1,0,0,0,0,0,0,0,0,2,2,2,3,3,2,3,2,2,0,0,0,0,0,0,0,0,1, , , , , , , , ,3,3,2,2,1,2, ,2, ,0,0,1,0,0,0,0,0,0,1,0,0,0,0,0,2,2, , , , , , , , , , , , , , , , , , , , , 
P0037,1,0,1,0,1,1,0,1,0,0,4,4,4,4,4,4,4,4,1, , , , , , , , , , , , , , , , , ,3,3,1,1,2,3,2, , ,0,0,0,0,0,1,0,0,1,1,0,1,1,0,0,2,2, , , , , , , , , , , , , , , , , , , , , 
P0038,1,1,0,0,1,0,1,0,0,0,2,2,2,3,2,2,2,2,5,1,0,0,0,0,0,0,0,0,0,0,0,0,1,0,0,0,3,3,2,2,1,2, ,2, ,0,0,0,0,0,0,1,0, , , , , , , , , ,1,0,1,0,0,0,0,0,0,0,1,0,0,1,1,4,1,1,1,1,3
P0039,1,0,1,0,0,1,0,1,0,0,3,2,2,3,4,2,3,2,1, , , , , , , , , , , , , , , , , ,3,3,2,1,1,2,2,2, ,0,0,0,0,0,0,1,0, , , , , , , , , , , , , , , , , , , , , , , , , , , , , , 
P0040,0,1,0,0,0,0,0,0,0,0,2,1,1,1,1,2,1,1,2,1,0,0,0,0,0,0,0,0,0,0,0,0,1,0,0,0,1,2,1,1,2,1,2, ,1,0,0,0,0,1,0,0,0,1,0,0,1,1,0,0,2,2,1,0,1,0,0,0,0,0,0,0,0,0,0,1,1,3,1,1,2,2,1
P0041,0,1,0,0,1,0,0,1,0,0,1,1,1,1,1,1,1,1,2,1,0,0,0,0,0,0,0,0,0,0,0,0,0,0,0,1,1,1,2,1,1,2,1,1, ,0,0,0,0,0,0,1,0, , , , , , , , , , , , , , , , , , , , , , , , , , , , , , 
P0042,1,0,0,0,1,1,0,1,0,0,3,2,2,3,3,2,3,2,2,1,0,0,0,0,0,0,0,0,0,0,0,0,0,1,0,0,3,3,1,1,1,2,2,2, ,0,0,0,0,0,1,0,0,0,1,0,0,0,0,0,2,2, , , , , , , , , , , , , , , , , , , , , 
P0043,1,1,1,0,0,0,0,0,0,0,2,2,1,4,3,2,5,2,1, , , , , , , , , , , , , , , , , ,4,4,2,2,1,3, ,2, ,0,0,0,0,0,0,1,0, , , , , , , , , , , , , , , , , , , , , , , , , , , , , , 
P0044,1,1,1,0,1,1,1,1,0,0,1,1,1,1,1,1,1,1,3,0,1,0,0,0,0,1,0,0,0,0,1,0,0,0,1,1,1,1,1,1,1,1,1,1,1,1,1,1,1,1,0,0,0,1,1,1,1,1,0,0,2,2, , , , , , , , , , , , , , , , , , , , , 
P0045,0,1,0,0,0,1,0,1,0,0,3,2,2,3,3,2,2,2,1, , , , , , , , , , , , , , , , , ,3,3,3,2,1,2, ,2, ,0,0,0,0,0,0,1,0, , , , , , , , , , , , , , , , , , , , , , , , , , , , , , 
P0046,0,1,0,0,1,0,0,0,0,0,4,1,1,4,4,1,1,1,1, , , , , , , , , , , , , , , , , ,1,4,2,1,1,1,1,1,1,0,0,0,1,0,0,0,0,0,1,0,0,0,0,0,2,2, , , , , , , , , , , , , , , , , , , , , 
P0047,0,1,0,0,0,1,0,0,0,0,2,1,1,2,3,1,2,2,2,1,0,0,0,0,0,0,0,0,0,0,0,0,1,0,0,0,1,1,2,2,2,2, , , ,0,1,0,0,0,0,0,0,0,0,1,0,0,0,0,2,2,0,0,0,0,0,0,1,0,0,0,0,0,0,1,1,2,4,3,3,3,3
P0048,1,1,1,0,1,0,0,1,0,0,2,3,2,5,3,3,3,2,2,0,0,0,0,0,0,0,0,1, , , , , , , , ,3,3,2,1,1,2,3,2, ,0,0,0,0,0,0,1,0, , , , , , , , , , , , , , , , , , , , , , , , , , , , , , 
P0049,1,0,1,1,0,0,0,0,0,0,3,2,2,1,2,2,2,1,2,1,0,0,0,0,0,0,0,0,0,0,0,0,1,1,0,0,2,2,2,2,2,2, , , ,0,0,0,1,0,0,0,0,0,0,1,0,0,0,0,2,2,1,0,0,0,1,1,0,0,0,0,0,0,0,2,2,3,4,3,1,3,1
P0050,0,1,0,0,1,1,0,0,0,0,3,1,1,2,2,1,5,3,2,1,0,0,0,0,0,0,0,0,1,0,0,0,0,0,0,0,3,3,2,1,2,2,2, , ,0,0,0,0,0,0,1,0, , , , , , , , , , , , , , , , , , , , , , , , , , , , , , 
P0051,1,1,0,0,1,0,1,1,0,0,4,3,2,3,4,2,2,2,5,1,0,1,0,0,0,0,0,0,1,0,0,1,1,0,0,1,2,2,1,1,1,3,3,3, ,0,0,0,0,0,1,0,0,1,1,1,1,1,0,0,2,2,1,1,1,0,1,0,1,0,0,0,0,0,0,1,1,2,3,3,3,3,1
P0052,1,1,0,1,1,0,1,1,0,0,3,2,2,2,1,2,3,2,3,1,0,0,0,0,0,0,0,0,0,0,1,0,1,0,1,1,1,3,2,1,1,2,2,2, ,1,0,0,0,1,0,0,0,1,0,0,0,0,0,0,2,2,0,1,0,0,0,0,0,0,1,1,0,0,0,2,2,2,2,2,2,1,2
P0053,0,1,0,0,0,1,0,1,0,0,2,1,2,2,2,1,3,1,2,1,0,0,0,0,0,0,0,0,0,0,0,1,0,1,0,0,1,1,1,1,2,2,1, , ,0,0,0,0,0,0,1,0, , , , , , , , , , , , , , , , , , , , , , , , , , , , , , 
P0054,1,1,1,0,1,0,1,1,0,0,2,2,1,3,2,2,2,2,2,1,0,0,1,0,0,0,0,0,0,0,0,1,1,1,0,0,3,3,2,1,1,1,2,2,5,0,1,0,1,0,0,0,0,0,0,0,0,1,0,0,2,2,1,0,0,0,0,0,0,0,0,0,0,0,0,2,2,4,4,3,3,3,4
P0055,0,0,0,0,0,0,0,0,0,1,3,2,1,4,3,2,2,2,2,0,0,0,0,0,0,0,0,1, , , , , , , , ,2,2,1,1,1,2,2,2, ,0,0,0,0,0,0,1,0, , , , , , , , , , , , , , , , , , , , , , , , , , , , , , 
P0056,0,0,0,0,0,0,0,0,0,1,4,2,3,3,3,3,3,2,1, , , , , , , , , , , , , , , , , ,5,5,3,1,2,3,2, , ,0,0,0,0,0,0,1,0, , , , , , , , , , , , , , , , , , , , , , , , , , , , , , 
P0057,1,1,1,0,1,1,0,1,0,0,1,2,1,2,2,1,2,1,4,0,0,0,1,0,0,0,0,0,1,1,1,0,0,0,0,0,3,2,2,1,1,2,2,2, ,0,0,0,0,0,0,1,0, , , , , , , , , , , , , , , , , , , , , , , , , , , , , , 
P0058,1,0,0,0,0,0,0,0,0,0,2,2,2,4,4,2,2,2,4,1,0,0,0,0,0,0,0,0,1,0,0,0,0,0,0,1,2,2,1,1,1,2,2,4, ,0,1,0,0,0,1,0,0,0,0,0,0,1,0,0,2,1, , , , , , , , , , , , , , , , , , , , , 
P0059,0,1,1,0,0,1,1,0,0,0,4,3,2,3,3,2,2,2,3,1,0,0,0,0,0,0,0,0,0,0,0,0,0,1,0,0,3,3,2,1,2,2,2, , ,0,0,0,0,0,0,1,0, , , , , , , , , , , , , , , , , , , , , , , , , , , , , , 
P0060,1,0,0,0,0,1,0,1,0,0,4,2,2,4,3,2,2,3,2,1,0,0,0,0,0,0,1,0,0,0,1,0,1,1,0,0,2,2,1,1,1,1,3,2,3,0,1,1,0,0,1,0,0,0,1,0,1,1,0,0,2,2,1,0,0,0,1,0,0,0,0,1,0,0,0,3,3,2,4,2,3,3,2
P0061,0,0,0,0,0,0,0,0,1,0,2,1,2,3,1,2,3,1,1, , , , , , , , , , , , , , , , , ,4,4,2,2,1,2, ,2, ,0,0,0,0,0,0,1,0, , , , , , , , , , , , , , , , , , , , , , , , , , , , , , 
P0062,0,0,0,0,0,0,0,0,0,1,2,3,3,2,1,2,1,1,2,0,1,0,0,0,0,0,0,0,0,0,0,1,0,0,0,1,2,1,2,1,2,1,3, ,3,1,0,0,0,0,0,0,0,0,0,1,0,0,0,0,1,1, , , , , , , , , , , , , , , , , , , , , 
P0063,1,1,0,0,1,0,0,0,0,0,1,1,2,5,4,5,5,3,1, , , , , , , , , , , , , , , , , ,5,5,3,2,1,3, ,2, ,0,0,0,0,0,0,1,0, , , , , , , , , , , , , , , , , , , , , , , , , , , , , , 
P0064,1,1,1,1,1,1,1,1,0,0,4,1,1,2,2,2,1,2,4,1,0,0,0,0,0,0,0,0,1,0,0,0,0,0,0,1,1,2,1,1,1,1,1,1,2,0,0,1,1,1,0,0,0,1,0,0,0,1,0,0,2,2,0,1,1,0,1,0,1,0,0,0,0,0,0,2,1,2,1,3,2,3,2
P0065,0,1,0,0,0,0,0,0,0,0,3,2,2,3,4,1,3,2,4,1,0,0,0,0,1,0,0,0,0,1,0,1,0,1,0,0,3,3,2,2,1,2, ,2, ,0,0,1,0,0,0,0,0,0,1,0,0,0,0,0,2,2, , , , , , , , , , , , , , , , , , , , , 
P0066,0,1,0,0,0,0,0,0,0,0,4,4,4,4,4,4,4,4,1, , , , , , , , , , , , , , , , , ,2,2,1,2,2,2, , , ,0,0,0,0,0,0,1,0, , , , , , , , , , , , , , , , , , , , , , , , , , , , , , 
P0067,1,1,0,0,0,0,0,0,0,0,2,2,2,4,3,2,4,2,1, , , , , , , , , , , , , , , , , ,3,3,2,2,1,2, ,2, ,0,0,0,0,0,0,1,0, , , , , , , , , , , , , , , , , , , , , , , , , , , , , , 
P0068,0,1,0,0,1,1,0,1,0,0,2,1,2,1,1,2,1,2,2,1,1,0,1,0,0,0,0,0,0,0,0,0,0,1,0,0,5,2,1,1,1,2,5,2, ,0,0,1,0,0,0,0,0,1,0,0,0,1,0,0,2,2, , , , , , , , , , , , , , , , , , , , , 
P0069,0,1,0,0,1,0,0,0,0,0,1,1,1,1,1,2,1,2,4,1,0,0,0,0,1,0,0,0,1,0,1,0,1,1,0,0,1,2,1,1,1,1,2,2,2,0,1,0,0,0,0,0,0,0,0,1,0,0,0,0,1,1,1,1,1,0,1,0,0,1,0,0,0,0,0,2,2,1,4,3,2,1,1
P0070,1,1,1,0,0,1,1,1,0,0,3,3,3,4,4,2,1,1,2,1,0,0,0,0,0,0,0,0,0,0,0,1,0,1,0,0,3,3,2,1,1,2,2,2, ,1,0,1,0,0,0,0,0,0,1,0,0,0,0,0,2,2, , , , , , , , , , , , , , , , , , , , , 
P0071,0,0,1,0,0,1,1,0,0,0,3,2,2,4,4,2,2,3,1, , , , , , , , , , , , , , , , , ,5,5,3,1,1,2,2,3, ,0,0,0,0,0,0,1,0, , , , , , , , , , , , , , , , , , , , , , , , , , , , , , 
P0072,0,1,0,0,0,0,1,0,0,0,2,2,2,4,4,2,2,3,6, , , , , , , , , , , , , , , , , ,5,5,3,2,2,2, , , ,0,0,0,0,0,0,1,0, , , , , , , , , , , , , , , , , , , , , , , , , , , , , , 
P0073,1,0,0,0,0,0,0,0,0,0,2,2,2,3,4,2,4,2,1, , , , , , , , , , , , , , , , , ,3,3,2,2,1,2, ,2, ,0,0,0,0,0,0,1,0, , , , , , , , , , , , , , , , , , , , , , , , , , , , , , 
P0074,1,0,1,1,1,0,1,1,0,0,2,1,1,2,2,2,1,1,4,1,1,1,0,0,1,0,0,0,0,1,0,0,0,0,1,0,1,1,2,1,1,1,1,1,2,0,0,0,1,0,0,0,0,0,0,0,1,1,0,0,2,2,0,0,0,0,1,1,0,0,0,0,1,0,0,1,1,1,1,1,1,1,1
P0075,0,1,0,0,0,0,0,0,0,0,4,1,2,4,4,1,4,3,1, , , , , , , , , , , , , , , , , ,3,3,2,2,2,2, , , ,0,0,0,0,0,0,1,0, , , , , , , , , , , , , , , , , , , , , , , , , , , , , , 
P0076,0,0,0,0,0,0,0,0,0,1,4,4,3,4,4,3,2,3,2,1,0,0,0,0,0,0,0,0,0,1,0,1,0,0,0,0,4,5,3,2,2,2, , , ,0,0,0,0,0,0,1,0, , , , , , , , , , , , , , , , , , , , , , , , , , , , , , 
P0077,0,0,0,0,0,0,0,0,0,1,3,3,3,3,3,3,3,3,1, , , , , , , , , , , , , , , , , ,4,4,2,2,2,2, , , ,0,0,0,0,0,0,1,0, , , , , , , , , , , , , , , , , , , , , , , , , , , , , , 
P0078,0,0,1,0,1,1,0,1,0,0,1,1,1,2,2,1,1,1,2,1,0,0,0,0,0,0,0,0,0,0,0,1,0,0,0,0,2,5,1,1,3,2,2, , ,0,0,0,0,0,0,0,1, , , , , , , , , , , , , , , , , , , , , , , , , , , , , , 
P0079,1,1,0,0,0,0,1,0,0,0,2,2,2,3,2,4,1,2,2,1,0,0,0,0,0,0,0,0,1,0,0,0,1,0,0,0,3,1,1,1,1,1,1,3,2,1,0,1,0,0,0,0,0,0,0,0,0,1,0,0,2,2,0,0,0,0,0,0,0,0,1,0,0,0,0,2,2,3,3,3,2,1,2
P0080,0,0,1,0,0,0,0,0,0,0,2,2,2,2,2,3,2,1,2,1,0,0,0,0,0,0,0,0,1,0,0,0,0,0,0,0,1,5,2,1,1,2,1,1, ,0,1,0,0,0,0,0,0,1,0,0,0,0,0,0,2,1, , , , , , , , , , , , , , , , , , , , , 
P0081,1,0,0,1,1,0,0,1,0,0,2,1,3,2,2,1,2,1,4,1,0,0,0,0,0,0,0,0,0,0,0,1,0,1,0,0,1,1,1,1,1,1,2,1,3,0,1,1,0,0,0,0,0,0,1,0,0,0,0,0,2,2,0,0,0,1,1,0,0,0,0,1,0,0,0,1,2,3,2,1,1,3,1
P0082,0,1,1,1,1,0,1,0,0,0,3,3,2,1,2,1,2,1,4,1,1,0,0,0,0,0,0,0,0,0,0,1,0,1,0,1,1,1,1,1,2,1,1, ,2,0,0,1,0,0,0,0,0,0,0,1,0,0,0,0,2,2,0,0,1,0,0,0,1,0,0,1,0,0,0,1,2,3,3,2,3,1,2
P0083,0,0,0,0,0,0,0,1,0,0,2,2,2,1,3,1,3,1,1, , , , , , , , , , , , , , , , , ,3,1,3,2,3,2, , , ,0,0,0,0,0,0,0,1, , , , , , , , , , , , , , , , , , , , , , , , , , , , , , 
P0084,1,1,0,0,0,0,0,0,0,0,2,2,2,4,4,2,5,2,2,0,0,0,0,0,0,0,0,1, , , , , , , , ,3,3,2,1,1,3,2,2, ,0,0,0,0,0,0,1,0, , , , , , , , , , , , , , , , , , , , , , , , , , , , , , 
P0085,1,1,1,0,0,0,0,0,0,0,2,2,2,4,4,2,5,5,2,0,0,0,0,0,0,0,1,0,0,0,0,0,0,0,0,1,4,5,2,2,1,2, ,2, ,0,0,0,0,0,0,1,0, , , , , , , , , , , , , , , , , , , , , , , , , , , , , , 
P0086,1,1,1,0,0,1,1,1,0,0,1,1,1,4,2,1,1,2,1, , , , , , , , , , , , , , , , , ,3,3,2,1,1,2,2,2, ,0,0,0,0,0,1,0,0,0,1,0,1,0,0,0,1,2, , , , , , , , , , , , , , , , , , , , , 
P0087,1,1,1,0,1,1,0,1,0,0,4,3,3,4,2,4,3,2,3,0,0,0,0,0,0,1,0,0,0,0,0,0,0,0,1,0,3,3,2,1,1,1,2,2,2,0,0,0,0,0,0,1,0, , , , , , , , , , , , , , , , , , , , , , , , , , , , , , 
P0088,1,1,0,0,0,0,0,0,0,0,2,1,5,5,5,1,5,1,2,0,0,0,0,0,0,0,0,1, , , , , , , , ,4,3,2,2,1,3, ,2, ,1,0,1,0,0,0,0,0,1,0,0,0,0,0,0,2,2, , , , , , , , , , , , , , , , , , , , , 
P0089,0,1,1,0,1,0,0,0,0,0,2,2,1,2,1,2,2,1,4,1,0,0,1,0,0,0,0,0,1,0,0,0,1,0,0,0,3,3,2,1,1,2,1,1, ,0,1,0,1,0,0,0,0,0,1,0,0,1,0,0,2,2,0,0,1,1,0,0,0,0,1,0,0,0,0,2,2,2,4,1,3,1,1
P0090,0,0,0,0,1,0,0,0,0,0,3,2,2,2,2,2,3,2,2,1,0,0,0,0,0,0,0,0,0,0,0,0,0,0,0,1,3,3,1,2,2,2, , , ,0,0,0,0,0,0,1,0, , , , , , , , , , , , , , , , , , , , , , , , , , , , , , 
P0091,0,1,0,0,0,0,0,1,0,0,2,1,2,2,3,2,5,2,2,0,0,0,0,0,0,0,0,1, , , , , , , , ,5,5,3,2,1,3, ,2, ,0,0,0,0,0,0,1,0, , , , , , , , , , , , , , , , , , , , , , , , , , , , , , 
P0092,1,1,1,0,1,1,0,0,0,0,2,2,2,4,2,2,2,2,6, , , , , , , , , , , , , , , , , ,5,5,1,1,1,3,2,2, ,0,0,1,0,0,1,0,0,0,0,0,0,1,0,0,2,2, , , , , , , , , , , , , , , , , , , , , 
P0093,1,1,0,0,1,0,0,1,0,0,2,2,2,3,2,3,2,1,3,1,0,0,0,0,0,0,0,0,1,0,0,1,0,1,0,1,3,3,1,1,1,2,2,2, ,0,1,1,0,0,0,0,0,1,1,0,0,0,0,0,2,2, , , , , , , , , , , , , , , , , , , , , 
P0094,1,1,0,0,0,0,0,0,0,0,2,2,2,3,2,2,3,2,1, , , , , , , , , , , , , , , , , ,4,3,1,2,1,2, ,2, ,0,0,1,0,0,0,0,0,0,0,0,0,1,0,0,2,2, , , , , , , , , , , , , , , , , , , , , 
P0095,1,1,0,0,0,0,0,0,0,0,2,2,2,2,2,3,2,2,2,0,1,0,0,0,0,0,0,0,1,0,0,0,0,0,0,0,5,5,3,2,2,2, , , ,1,1,0,0,0,1,0,0,0,0,0,0,1,0,0,2,2, , , , , , , , , , , , , , , , , , , , , 
P0096,1,1,0,1,1,1,0,1,0,0,2,2,2,2,2,2,2,2,2,1,1,0,0,0,0,0,1,0,0,1,0,0,1,0,1,0,5,5,3,1,1,1,2,2,2,1,0,0,0,0,1,0,0,1,1,1,1,1,0,0,2,2,1,1,0,0,1,1,0,0,1,0,0,0,0,2,2,2,4,3,3,3,3
P0097,0,0,0,0,1,0,0,1,0,0,4,2,2,2,2,2,4,2,2,1,0,0,0,0,0,0,0,0,0,0,0,1,0,0,0,0,3,3,2,1,2,2,2, , ,0,1,1,0,0,0,0,0,0,0,0,1,1,0,0,2,2, , , , , , , , , , , , , , , , , , , , , 
P0098,0,1,1,0,1,1,0,1,0,0,2,1,1,2,4,2,5,2,2,1,0,0,0,0,0,0,0,0,0,1,0,0,1,1,0,0,1,2,1,1,2,2,2, , ,0,0,0,0,0,1,0,0,1,1,0,0,0,0,0,2,2,0,0,0,0,1,0,0,0,0,0,0,0,0,2,1,2,1,1,3,3,1
P0099,0,0,0,1,1,0,0,1,0,0,2,1,1,3,2,3,2,1,3,0,0,0,0,1,0,0,0,0,0,1,0,0,0,0,0,0,1,1,1,1,1,2,1,3, ,0,0,1,1,0,0,0,0,0,1,1,0,0,0,0,2,2,0,1,0,0,1,0,0,0,0,0,0,0,0,1,2,3,3,1,3,1,1
P0100,0,1,1,0,0,0,0,0,0,0,2,5,5,3,2,2,3,2,2,1,1,0,1,0,0,0,0,0,0,1,0,1,0,0,0,1,1,1,1,1,3,1,2, ,2,0,1,0,1,1,0,0,0,0,1,0,0,0,0,0,2,2, , , , , , , , , , , , , , , , , , , , , 
P0101,0,0,0,0,0,0,0,0,0,1,3,2,2,4,4,2,4,3,6, , , , , , , , , , , , , , , , , ,3,3,2,2,2,3, , , ,0,0,0,0,0,0,1,0, , , , , , , , , , , , , , , , , , , , , , , , , , , , , , 
P0102,1,1,1,1,1,1,1,1,0,0,2,2,1,2,3,2,2,2,3,1,0,0,0,0,1,0,0,0,0,0,0,0,1,0,0,1,3,3,2,1,1,2,2,2, ,0,0,0,0,0,1,0,0,0,1,0,0,1,0,0,2,2,0,0,0,0,0,0,0,0,0,0,0,1,0,2,5,2,4,3,3,3,3
P0103,1,1,0,0,1,0,1,1,0,0,1,1,2,2,1,1,2,2,3,1,1,0,0,0,0,0,0,0,1,1,0,1,1,1,1,0,3,3,1,1,1,1,2,2,2,0,1,1,0,0,0,0,0,0,1,1,0,0,0,0,2,2,1,0,1,0,0,0,1,0,0,0,0,0,0,1,1,2,3,3,1,3,1
P0104,0,1,0,0,1,1,0,0,0,0,2,2,2,3,2,2,2,2,2,0,0,0,0,0,0,0,1,0,0,0,0,0,0,0,1,0,3,3,2,1,1,2,1,1, ,0,0,1,0,0,0,0,0,0,0,0,1,1,0,0,2,2, , , , , , , , , , , , , , , , , , , , , 
P0105,0,1,0,0,0,0,0,0,1,0,1,1,1,2,4,1,1,2,2,1,0,0,0,0,0,0,0,0,0,0,0,0,0,1,0,0,4,3,2,2,2,2, , , ,0,0,0,0,0,0,1,0, , , , , , , , , , , , , , , , , , , , , , , , , , , , , , 
P0106,1,0,0,0,0,0,0,0,0,0,2,2,2,5,2,2,5,1,1, , , , , , , , , , , , , , , , , ,1,3,2,1,1,2,4,2, ,0,0,0,0,0,0,1,0, , , , , , , , , , , , , , , , , , , , , , , , , , , , , , 
P0107,1,1,1,0,0,0,0,0,0,0,2,2,2,3,3,2,3,3,1, , , , , , , , , , , , , , , , , ,5,5,2,2,2,2, , , ,0,0,0,0,0,0,1,0, , , , , , , , , , , , , , , , , , , , , , , , , , , , , , 
P0108,1,1,0,0,0,0,0,0,0,0,2,2,2,2,3,2,3,2,3,0,0,0,1,0,0,0,0,0,0,0,0,0,0,1,0,0,3,3,2,1,1,2,3,2, ,0,0,0,0,0,0,1,0, , , , , , , , , , , , , , , , , , , , , , , , , , , , , , 
P0109,1,1,1,0,0,1,1,1,0,0,2,2,2,3,4,2,2,2,2,1,0,0,0,0,0,0,0,0,0,0,1,0,0,1,0,0,3,3,2,3,3,3, , , ,0,0,1,0,0,0,0,0,1,0,0,0,0,0,0,2,2, , , , , , , , , , , , , , , , , , , , , 
P0110,0,1,1,0,0,0,0,0,0,0,2,2,2,5,2,2,2,2,1, , , , , , , , , , , , , , , , , ,4,4,2,1,1,2,2,2, ,0,0,0,0,0,0,1,0, , , , , , , , , , , , , , , , , , , , , , , , , , , , , , 
P0111,0,0,0,0,0,1,0,0,0,0,5,5,5,5,5,5,5,5,2,1,0,0,0,0,0,0,0,0,0,0,0,0,1,0,0,0,3,4,2,2,2,2, , , ,0,0,0,0,0,0,1,0, , , , , , , , , ,0,0,1,0,1,0,0,0,0,1,0,0,0,2,2,2,4,3,3,3,3
P0112,0,1,0,0,0,0,0,0,0,0,3,2,2,4,4,5,3,3,1, , , , , , , , , , , , , , , , , ,3,3,2,2,2,2, , , ,0,0,0,0,0,0,1,0, , , , , , , , , , , , , , , , , , , , , , , , , , , , , , 
P0113,0,1,0,0,0,1,0,1,0,0,3,3,3,3,3,3,3,3,4,0,0,0,0,0,0,0,0,1, , , , , , , , ,2,2,2,2,1,2, ,5, ,0,0,1,0,0,0,0,0,0,0,0,0,0,0,1,2,2, , , , , , , , , , , , , , , , , , , , , 
P0114,0,1,0,0,1,0,0,0,0,0,4,2,2,3,3,2,3,2,2,1,0,0,0,0,0,0,0,0,0,0,0,0,0,0,0,1,3,3,1,1,1,2,2,2, ,0,0,0,0,0,1,0,0,0,0,0,1,0,0,0,1,1, , , , , , , , , , , , , , , , , , , , , 
P0115,0,1,0,1,1,0,0,1,0,0,3,3,3,4,3,3,5,5,3,1,0,0,0,0,0,0,0,0,0,0,0,0,1,1,0,0,5,1,2,1,1,3,2,2, ,0,0,0,0,0,1,0,0,1,0,0,0,0,0,0,2,2,1,0,0,0,1,0,0,0,0,0,0,0,0,2,5,2,4,3,3,3,3
P0116,0,1,1,0,1,1,1,1,0,0,1,2,1,2,3,2,2,2,2,1,0,0,0,0,0,0,0,0,0,0,0,0,1,1,0,0,1,1,1,1,1,3,1,1, ,0,0,1,0,0,0,0,0,1,1,0,0,1,0,0,2,2,1,0,0,0,1,0,0,0,0,0,0,0,0,2,2,2,3,3,3,3,1
P0117,1,0,0,1,1,1,0,0,0,0,4,4,4,2,4,4,3,2,5,1,0,0,0,0,0,0,0,0,1,1,0,1,1,1,0,0,3,3,2,1,2,1,1, ,1,0,1,1,0,1,0,0,0,0,1,1,1,0,0,0,2,2,1,0,0,1,1,0,0,0,0,0,0,0,0,2,2,2,3,2,4,4,2
P0118,1,1,0,0,0,0,0,0,0,0,2,2,2,3,4,2,5,3,1, , , , , , , , , , , , , , , , , ,4,4,2,2,1,3, ,2, ,1,0,0,0,0,0,0,0,0,1,0,0,0,0,0,2,2, , , , , , , , , , , , , , , , , , , , , 
P0119,0,1,1,1,0,1,0,1,0,0,3,2,3,1,2,2,2,1,5,1,1,0,0,0,0,0,0,0,0,0,0,0,1,0,0,1,1,3,2,1,1,2,1,1, ,1,0,0,0,0,1,0,0,0,0,1,0,0,0,0,2,2,1,0,0,0,0,0,0,1,0,0,0,0,0,2,1,3,2,2,1,1,3
P0120,0,1,0,0,0,0,0,0,0,0,5,2,2,2,3,2,5,2,2,0,0,0,0,0,0,0,0,1, , , , , , , , ,3,3,2,2,2,2, , , ,1,1,0,0,0,0,0,0,0,0,0,0,1,0,0,3,3, , , , , , , , , , , , , , , , , , , , , 
P0121,0,1,0,0,1,0,0,1,0,0,1,1,2,2,2,2,1,1,2,1,1,1,1,0,0,0,0,0,1,0,0,0,1,1,1,0,1,1,1,1,1,1,1,1,1,1,1,0,1,1,0,0,0,1,0,0,1,1,0,0,2,2,1,1,0,0,1,1,1,0,0,0,0,0,0,1,2,3,2,1,1,1,1
P0122,0,0,0,0,1,0,0,0,0,0,1,1,1,1,1,1,1,1,2,0,0,0,0,0,0,1,0,0,0,0,0,0,1,0,0,0,1,1,1,1,1,1,1,1,1,0,0,1,0,0,0,0,0,0,1,0,0,0,0,0,1,1,0,0,0,0,1,0,0,0,0,0,0,0,0,1,1,3,2,3,1,2,3
P0123,0,0,0,0,1,1,0,1,0,0,1,1,1,5,2,1,3,3,3,1,0,0,0,0,0,0,0,0,0,0,0,0,0,0,1,0,1,3,1,1,1,2,1,1, ,1,0,1,1,1,0,0,0,0,1,0,0,0,0,0,2,2, , , , , , , , , , , , , , , , , , , , , 
P0124,1,0,0,0,0,0,0,0,0,0,2,2,2,4,2,5,5,2,2,0,0,0,0,0,0,0,0,1, , , , , , , , ,5,3,2,1,1,2,2,2, ,0,0,0,0,0,0,1,0, , , , , , , , , , , , , , , , , , , , , , , , , , , , , , 
P0125,1,1,0,0,0,0,0,1,0,0,2,2,5,4,4,2,5,2,6, , , , , , , , , , , , , , , , , ,5,5,3,2,1,2, ,2, ,1,0,0,0,0,0,0,0,1,1,0,0,0,0,0,2,2, , , , , , , , , , , , , , , , , , , , , 
P0126,1,1,0,0,0,1,0,1,0,0,2,2,2,4,4,2,4,2,3,1,0,0,1,0,0,0,0,0,0,1,0,1,0,1,1,0,3,3,2,2,1,2, ,1, ,0,1,1,0,0,1,0,0,1,1,0,0,1,0,0,2,2, , , , , , , , , , , , , , , , , , , , , 
P0127,1,0,0,0,0,0,0,1,0,0,1,1,1,2,1,2,2,3,3,1,1,0,0,0,0,0,0,0,0,1,0,0,1,0,0,0,2,2,1,1,1,2,1,2, ,1,1,0,1,0,0,0,0,0,0,0,1,1,0,0,2,1,0,0,0,0,0,1,1,0,1,0,0,0,0,1,1,1,3,3,3,3,2
P0128,0,1,0,0,0,0,0,1,0,0,2,3,2,2,2,2,2,2,2,1,0,0,0,0,0,0,0,0,0,0,0,0,1,1,0,0,1,2,1,1,1,1,2,2,2,0,1,1,0,0,0,0,0,0,0,1,1,0,0,0,2,2,1,0,1,1,0,0,0,0,0,0,0,0,0,2,2,2,4,3,3,3,1
P0129,1,0,1,1,1,0,1,1,0,0,1,1,1,1,1,1,1,1,4,1,0,0,1,0,0,0,0,0,1,1,1,1,0,1,0,0,2,2,1,1,1,1,1,1,1,1,0,0,0,1,1,0,0,1,0,1,1,1,0,0,2,2,1,1,1,1,1,1,0,0,0,0,1,0,0,1,1,3,2,2,2,2,3
P0130,0,0,0,0,1,0,0,1,0,0,2,2,3,4,2,2,3,2,1, , , , , , , , , , , , , , , , , ,3,3,2,1,2,2,2, , ,1,0,0,1,0,0,0,0,0,1,0,1,0,0,0,2,2, , , , , , , , , , , , , , , , , , , , , 
P0131,1,1,1,0,1,1,1,1,0,0,3,2,2,2,2,2,2,2,4,1,0,0,0,0,0,0,0,0,0,1,0,0,1,0,1,0,1,1,2,1,1,1,2,1,2,0,0,1,0,0,1,0,0,1,1,0,0,1,0,0,2,2,0,0,1,0,1,0,0,0,0,0,0,0,0,1,2,3,4,1,3,3,1
P0132,0,0,1,0,1,0,1,1,0,0,2,2,3,2,2,2,2,4,2,1,1,0,0,0,0,0,0,0,0,1,1,0,1,0,0,0,1,2,1,1,2,2,2, , ,0,1,0,1,0,0,0,0,0,1,0,0,0,0,0,2,1,1,0,0,0,1,0,0,0,0,0,0,0,0,2,2,1,1,1,1,1,1
P0133,1,1,0,0,0,0,0,0,0,0,2,2,3,3,4,2,5,2,2,1,0,0,0,0,0,0,0,0,0,0,0,0,0,0,0,1,4,3,2,2,1,2, ,2, ,1,0,0,0,0,0,0,0,0,0,0,0,1,0,0,2,2, , , , , , , , , , , , , , , , , , , , , 
P0134,1,1,1,1,1,0,1,1,0,0,2,2,3,2,1,1,1,2,5,1,1,0,0,0,0,1,0,0,1,0,1,0,1,0,0,0,1,1,1,1,1,1,1,1,1,1,0,0,1,1,0,0,0,1,0,1,1,0,0,0,2,2,0,0,0,1,1,1,0,0,0,0,0,0,0,1,1,1,4,2,3,2,2
P0135,0,1,1,0,0,0,0,0,0,0,2,1,1,4,4,1,3,3,2,0,0,0,0,0,0,0,1,0,0,0,0,0,0,0,0,1,4,5,2,2,2,2, , , ,0,0,0,0,0,0,1,0, , , , , , , , , , , , , , , , , , , , , , , , , , , , , , 
P0136,0,1,0,0,0,0,0,0,0,0,1,1,2,4,4,1,5,4,1, , , , , , , , , , , , , , , , , ,4,5,2,2,1,3, ,2, ,0,0,0,0,0,0,1,0, , , , , , , , , , , , , , , , , , , , , , , , , , , , , , 
P0137,0,0,1,0,0,0,0,0,0,0,5,1,1,1,1,1,1,1,6, , , , , , , , , , , , , , , , , ,4,4,3,1,1,2,5,1, ,0,0,0,0,1,0,0,0,0,0,0,1,0,0,0,2,2, , , , , , , , , , , , , , , , , , , , , 
P0138,0,0,0,0,1,0,0,1,0,0,2,2,2,2,3,2,4,1,4,1,0,0,0,0,0,0,0,0,1,0,0,0,0,0,0,0,5,5,3,1,2,2,2, , ,0,0,0,0,0,1,0,0,0,0,0,0,0,1,0,2,2, , , , , , , , , , , , , , , , , , , , , 
P0139,0,0,0,0,1,0,0,1,1,0,2,1,2,3,2,2,2,2,2,1,0,0,0,0,0,0,0,0,0,0,0,1,0,1,0,0,3,3,2,3,3,3, , , ,1,1,0,0,0,0,0,0,0,1,0,0,0,0,0,2,3, , , , , , , , , , , , , , , , , , , , , 
P0140,0,1,1,0,1,0,1,0,0,0,3,1,1,4,1,2,1,1,1, , , , , , , , , , , , , , , , , ,3,5,3,1,1,2,2,2, ,0,0,1,0,0,0,0,0,0,1,0,0,0,0,0,2,2, , , , , , , , , , , , , , , , , , , , , 
P0141,0,0,0,0,1,0,0,0,0,0,2,2,2,2,2,2,2,2,1, , , , , , , , , , , , , , , , , ,1,1,2,1,2,2,2, , ,0,0,0,0,1,0,0,0,0,1,0,0,0,0,0,2,2, , , , , , , , , , , , , , , , , , , , , 
P0142,0,0,1,0,1,0,0,1,0,0,3,2,2,3,2,3,5,1,1, , , , , , , , , , , , , , , , , ,3,3,2,2,2,2, , , ,0,0,0,0,0,0,1,0, , , , , , , , , , , , , , , , , , , , , , , , , , , , , , 
P0143,0,0,1,0,0,1,0,0,0,0,2,1,1,5,2,1,5,1,2,0,0,0,0,0,0,0,0,1, , , , , , , , ,5,5,3,3,2,3, , , ,0,0,0,0,0,0,1,0, , , , , , , , , , , , , , , , , , , , , , , , , , , , , , 
P0144,0,1,1,0,1,1,1,1,0,0,1,1,2,4,3,1,3,1,2,1,0,0,0,0,0,0,0,0,0,1,0,1,0,0,0,0,2,2,1,1,1,1,3,3,2,1,1,0,1,0,0,0,0,1,1,0,0,1,0,0,2,2, , , , , , , , , , , , , , , , , , , , , 
P0145,0,0,0,0,1,0,1,1,0,0,2,2,1,4,3,1,3,1,2,1,0,0,0,0,0,0,0,0,0,0,0,0,1,0,0,0,2,2,2,1,3,2,1, , ,0,1,0,0,0,0,0,0,0,1,0,0,0,0,0,3,1,0,0,0,0,1,1,0,0,0,0,1,0,0,2,2,2,2,2,2,4,2
P0146,0,0,0,0,1,1,0,1,0,0,2,1,2,5,2,1,3,2,2,0,0,0,1,0,0,0,0,0,0,0,0,0,0,0,0,1,2,2,1,1,1,2,1,2, ,1,0,0,0,0,0,0,0,0,1,0,0,0,0,0,2,2, , , , , , , , , , , , , , , , , , , , , 
P0147,0,1,0,0,0,1,0,1,0,0,1,2,2,1,3,2,5,2,3,0,1,0,0,0,0,0,0,0,1,1,0,0,1,0,0,0,2,1,1,1,1,1,1,2,1,1,1,1,0,1,0,0,0,1,1,0,1,0,0,0,2,2,0,1,1,1,1,0,0,0,0,0,0,0,0,2,1,2,1,3,2,3,1
P0148,1,1,1,0,0,0,1,0,0,0,1,1,1,2,2,2,1,1,2,1,1,0,0,0,0,0,0,0,1,1,1,1,1,0,0,0,3,3,2,1,1,2,2,2, ,1,0,1,0,0,0,0,0,1,0,0,0,1,0,0,2,2,1,0,0,0,1,0,0,1,0,1,0,0,0,3,2,2,4,3,3,3,1
P0149,0,0,0,0,1,0,0,0,0,0,2,2,1,4,2,1,3,2,2,0,0,0,0,0,0,0,1,0,0,1,0,0,0,0,0,0,3,4,2,1,2,2,2, , ,0,0,0,0,0,0,1,0, , , , , , , , , , , , , , , , , , , , , , , , , , , , , , 
P0150,1,1,1,0,1,1,0,1,0,0,1,2,1,2,3,2,2,2,4,1,0,0,0,0,0,0,0,0,1,1,0,0,1,0,1,0,2,1,3,1,1,1,2,2,2,1,0,0,0,0,0,0,0,0,1,0,0,0,0,0,2,2,0,0,0,0,1,0,0,0,0,1,0,0,0,2,2,2,4,3,3,3,3
P0151,0,0,0,0,0,1,1,0,0,0,4,2,5,4,4,1,2,2,2,0,0,0,0,0,0,0,0,1, , , , , , , , ,3,3,2,1,2,2,2, , ,0,0,0,0,1,0,0,0,0,1,0,0,1,0,0,2,2, , , , , , , , , , , , , , , , , , , , , 
P0152,1,1,0,0,0,0,0,0,0,0,2,2,5,5,4,2,5,5,1, , , , , , , , , , , , , , , , , ,4,4,2,2,1,2, ,2, ,0,0,0,0,0,0,1,0, , , , , , , , , , , , , , , , , , , , , , , , , , , , , , 
P0153,1,0,0,0,1,1,0,0,0,0,1,1,2,3,4,1,2,3,3,1,0,0,0,0,1,0,0,0,0,0,0,1,0,1,0,0,3,3,1,1,1,2,2,1, ,1,0,1,1,0,0,0,0,0,1,0,0,0,0,0,2,2, , , , , , , , , , , , , , , , , , , , , 
P0154,0,1,0,0,0,0,0,0,0,0,2,1,1,3,4,1,2,3,1, , , , , , , , , , , , , , , , , ,4,5,1,2,2,2, , , ,0,0,0,0,0,1,0,0,0,1,0,0,1,0,0,2,2, , , , , , , , , , , , , , , , , , , , , 
P0155,1,1,1,1,0,1,0,0,0,0,2,2,2,2,3,3,3,2,2,1,0,0,0,0,0,0,0,0,0,0,0,1,1,0,0,0,3,3,2,2,1,1, ,2,2,1,0,1,0,0,0,0,0,1,0,0,0,0,0,0,2,2,0,0,0,0,1,0,1,0,0,1,0,0,0,2,2,2,4,3,3,3,1
P0156,1,1,1,0,1,1,0,1,0,0,2,2,2,2,2,2,3,2,1, , , , , , , , , , , , , , , , , ,3,3,1,1,1,2,2,2, ,0,0,0,0,0,0,1,0, , , , , , , , , , , , , , , , , , , , , , , , , , , , , , 
P0157,0,1,0,1,1,0,0,0,0,0,1,1,1,1,1,1,1,1,4,1,1,0,0,0,0,0,0,0,0,0,0,0,1,0,0,0,2,1,1,1,1,1,1,1,1,1,0,0,0,0,0,0,0,0,1,1,0,0,0,0,2,2,1,0,0,0,0,1,0,0,0,0,0,0,0,1,1,3,3,1,1,1,1
P0158,0,0,0,0,0,0,0,0,0,1,2,2,1,2,3,2,2,2,2,0,0,0,0,0,0,0,0,1, , , , , , , , ,4,4,2,2,1,1, ,2,2,0,0,1,0,1,1,0,0,1,0,0,0,0,0,0,3,2, , , , , , , , , , , , , , , , , , , , , 
P0159,1,1,1,1,1,1,1,1,0,0,3,3,3,2,2,2,2,1,5,1,0,0,1,0,0,1,0,0,1,0,1,1,1,1,0,1,1,1,1,1,1,1,1,1,1,0,0,0,0,1,0,0,0,1,1,1,1,1,0,0,2,2,1,0,1,0,1,0,0,0,0,1,1,0,0,1,1,3,3,4,4,4,4
P0160,1,0,0,1,1,0,0,1,0,0,3,3,5,2,2,2,2,2,2,0,0,0,1,0,0,0,0,0,0,1,1,0,0,0,0,0,3,3,1,1,1,3,2,2, ,0,0,0,0,0,1,0,0,0,0,0,1,1,0,0,2,2,0,0,1,0,1,0,0,0,0,0,0,0,0,1,1,2,3,3,3,3,1
P0161,0,0,0,0,0,0,0,0,0,1,3,3,3,3,3,3,3,3,2,0,0,0,0,0,0,0,0,1, , , , , , , , ,3,3,2,2,2,2, , , ,0,1,0,0,0,0,0,0,0,1,0,0,0,0,0,3,2, , , , , , , , , , , , , , , , , , , , , 
P0162,0,1,0,1,1,1,0,1,0,0,2,2,2,2,3,2,2,2,2,1,0,0,0,0,0,0,0,0,0,0,0,0,1,0,1,0,2,3,1,1,1,2,1,1, ,0,1,1,1,0,0,0,0,0,1,0,0,1,0,0,2,2,0,0,0,0,1,0,0,0,0,0,0,0,0,2,2,2,4,1,3,3,3
P0163,0,0,0,0,0,0,0,1,0,0,4,5,3,4,4,3,5,2,6, , , , , , , , , , , , , , , , , ,3,4,2,2,2,2, , , ,0,0,0,0,0,1,0,0,1,1,0,0,0,0,0,2,2, , , , , , , , , , , , , , , , , , , , , 
P0164,0,0,0,0,0,0,0,0,0,1,3,3,3,3,4,2,5,2,1, , , , , , , , , , , , , , , , , ,5,5,2,2,1,3, ,2, ,0,0,0,0,0,0,1,0, , , , , , , , , , , , , , , , , , , , , , , , , , , , , , 
P0165,0,0,0,0,0,0,0,0,0,1,2,2,2,3,3,2,5,2,1, , , , , , , , , , , , , , , , , ,1,5,3,1,2,3,1, , ,0,0,0,0,0,0,1,0, , , , , , , , , , , , , , , , , , , , , , , , , , , , , , 
P0166,1,1,1,1,1,1,1,1,0,0,1,1,1,2,1,1,1,2,4,1,0,0,0,0,0,0,0,0,1,0,0,1,1,1,1,0,1,1,1,1,1,1,1,1,1,1,0,1,0,1,0,0,0,1,1,0,0,1,0,0,2,2,0,0,0,0,1,1,1,0,0,1,1,0,0,1,1,3,4,3,3,1,1
P0167,0,1,0,1,0,0,0,0,0,0,2,2,2,2,1,3,1,3,2,0,1,0,0,0,0,0,0,0,0,0,0,0,1,0,0,0,1,3,1,1,2,1,1, ,2,0,0,0,0,1,0,0,0,1,0,0,1,0,0,0,2,2,1,0,0,0,1,0,0,0,0,0,1,0,0,2,3,2,1,1,2,4,1
P0168,0,1,0,0,0,0,0,0,0,0,2,2,2,3,3,3,4,2,5,0,0,0,0,0,0,0,0,1, , , , , , , , ,3,3,1,1,2,2,2, , ,0,0,0,0,0,1,0,0,0,1,0,0,0,0,0,2,2, , , , , , , , , , , , , , , , , , , , , 
P0169,1,1,1,1,1,0,1,1,0,0,1,1,1,1,1,1,1,1,5,1,1,1,1,1,1,1,0,0,1,1,1,1,1,1,1,1,1,1,1,1,1,1,1,1,1,1,1,1,1,1,1,0,0,1,1,1,1,1,0,0,2,2,1,1,1,1,1,1,1,1,1,1,1,0,0,1,1,2,2,1,1,1,1
P0170,1,1,1,0,1,1,0,1,0,0,2,2,1,3,2,1,1,3,1, , , , , , , , , , , , , , , , , ,4,4,2,1,1,1,3,3,2,1,0,0,0,0,1,0,0,0,1,0,1,0,0,0,2,2, , , , , , , , , , , , , , , , , , , , , 
P0171,1,1,1,0,0,1,0,0,0,0,1,2,1,4,4,1,5,2,1, , , , , , , , , , , , , , , , , ,3,3,2,2,1,3, ,2, ,0,0,0,0,0,0,1,0, , , , , , , , , , , , , , , , , , , , , , , , , , , , , , 
P0172,0,0,0,0,1,0,0,0,0,0,2,2,2,4,3,2,3,2,1, , , , , , , , , , , , , , , , , ,2,4,1,2,2,2, , , ,0,0,0,0,0,0,1,0, , , , , , , , , , , , , , , , , , , , , , , , , , , , , , 
P0173,1,1,1,0,0,1,0,1,0,0,2,2,2,4,3,3,2,3,2,0,0,0,1,0,0,0,0,0,0,1,0,0,1,0,0,0,2,5,2,1,1,3,2,2, ,0,0,1,1,1,0,0,0,0,1,0,0,0,0,0,2,2,1,0,0,0,0,0,1,0,0,1,0,0,0,2,2,2,1,3,1,4,4
P0174,0,0,0,0,1,0,0,0,0,0,3,3,2,2,5,3,5,2,3,0,0,0,1,0,0,0,0,0,0,0,0,0,0,0,0,1,2,1,1,1,3,2,2, , ,0,1,1,0,0,0,0,0,0,1,0,0,0,0,0,2,3, , , , , , , , , , , , , , , , , , , , , 
P0175,0,0,0,0,0,0,0,0,0,1,4,2,4,3,4,3,4,2,1, , , , , , , , , , , , , , , , , ,1,2,1,1,1,1,1,3,2,0,0,1,0,0,0,0,0,0,0,0,0,0,0,1,1,3, , , , , , , , , , , , , , , , , , , , , 
P0176,0,1,0,0,0,0,0,0,0,0,2,1,1,5,3,3,5,3,1, , , , , , , , , , , , , , , , , ,3,3,2,1,1,2,1,1, ,1,0,0,0,0,0,0,0,0,1,0,0,0,0,0,2,2, , , , , , , , , , , , , , , , , , , , , 
P0177,0,0,0,0,0,1,0,1,0,0,2,3,2,3,3,2,2,3,2,0,0,0,1,0,0,0,0,0,0,0,0,0,1,0,0,0,2,2,3,1,1,2,2,2, ,0,0,0,1,0,0,0,0,0,1,0,0,0,0,0,2,2,1,0,0,0,0,0,0,0,0,0,0,0,0,2,2,2,4,4,4,3,3
P0178,0,1,0,1,1,0,0,1,0,0,2,2,2,2,3,3,3,2,4,1,0,0,0,0,0,0,0,0,0,1,1,0,0,0,0,1,3,3,2,1,1,2,2,2, ,0,1,0,0,0,0,0,0,0,1,0,0,0,0,0,2,2,0,1,0,0,0,0,0,0,0,0,0,0,0,1,2,2,4,3,3,3,3
P0179,0,0,0,0,0,0,0,0,0,1,3,3,3,3,3,3,3,3,6, , , , , , , , , , , , , , , , , ,4,4,2,2,2,2, , , ,1,0,0,0,0,0,0,0,0,0,0,0,0,0,1,3,3, , , , , , , , , , , , , , , , , , , , , 
P0180,1,0,0,1,1,0,1,1,0,0,2,1,3,2,3,1,2,1,4,1,0,0,0,0,0,0,0,0,1,0,0,0,0,0,0,0,3,3,1,1,1,3,2,2, ,1,1,1,0,1,0,0,0,0,0,0,1,0,0,0,2,2,1,1,0,1,1,0,0,0,0,0,0,0,0,2,5,2,1,3,1,3,1
P0181,0,1,0,0,0,0,0,0,0,0,2,2,2,2,3,2,5,3,1, , , , , , , , , , , , , , , , , ,4,3,3,2,2,2, , , ,0,0,0,0,0,0,1,0, , , , , , , , , , , , , , , , , , , , , , , , , , , , , , 
P0182,0,0,0,0,0,0,0,0,1,0,3,2,2,3,3,2,3,2,2,1,0,0,0,0,0,0,0,0,0,0,1,0,0,0,0,0,5,5,2,1,2,2,5, , ,0,0,0,0,0,0,1,0, , , , , , , , , , , , , , , , , , , , , , , , , , , , , , 
P0183,1,1,1,0,1,0,0,1,0,0,2,1,1,1,2,2,1,1,4,1,0,0,1,0,0,0,0,0,0,0,0,1,1,1,0,0,1,1,2,1,1,1,1,1,1,1,0,1,0,1,0,0,0,1,0,1,1,0,0,0,2,2,1,0,1,0,1,0,1,1,0,0,0,0,0,1,1,2,3,1,1,3,1
P0184,0,1,0,0,0,1,0,0,0,0,3,2,2,3,3,2,5,2,2,1,0,0,0,0,0,0,0,0,0,0,0,0,0,0,0,1,3,3,2,1,2,2,2, , ,0,0,0,0,0,0,1,0, , , , , , , , , , , , , , , , , , , , , , , , , , , , , , 
P0185,0,0,0,0,1,1,0,1,0,0,1,1,1,2,1,2,2,1,4,0,1,1,1,0,0,0,0,0,0,0,1,0,1,1,0,0,1,1,1,1,1,2,1,1, ,0,0,1,1,1,0,0,0,1,1,1,0,0,0,0,2,2,1,0,0,0,1,0,0,0,0,0,1,0,0,1,2,3,2,2,2,1,1
P0186,0,0,1,0,1,0,0,0,0,0,3,2,2,4,3,2,3,2,1, , , , , , , , , , , , , , , , , ,3,3,2,1,2,2,2, , ,0,0,0,0,0,0,1,0, , , , , , , , , , , , , , , , , , , , , , , , , , , , , , 
P0187,0,1,1,0,0,0,0,0,0,0,2,2,2,2,3,1,3,1,2,0,0,0,0,0,0,0,0,1, , , , , , , , ,3,4,3,2,1,2, ,2, ,0,0,0,0,0,0,1,0, , , , , , , , , , , , , , , , , , , , , , , , , , , , , , 
P0188,1,0,0,0,1,0,0,1,0,0,2,1,2,4,3,2,2,2,1, , , , , , , , , , , , , , , , , ,2,2,1,1,1,1,2,2,2,1,0,1,0,1,0,0,0,1,1,0,0,1,0,0,2,2, , , , , , , , , , , , , , , , , , , , , 
P0189,0,0,1,0,1,0,1,0,0,0,2,2,1,2,2,3,1,3,2,0,0,0,1,0,0,0,0,0,0,0,0,0,0,1,0,0,2,2,1,1,1,2,2,1, ,1,0,0,0,0,0,0,0,0,0,0,0,1,0,0,1,1, , , , , , , , , , , , , , , , , , , , , 
P0190,1,1,1,1,1,1,1,1,0,0,2,2,2,2,2,2,2,2,5,1,0,0,0,0,0,0,1,0,1,1,0,0,1,1,1,1,3,5,1,1,1,2,2,2, ,1,1,1,1,1,0,0,0,1,1,1,1,0,0,0,2,2,0,0,0,1,0,0,0,0,0,0,0,0,0,1,1,2,4,3,3,3,3
P0191,0,0,0,0,0,0,0,1,0,0,2,2,2,4,3,1,3,2,1, , , , , , , , , , , , , , , , , ,3,3,2,2,1,2, ,2, ,1,1,1,1,0,0,0,0,0,1,0,0,0,0,0,2,2, , , , , , , , , , , , , , , , , , , , , 
P0192,1,1,0,0,0,0,0,0,0,0,2,2,2,4,4,2,4,4,1, , , , , , , , , , , , , , , , , ,4,4,2,2,1,2, ,2, ,0,0,0,0,0,0,1,0, , , , , , , , , , , , , , , , , , , , , , , , , , , , , , 
P0193,0,1,0,0,0,0,0,1,0,0,3,2,2,3,2,2,3,2,1, , , , , , , , , , , , , , , , , ,3,3,2,1,2,2,2, , ,1,0,1,0,0,0,0,0,1,0,0,0,0,0,0,2,2, , , , , , , , , , , , , , , , , , , , , 
P0194,0,0,0,0,0,0,0,1,0,0,3,1,1,1,1,1,1,1,1, , , , , , , , , , , , , , , , , ,2,2,1,1,1,2,2,2, ,0,1,0,0,0,0,0,0,1,1,0,0,1,0,0,2,2, , , , , , , , , , , , , , , , , , , , , 
P0195,0,1,1,1,1,1,1,1,0,0,4,2,2,2,2,3,1,2,5,1,1,0,0,0,0,0,0,0,0,0,0,0,1,1,0,1,2,1,1,1,2,1,1, ,1,1,0,1,0,0,0,0,0,0,1,1,1,0,0,0,2,2,1,0,1,0,1,0,0,0,0,0,0,0,0,1,2,2,4,1,1,3,1
P0196,0,1,1,0,1,0,1,0,0,0,3,1,1,2,1,1,1,2,2,1,0,0,0,0,0,0,0,0,0,1,0,0,0,0,1,0,3,3,1,1,1,1,2,2,2,0,1,1,0,0,0,0,0,0,1,0,0,0,0,0,2,2, , , , , , , , , , , , , , , , , , , , , 
P0197,0,1,0,0,1,0,0,1,0,0,1,2,2,3,2,2,2,2,1, , , , , , , , , , , , , , , , , ,3,3,1,2,1,2, ,2, ,1,0,0,0,0,0,0,0,1,0,0,1,1,0,0,2,2, , , , , , , , , , , , , , , , , , , , , 
P0198,1,1,0,1,1,0,0,1,0,0,3,2,2,2,2,2,2,1,4,0,1,0,0,0,0,0,0,0,1,0,0,0,1,0,0,0,1,1,1,1,1,1,2,2,2,0,0,1,0,0,0,0,0,0,1,0,0,0,0,0,2,2,1,0,1,0,1,0,0,0,0,0,0,0,0,2,1,1,4,3,3,3,3
P0199,0,1,0,0,1,0,0,0,0,0,2,2,2,3,2,2,3,2,1, , , , , , , , , , , , , , , , , ,3,3,2,1,1,2,2,2, ,0,0,0,0,0,0,1,0, , , , , , , , , , , , , , , , , , , , , , , , , , , , , , 
P0200,1,1,1,1,1,1,1,1,0,0,2,1,2,3,3,2,2,2,2,1,0,0,0,0,0,0,0,0,0,0,0,0,0,0,0,1,1,1,1,1,1,1,1,1,1,1,0,1,1,1,0,0,0,1,1,1,1,1,0,0,2,2,1,1,1,1,1,1,1,1,0,1,1,0,0,1,2,2,4,3,1,2,2
P0201,0,0,0,0,0,1,0,0,0,0,3,2,2,5,4,2,5,3,1, , , , , , , , , , , , , , , , , ,3,3,2,2,2,3, , , ,0,0,0,0,0,0,1,0, , , , , , , , , , , , , , , , , , , , , , , , , , , , , , 
P0202,0,1,0,1,1,1,0,1,0,0,3,4,3,2,2,4,3,2,3,1,0,0,0,0,0,0,0,0,1,0,0,1,0,1,0,0,1,3,1,1,1,1,1,3,2,0,1,0,0,1,0,0,0,0,1,0,0,0,0,0,2,2,0,0,0,1,0,0,0,0,0,0,0,0,0,2,2,2,4,4,3,3,4
P0203,0,1,0,0,0,0,0,0,0,0,2,2,2,2,2,2,2,2,2,0,0,0,0,0,0,0,0,1, , , , , , , , ,3,3,2,2,1,2, ,2, ,0,0,0,0,0,0,1,0, , , , , , , , , , , , , , , , , , , , , , , , , , , , , , 
P0204,0,1,0,0,1,0,0,1,0,0,2,3,3,2,2,2,2,2,1, , , , , , , , , , , , , , , , , ,3,3,2,2,2,3, , , ,0,0,0,0,0,0,1,0, , , , , , , , , , , , , , , , , , , , , , , , , , , , , , 
P0205,0,1,1,1,1,0,0,1,0,0,3,3,1,2,2,2,2,2,2,1,0,0,1,0,0,0,0,0,0,1,0,0,1,1,0,0,1,1,1,1,2,1,2, ,2,1,0,1,0,0,0,0,0,1,1,1,0,0,0,0,2,2,1,0,0,0,0,0,1,0,0,1,0,0,0,2,2,2,3,3,3,3,3
P0206,0,0,0,0,0,0,0,0,1,0,4,4,4,5,4,4,4,4,5,1,0,0,0,0,0,0,0,0,0,0,1,0,0,0,0,0,2,3,2,2,2,2, , , ,1,0,0,0,0,0,0,0,0,0,1,0,0,0,0,1,1, , , , , , , , , , , , , , , , , , , , , 
P0207,1,1,0,1,1,1,0,1,0,0,1,1,1,1,1,1,1,1,5,1,0,0,1,0,0,0,0,0,0,0,0,1,1,0,1,0,2,2,1,1,1,1,1,1,1,1,1,1,0,0,0,0,0,0,0,1,1,0,0,0,2,2,0,0,0,0,1,1,1,1,0,0,0,0,0,1,1,2,4,3,3,3,1
P0208,0,0,0,0,0,1,0,0,0,0,2,1,2,3,4,2,2,3,4,0,0,0,0,0,0,0,0,1, , , , , , , , ,3,3,3,2,2,2, , , ,0,0,0,0,0,0,1,0, , , , , , , , , , , , , , , , , , , , , , , , , , , , , , 
P0209,0,1,0,0,0,0,0,0,0,0,2,1,2,3,3,2,3,2,6, , , , , , , , , , , , , , , , , ,5,5,3,1,1,3,2,2, ,0,0,0,0,0,0,1,0, , , , , , , , , , , , , , , , , , , , , , , , , , , , , , 
P0210,1,1,1,0,1,0,0,1,0,0,2,2,2,2,2,2,2,2,3,1,0,1,0,0,0,0,0,0,0,0,0,0,0,0,0,1,3,1,2,1,1,2,1,1, ,1,0,0,1,0,1,0,0,0,0,1,1,0,0,0,2,2, , , , , , , , , , , , , , , , , , , , , 
P0211,0,0,0,0,0,0,0,0,0,1,5,5,5,5,5,5,5,5,1, , , , , , , , , , , , , , , , , ,3,5,3,3,3,3, , , ,0,0,0,0,0,0,1,0, , , , , , , , , , , , , , , , , , , , , , , , , , , , , , 
P0212,0,1,0,0,0,0,0,0,0,0,3,1,2,3,4,2,3,2,1, , , , , , , , , , , , , , , , , ,5,5,2,3,2,3, , , ,0,0,0,0,0,0,1,0, , , , , , , , , , , , , , , , , , , , , , , , , , , , , , 
P0213,0,1,0,1,1,0,0,1,0,0,1,1,1,1,1,1,1,1,4,1,0,0,1,0,0,0,0,0,1,1,0,1,0,0,1,0,3,3,2,1,1,1,2,2,2,0,1,1,1,1,0,0,0,1,0,0,0,0,0,0,2,2,0,0,0,0,0,0,1,0,0,1,0,0,0,1,2,4,5,4,4,3,1
P0214,1,0,0,0,1,0,0,0,0,0,4,4,4,4,4,4,4,4,3,0,0,0,1,0,0,0,0,0,1,0,0,0,0,0,0,1,2,3,1,1,2,1,1, ,3,0,1,0,0,0,1,0,0,0,0,0,1,1,0,0,2,1, , , , , , , , , , , , , , , , , , , , , 
P0215,0,1,1,0,1,0,0,0,0,0,2,2,2,2,2,2,2,2,1, , , , , , , , , , , , , , , , , ,1,2,1,2,2,1, , ,2,0,0,1,0,0,0,0,0,0,0,0,1,0,0,0,1,1, , , , , , , , , , , , , , , , , , , , , 
P0216,0,1,0,1,1,0,0,1,0,0,2,1,2,2,2,1,2,1,5,1,1,1,0,0,0,0,0,0,0,1,0,1,1,0,0,0,1,1,2,1,1,1,1,1,2,1,0,0,0,0,0,0,0,0,0,1,0,0,0,0,2,2,1,0,0,0,1,0,0,0,0,0,0,0,0,1,1,2,4,3,3,3,1
P0217,0,0,0,0,0,0,0,0,0,1,2,2,2,3,4,4,2,3,1, , , , , , , , , , , , , , , , , ,3,3,2,2,1,2, ,2, ,0,0,0,0,0,0,1,0, , , , , , , , , , , , , , , , , , , , , , , , , , , , , , 
P0218,0,1,0,0,1,1,1,1,0,0,1,1,2,3,3,2,2,2,1, , , , , , , , , , , , , , , , , ,3,3,2,1,1,2,1,1, ,0,0,0,0,0,1,0,0,0,1,0,1,1,0,0,2,2, , , , , , , , , , , , , , , , , , , , , 
P0219,0,0,0,0,1,0,0,0,0,0,1,1,1,1,1,1,1,1,1, , , , , , , , , , , , , , , , , ,2,2,2,1,1,1,1,1,1,0,0,0,1,0,0,0,0,0,0,0,1,0,0,0,2,2, , , , , , , , , , , , , , , , , , , , , 
P0220,1,0,0,0,1,1,0,0,0,0,3,4,5,2,2,2,3,2,3,1,0,0,0,0,0,0,0,0,0,1,1,1,0,0,1,1,3,3,2,1,3,2,5, , ,0,0,0,1,0,0,0,0,0,1,0,0,0,0,0,3,2, , , , , , , , , , , , , , , , , , , , , 
P0221,1,1,1,0,1,0,1,1,0,0,1,1,1,2,2,2,1,1,2,1,0,0,0,0,0,0,0,0,0,1,1,0,0,0,0,0,3,3,1,2,1,2, ,1, ,1,0,1,1,0,0,0,0,1,1,0,0,0,0,0,2,2, , , , , , , , , , , , , , , , , , , , , 
P0222,0,0,0,0,0,0,0,0,0,1,5,5,5,5,5,5,5,5,6, , , , , , , , , , , , , , , , , ,5,5,3,3,3,3, , , ,0,0,0,0,0,0,0,1, , , , , , , , , , , , , , , , , , , , , , , , , , , , , , 
P0223,0,1,1,0,0,0,0,0,0,0,3,2,2,4,4,2,5,2,1, , , , , , , , , , , , , , , , , ,2,2,3,2,2,2, , , ,0,0,0,0,0,0,1,0, , , , , , , , , , , , , , , , , , , , , , , , , , , , , , 
P0224,0,1,1,0,1,1,0,1,0,0,2,2,1,3,2,2,2,2,2,1,0,0,0,0,0,1,0,0,0,0,0,0,0,0,1,0,3,3,1,1,1,1,2,2,2,0,1,0,0,0,0,0,0,0,1,0,0,0,0,0,2,2, , , , , , , , , , , , , , , , , , , , , 
P0225,0,1,1,0,0,0,0,0,0,0,2,1,1,3,2,2,1,2,2,0,0,0,0,0,0,0,0,1, , , , , , , , ,3,3,2,1,1,2,2,2, ,0,0,0,0,1,0,0,0,0,1,0,0,0,0,0,2,2, , , , , , , , , , , , , , , , , , , , , 
P0226,0,0,0,0,0,1,0,0,0,0,2,2,4,4,4,5,3,2,1, , , , , , , , , , , , , , , , , ,4,3,2,2,1,3, ,2, ,0,0,0,0,0,0,1,0, , , , , , , , , , , , , , , , , , , , , , , , , , , , , , 
P0227,0,0,0,0,1,1,0,1,0,0,3,2,2,3,4,2,3,2,2,1,0,0,0,0,0,0,0,0,0,0,0,0,1,1,1,0,5,5,2,1,1,2,1,1, ,1,0,1,1,1,1,0,0,1,0,0,1,1,0,0,2,2,1,0,1,0,1,1,1,1,0,1,0,0,0,2,2,1,4,4,2,3,1
P0228,0,1,0,0,1,0,0,1,0,0,2,2,2,2,2,2,2,2,2,0,0,0,0,0,0,0,1,0,0,0,0,0,0,1,0,0,3,3,2,1,1,2,2,2, ,1,0,0,1,0,0,0,0,0,1,0,0,0,0,0,3,2, , , , , , , , , , , , , , , , , , , , , 
P0229,0,0,0,0,1,0,0,0,0,0,2,1,2,2,3,2,3,2,2,1,0,0,0,0,0,0,0,0,0,0,0,1,0,0,0,0,1,1,1,1,1,1,2,1,2,1,0,0,0,0,0,0,0,0,0,1,0,0,0,0,2,2, , , , , , , , , , , , , , , , , , , , , 
P0230,1,1,0,0,1,1,0,0,0,0,1,2,3,3,2,1,3,2,3,1,1,0,1,0,1,0,0,0,0,0,1,1,1,0,1,0,2,1,1,1,1,2,1,1, ,0,0,0,1,0,0,0,0,0,0,0,0,1,0,0,2,2,0,0,0,0,1,0,1,0,0,1,0,0,0,2,2,3,3,1,1,1,1
P0231,1,1,1,1,1,1,1,1,0,0,2,2,2,2,2,2,2,2,5,1,1,0,1,0,0,0,0,0,1,1,1,1,1,1,1,1,2,2,1,1,1,1,1,1,1,1,1,0,1,0,0,0,0,1,1,1,1,1,0,0,2,2,0,0,1,1,1,0,1,0,0,1,1,0,0,2,2,1,2,1,1,2,1
P0232,0,1,0,0,0,0,0,0,0,0,3,1,3,4,3,1,5,1,6, , , , , , , , , , , , , , , , , ,3,4,3,2,2,3, , , ,0,0,1,0,0,0,0,0,0,1,0,0,0,0,0,2,2, , , , , , , , , , , , , , , , , , , , , 
P0233,1,1,1,0,0,1,0,0,0,0,2,1,1,3,3,2,2,2,1, , , , , , , , , , , , , , , , , ,3,3,2,1,1,3,2,2, ,0,0,0,0,0,0,1,0, , , , , , , , , , , , , , , , , , , , , , , , , , , , , , 
P0234,1,1,0,0,1,0,0,1,0,0,1,1,1,2,1,1,1,1,4,1,0,0,0,0,0,0,0,0,0,0,0,1,1,0,0,0,1,2,1,1,1,2,1,1, ,1,1,0,0,1,1,0,0,0,1,0,1,0,0,0,2,2,0,0,1,0,0,0,0,0,0,1,0,0,0,1,2,1,2,2,1,1,1
P0235,0,1,1,0,1,1,0,1,0,0,1,1,1,2,2,1,1,2,2,1,1,0,0,0,0,0,0,0,0,0,0,0,0,1,0,0,3,3,3,1,1,3,2,2, ,1,0,1,1,1,0,0,0,1,1,0,0,0,0,0,2,2, , , , , , , , , , , , , , , , , , , , , 
P0236,0,0,1,0,0,1,0,0,0,0,2,2,1,3,4,2,5,2,2,1,0,0,0,0,0,0,0,0,0,0,0,0,0,0,0,1,4,3,3,2,2,2, , , ,0,0,0,0,0,0,1,0, , , , , , , , , , , , , , , , , , , , , , , , , , , , , , 
P0237,0,1,0,0,0,0,0,0,0,0,4,1,1,2,5,1,5,2,1, , , , , , , , , , , , , , , , , ,4,4,2,2,1,2, ,1, ,1,0,0,1,1,0,0,0,0,0,0,0,0,1,0,1,2, , , , , , , , , , , , , , , , , , , , , 
P0238,0,1,0,0,0,0,0,0,0,0,3,2,2,3,4,2,4,4,1, , , , , , , , , , , , , , , , , ,5,5,3,2,2,2, , , ,0,0,0,0,0,0,1,0, , , , , , , , , , , , , , , , , , , , , , , , , , , , , , 
P0239,1,0,0,0,1,0,1,1,0,0,3,4,3,3,3,3,4,4,3,1,1,0,0,0,1,1,0,0,1,0,0,0,1,1,0,0,2,1,2,1,1,3,2,2, ,1,0,0,0,1,1,0,0,0,1,1,1,0,0,0,1,1,1,0,1,0,0,0,1,0,0,0,0,0,0,2,2,1,2,3,3,1,1
P0240,0,1,1,0,1,0,0,0,0,0,2,1,2,4,3,2,3,2,3,1,0,0,0,0,0,0,0,0,1,1,1,1,1,1,0,0,3,3,1,1,1,2,1,2, ,0,1,0,1,0,0,0,0,0,1,0,1,0,0,0,2,2,0,0,1,0,1,0,1,1,0,0,0,0,0,2,1,2,4,3,3,3,3
P0241,1,1,0,0,0,1,1,0,0,0,2,2,2,4,4,1,2,3,2,1,0,0,0,0,0,0,0,0,0,0,1,0,0,0,1,0,5,3,1,1,1,2,2,2, ,0,1,1,0,0,0,0,0,1,1,0,0,0,0,0,2,2, , , , , , , , , , , , , , , , , , , , , 
P0242,0,0,0,0,0,1,0,0,0,0,3,2,2,3,3,1,2,2,1, , , , , , , , , , , , , , , , , ,3,3,2,2,2,3, , , ,0,0,0,0,0,0,1,0, , , , , , , , , , , , , , , , , , , , , , , , , , , , , , 
P0243,0,1,0,1,1,0,0,1,0,0,2,1,2,1,2,3,2,2,3,1,0,0,0,0,0,0,0,0,1,0,0,0,0,1,1,1,1,3,1,1,2,1,1, ,1,1,0,1,1,1,0,0,0,1,0,1,0,0,0,0,2,2,0,1,0,0,1,0,0,1,0,0,0,0,0,1,1,3,4,3,1,3,1
P0244,0,1,1,0,1,1,0,1,0,0,4,2,2,5,3,2,5,3,1, , , , , , , , , , , , , , , , , ,5,5,2,1,2,3,2, , ,0,0,0,0,0,0,1,0, , , , , , , , , , , , , , , , , , , , , , , , , , , , , , 
P0245,0,0,0,0,0,0,0,0,0,1,2,2,5,3,5,2,3,2,6, , , , , , , , , , , , , , , , , ,3,5,2,2,2,2, , , ,0,0,0,0,0,0,0,1, , , , , , , , , , , , , , , , , , , , , , , , , , , , , , 
P0246,1,0,1,0,1,0,0,0,0,0,2,2,2,4,3,2,3,2,1, , , , , , , , , , , , , , , , , ,5,5,2,1,1,3,2,2, ,1,0,0,0,0,0,0,0,0,0,0,1,1,0,0,2,2, , , , , , , , , , , , , , , , , , , , , 
P0247,1,1,1,1,1,1,0,1,0,0,2,2,1,2,2,1,2,2,4,1,1,0,0,0,0,0,0,0,1,1,0,1,1,1,1,0,2,3,1,1,1,1,2,2,2,1,0,0,0,0,1,0,0,0,1,1,1,1,0,0,2,2,1,0,1,0,1,1,0,0,0,0,0,0,0,2,2,2,4,3,3,3,1
P0248,1,1,0,0,0,0,0,0,0,0,2,1,5,5,5,1,5,5,1, , , , , , , , , , , , , , , , , ,3,3,2,2,1,2, ,2, ,0,0,0,0,0,0,1,0, , , , , , , , , , , , , , , , , , , , , , , , , , , , , , 
P0249,1,1,0,0,1,0,0,1,0,0,1,2,2,1,2,2,2,2,5,0,1,1,1,0,0,0,0,0,1,1,0,0,1,0,0,0,2,2,1,1,1,2,3,1, ,0,1,1,0,1,0,0,0,1,1,0,0,1,0,0,2,2,1,1,0,0,0,0,0,0,0,0,1,0,0,2,1,3,3,1,3,1,1
P0250,1,1,1,1,1,1,1,1,0,0,1,1,1,1,1,1,1,1,2,1,1,0,0,0,0,0,0,0,0,1,0,0,0,1,1,0,1,1,1,1,1,1,2,2,2,0,1,0,0,0,0,0,0,0,0,1,0,0,0,0,2,2,1,1,1,1,1,1,1,1,1,1,1,0,0,2,2,3,1,2,2,1,1
P0251,0,1,0,0,0,0,0,0,0,0,4,3,2,4,4,3,5,2,1, , , , , , , , , , , , , , , , , ,4,4,2,2,2,2, , , ,0,0,0,0,0,0,1,0, , , , , , , , , , , , , , , , , , , , , , , , , , , , , , 
P0252,0,0,0,0,1,1,0,0,0,0,2,2,2,4,2,2,4,2,1, , , , , , , , , , , , , , , , , ,5,5,3,1,2,2,1, , ,0,0,0,0,1,0,0,0,0,1,0,0,0,0,0,2,2, , , , , , , , , , , , , , , , , , , , , 
P0253,1,1,1,0,1,1,1,1,0,0,4,4,4,4,2,4,4,2,1, , , , , , , , , , , , , , , , , ,4,5,3,1,1,3,2,2, ,0,0,0,0,0,0,1,0, , , , , , , , , , , , , , , , , , , , , , , , , , , , , , 
P0254,0,0,0,0,0,0,0,1,0,0,3,3,3,3,3,3,3,3,1, , , , , , , , , , , , , , , , , ,3,3,1,2,3,3, , , ,0,0,0,0,0,0,1,0, , , , , , , , , , , , , , , , , , , , , , , , , , , , , , 
P0255,0,1,0,0,0,0,0,1,0,0,3,1,1,3,4,1,2,3,2,0,0,0,0,0,0,0,0,1, , , , , , , , ,3,3,2,2,2,2, , , ,0,0,0,0,0,0,1,0, , , , , , , , , , , , , , , , , , , , , , , , , , , , , , 
P0256,0,1,1,0,1,0,0,0,0,0,4,3,2,5,4,3,5,3,2,1,0,0,0,0,0,0,0,0,0,0,0,0,0,0,0,1,3,3,2,1,2,2,2, , ,0,1,0,0,0,0,0,0,1,0,0,1,0,0,0,2,3, , , , , , , , , , , , , , , , , , , , , 
P0257,0,0,0,0,0,1,0,0,0,0,2,2,2,5,3,2,5,2,1, , , , , , , , , , , , , , , , , ,3,3,1,2,2,2, , , ,0,0,0,0,0,0,1,0, , , , , , , , , , , , , , , , , , , , , , , , , , , , , , 
P0258,0,1,0,0,1,0,0,1,0,0,4,2,1,3,1,1,2,1,6, , , , , , , , , , , , , , , , , ,2,2,1,1,2,2,2, , ,0,1,0,1,1,0,0,0,1,1,0,0,0,0,0,2,2, , , , , , , , , , , , , , , , , , , , , 
P0259,1,0,0,0,1,0,1,0,0,0,2,3,2,4,2,2,2,2,2,1,1,0,0,0,0,0,0,0,0,0,1,0,0,1,0,0,2,3,1,1,2,1,1, ,2,0,1,0,0,1,0,0,0,1,1,0,0,1,0,0,2,2, , , , , , , , , , , , , , , , , , , , , 
P0260,0,0,0,0,0,0,0,0,0,1,3,3,3,3,2,3,2,2,2,1,0,0,0,0,0,0,0,0,0,0,0,0,0,0,0,1,2,2,2,1,1,2,2,2, ,0,0,0,0,0,1,0,0,0,0,0,1,0,0,0,2,2, , , , , , , , , , , , , , , , , , , , , 
P0261,1,1,0,0,0,1,0,0,0,0,3,3,3,4,3,3,3,3,2,1,0,0,0,0,0,0,0,0,0,0,0,0,0,0,0,1,5,5,1,2,2,2, , , ,0,0,0,0,0,1,0,0,1,1,0,0,1,0,0,3,2, , , , , , , , , , , , , , , , , , , , , 
P0262,0,1,1,0,1,0,0,0,0,0,3,1,2,2,3,2,2,2,2,1,0,0,0,0,0,0,0,0,0,0,0,0,0,0,0,1,3,3,2,1,2,1,2, ,2,1,0,0,0,0,0,0,0,0,1,0,0,0,0,0,2,2, , , , , , , , , , , , , , , , , , , , , 
P0263,0,1,0,0,1,0,0,0,0,0,2,2,2,2,3,2,2,2,1, , , , , , , , , , , , , , , , , ,1,1,2,1,2,2,1, , ,0,0,0,0,0,0,1,0, , , , , , , , , , , , , , , , , , , , , , , , , , , , , , 
P0264,1,1,1,0,0,1,0,1,0,0,2,2,2,4,3,2,3,2,2,0,0,0,0,0,0,0,0,1, , , , , , , , ,3,3,2,2,1,2, ,2, ,0,0,0,0,0,0,1,0, , , , , , , , , , , , , , , , , , , , , , , , , , , , , , 
P0265,0,0,0,0,1,0,0,1,0,0,2,3,2,4,4,3,1,1,1, , , , , , , , , , , , , , , , , ,2,4,2,1,2,2,2, , ,1,0,0,0,0,0,0,0,1,0,0,0,0,0,0,2,1, , , , , , , , , , , , , , , , , , , , , 
P0266,0,0,1,0,0,0,0,0,0,0,2,2,1,4,3,1,2,2,6, , , , , , , , , , , , , , , , , ,5,3,2,2,1,3, ,2, ,0,0,0,0,0,0,1,0, , , , , , , , , , , , , , , , , , , , , , , , , , , , , , 
P0267,0,1,0,0,0,0,0,0,0,0,2,2,1,3,3,2,2,2,1, , , , , , , , , , , , , , , , , ,2,4,2,2,2,2, , , ,0,0,0,0,1,0,0,0,0,1,0,0,0,0,0,1,1, , , , , , , , , , , , , , , , , , , , , 
P0268,0,1,0,0,0,1,0,0,0,0,3,2,5,4,3,3,3,2,2,1,0,0,0,0,0,0,0,0,1,0,0,0,1,0,0,0,3,3,2,2,1,2, ,2, ,0,0,0,0,0,0,0,1, , , , , , , , , ,0,0,0,0,0,0,0,0,0,1,0,0,0,2,5,2,4,3,3,3,3
P0269,1,0,0,0,0,1,1,1,0,0,1,1,2,3,1,2,1,2,5,1,0,0,0,0,0,0,0,0,0,0,1,0,0,0,0,0,2,1,1,1,1,1,2,2,1,0,0,0,0,1,0,0,0,0,0,0,0,1,0,0,2,2, , , , , , , , , , , , , , , , , , , , , 
P0270,0,1,0,0,0,0,0,0,0,0,2,2,2,3,4,2,5,2,2,0,0,0,0,0,0,0,0,1, , , , , , , , ,3,3,2,2,2,2, , , ,0,0,0,0,0,0,1,0, , , , , , , , , , , , , , , , , , , , , , , , , , , , , , 
P0271,1,1,0,0,1,1,1,1,0,0,2,2,2,4,4,2,3,3,2,1,0,0,0,0,0,0,1,0,1,0,0,0,0,0,1,1,3,3,2,1,1,1,1,1,2,0,1,1,0,0,1,0,0,1,1,0,0,1,0,0,2,2, , , , , , , , , , , , , , , , , , , , , 
P0272,0,1,1,1,1,1,1,0,0,0,1,1,1,1,1,1,2,2,4,1,0,0,0,0,1,1,0,0,0,0,0,1,0,1,1,1,1,1,1,1,1,1,1,1,1,1,1,1,1,0,1,0,0,1,0,1,1,1,0,0,2,2,1,0,0,1,1,1,1,1,0,0,1,0,0,1,1,2,1,1,1,3,1
P0273,0,1,0,0,0,0,1,0,0,0,3,2,2,5,4,1,2,3,3,0,0,0,0,0,0,0,1,0,0,0,0,0,0,0,0,1,2,2,1,1,1,3,2,2, ,0,0,0,0,0,0,1,0, , , , , , , , , , , , , , , , , , , , , , , , , , , , , , 
P0274,0,0,0,0,1,0,0,1,0,0,4,4,2,4,2,4,2,3,2,0,0,0,0,0,0,0,0,1, , , , , , , , ,3,3,2,1,2,2,2, , ,0,0,0,0,0,0,1,0, , , , , , , , , , , , , , , , , , , , , , , , , , , , , , 
P0275,0,1,1,0,1,1,0,1,0,0,1,1,1,3,2,1,2,2,1, , , , , , , , , , , , , , , , , ,5,5,3,1,1,2,2,2, ,1,1,0,0,0,1,0,0,1,1,0,0,1,0,0,2,2, , , , , , , , , , , , , , , , , , , , , 
P0276,0,0,1,0,0,0,0,0,0,0,1,3,1,4,1,1,1,2,3,0,0,0,0,0,0,0,0,1, , , , , , , , ,5,5,3,3,3,3, , , ,0,0,1,0,0,0,0,0,0,1,0,0,0,0,0,3,3, , , , , , , , , , , , , , , , , , , , , 
P0277,0,0,0,0,0,1,0,1,0,0,3,3,3,3,3,3,3,3,1, , , , , , , , , , , , , , , , , ,2,2,1,2,1,2, ,2, ,0,0,0,0,0,0,1,0, , , , , , , , , , , , , , , , , , , , , , , , , , , , , , 
P0278,1,0,0,0,1,1,1,1,0,0,3,2,2,3,2,2,2,3,4,1,0,0,0,0,0,0,0,0,0,0,1,0,1,1,0,0,3,3,1,1,1,1,1,1,1,0,1,1,0,1,0,0,0,0,1,0,0,0,0,0,2,2,1,1,0,0,1,1,0,0,0,0,0,0,0,2,2,2,1,1,3,2,1
P0279,0,1,0,0,0,1,0,0,0,0,4,2,2,4,3,2,4,2,1, , , , , , , , , , , , , , , , , ,5,3,2,2,2,2, , , ,1,0,0,0,1,0,0,0,1,0,0,0,0,0,0,2,2, , , , , , , , , , , , , , , , , , , , , 
P0280,0,1,1,0,1,1,1,0,0,0,2,2,2,1,3,2,2,2,3,0,0,0,0,0,0,1,0,0,0,1,1,0,0,0,0,0,1,2,1,1,1,1,1,2,2,1,0,0,1,0,0,0,0,0,1,1,0,0,0,0,2,1, , , , , , , , , , , , , , , , , , , , , 
P0281,0,0,0,0,1,0,0,0,0,0,3,2,2,4,2,2,3,2,2,1,0,0,0,0,0,0,0,0,0,0,0,0,0,0,0,1,3,3,2,1,2,2,2, , ,0,0,0,0,0,0,1,0, , , , , , , , , , , , , , , , , , , , , , , , , , , , , , 
P0282,0,0,0,0,0,0,0,0,0,1,2,1,1,2,3,1,2,1,2,0,0,0,0,0,0,0,0,1, , , , , , , , ,3,4,3,2,2,3, , , ,0,0,0,0,0,0,1,0, , , , , , , , , , , , , , , , , , , , , , , , , , , , , , 
P0283,1,1,1,0,1,1,0,1,0,0,1,1,1,1,1,1,2,1,5,1,0,0,1,0,0,0,0,0,1,0,1,0,1,1,0,1,1,1,1,1,1,1,1,1,1,1,0,1,1,1,0,0,0,1,1,1,0,1,0,0,2,2,1,1,0,0,0,0,0,1,0,1,1,0,0,1,1,3,1,1,1,1,1
P0284,0,0,0,0,0,0,0,0,0,1,1,1,1,3,2,1,2,1,1, , , , , , , , , , , , , , , , , ,3,3,1,2,2,2, , , ,0,0,0,0,0,0,1,0, , , , , , , , , , , , , , , , , , , , , , , , , , , , , , 
P0285,1,1,1,0,1,0,0,1,0,0,2,2,1,2,2,2,2,2,4,0,0,0,1,0,0,0,0,0,0,0,0,1,1,0,0,0,1,1,1,1,1,1,2,2,2,0,1,1,0,0,0,0,0,0,1,1,0,1,0,0,2,2,0,0,0,0,1,0,0,0,0,1,0,0,0,2,2,2,4,3,3,3,3
P0286,0,1,1,0,0,1,0,0,0,0,3,2,2,4,3,2,3,2,1, , , , , , , , , , , , , , , , , ,3,3,1,1,1,2,2,2, ,0,0,0,0,0,1,0,0,0,1,0,0,1,0,0,2,2, , , , , , , , , , , , , , , , , , , , , 
P0287,1,1,1,0,1,0,0,0,0,0,1,1,1,3,2,1,2,2,1, , , , , , , , , , , , , , , , , ,2,2,1,2,1,2, ,3, ,0,0,0,0,0,0,1,0, , , , , , , , , , , , , , , , , , , , , , , , , , , , , , 
P0288,0,0,0,0,1,0,0,0,0,0,1,2,1,3,2,1,2,2,2,1,0,0,0,0,0,0,0,0,0,0,0,0,0,0,0,1,2,2,1,1,1,2,1,1, ,1,0,0,0,0,0,0,0,0,1,0,0,0,0,0,2,2, , , , , , , , , , , , , , , , , , , , , 
P0289,0,1,0,0,1,0,0,1,0,0,2,1,1,2,1,1,2,1,2,0,0,0,0,0,0,0,1,0,0,0,0,1,0,1,0,0,1,3,2,1,1,2,2,2, ,0,1,1,0,0,1,0,0,0,1,0,0,0,0,0,2,2, , , , , , , , , , , , , , , , , , , , , 
P0290,0,1,0,1,1,1,0,1,0,0,2,2,2,1,3,2,2,2,4,1,1,1,0,0,0,0,0,0,1,0,0,1,1,1,0,0,3,3,2,1,1,1,2,2,2,0,0,1,0,0,0,0,0,0,1,0,0,0,0,0,2,2,0,0,0,0,1,0,0,0,0,0,0,0,0,2,2,2,4,3,3,3,3
P0291,1,1,0,0,1,1,1,1,0,0,3,3,4,4,4,3,3,3,2,1,0,0,0,0,0,0,0,0,0,1,0,0,0,0,1,0,1,2,1,1,1,1,1,3,2,0,0,0,0,0,1,0,0,1,0,0,1,1,0,0,2,2, , , , , , , , , , , , , , , , , , , , , 
P0292,1,1,1,0,0,0,0,0,0,0,2,1,1,5,3,2,5,2,1, , , , , , , , , , , , , , , , , ,3,3,2,1,1,2,2,2, ,1,0,0,0,0,0,0,0,1,0,0,0,0,0,0,2,2, , , , , , , , , , , , , , , , , , , , , 
P0293,0,0,0,1,0,0,0,0,0,0,3,2,2,4,3,2,3,2,2,1,0,0,0,0,0,0,0,0,0,0,0,0,0,0,0,1,2,3,2,1,1,1,2,2,3,0,0,0,0,1,0,0,0,0,0,0,0,1,0,0,2,1,0,0,0,0,0,0,0,1,0,0,0,0,0,3,2,1,4,1,2,3,2
P0294,1,1,0,0,0,0,0,0,0,0,2,2,5,3,4,2,3,2,1, , , , , , , , , , , , , , , , , ,3,3,2,2,1,2, ,2, ,0,0,0,0,0,0,1,0, , , , , , , , , , , , , , , , , , , , , , , , , , , , , , 
P0295,0,1,0,0,1,0,0,1,0,0,1,1,1,1,2,1,1,1,1, , , , , , , , , , , , , , , , , ,3,2,1,1,1,1,1,2,1,1,1,1,1,1,0,0,0,0,1,0,0,0,0,0,2,2, , , , , , , , , , , , , , , , , , , , , 
P0296,0,1,0,0,0,1,0,0,0,0,4,2,2,4,4,2,4,2,6, , , , , , , , , , , , , , , , , ,4,3,2,2,2,2, , , ,0,0,0,0,0,0,1,0, , , , , , , , , , , , , , , , , , , , , , , , , , , , , , 
P0297,0,0,0,0,0,0,0,0,0,1,2,2,1,3,3,2,2,3,6, , , , , , , , , , , , , , , , , ,2,2,1,2,1,2, ,2, ,0,0,0,0,0,0,1,0, , , , , , , , , , , , , , , , , , , , , , , , , , , , , , 
P0298,1,1,0,0,0,0,0,1,0,0,3,2,2,3,3,4,2,2,6, , , , , , , , , , , , , , , , , ,3,3,2,1,1,2,2,2, ,0,0,0,0,0,1,0,0,0,1,0,0,0,0,0,2,2, , , , , , , , , , , , , , , , , , , , , 
P0299,0,0,0,0,0,0,0,1,0,0,2,2,2,4,4,2,3,2,1, , , , , , , , , , , , , , , , , ,4,3,2,2,1,2, ,2, ,0,0,0,0,0,0,1,0, , , , , , , , , , , , , , , , , , , , , , , , , , , , , , 
P0300,0,1,0,0,0,1,1,1,0,0,3,3,3,5,3,1,2,2,2,0,0,0,1,0,0,0,0,0,0,1,0,0,0,0,0,0,4,2,3,1,1,2,2,2, ,1,1,1,0,0,0,0,0,1,1,0,0,1,0,0,2,2, , , , , , , , , , , , , , , , , , , , , 
P0301,1,1,1,0,1,1,1,1,0,0,1,1,3,4,1,2,1,2,3,1,1,0,0,0,0,0,0,0,1,0,0,0,1,0,0,1,2,2,1,1,1,1,1,1,1,0,0,1,1,0,1,0,0,0,0,1,0,1,0,0,1,2,0,0,0,1,0,0,1,0,0,1,0,0,0,2,3,1,1,1,2,1,1
P0302,0,0,1,0,1,1,1,1,0,0,2,3,1,2,1,1,1,1,2,0,1,0,1,0,0,1,0,0,0,1,0,1,1,1,0,0,3,3,1,1,1,1,2,2,1,0,0,0,0,0,0,1,0, , , , , , , , , ,1,0,1,0,1,1,0,0,0,1,1,0,0,1,1,2,3,2,2,3,3
P0303,0,0,0,0,0,0,0,0,0,1,4,4,4,4,4,3,4,2,1, , , , , , , , , , , , , , , , , ,5,5,3,2,2,2, , , ,0,0,0,0,0,0,1,0, , , , , , , , , , , , , , , , , , , , , , , , , , , , , , 
P0304,0,0,0,0,0,0,0,0,0,1,2,1,2,3,2,2,5,2,2,0,0,0,0,0,0,0,0,1, , , , , , , , ,3,3,2,2,2,2, , , ,0,0,0,0,0,0,0,1, , , , , , , , , , , , , , , , , , , , , , , , , , , , , , 
P0305,1,0,0,0,0,0,0,0,0,0,2,2,2,1,2,2,2,1,3,1,0,0,0,0,0,0,0,0,0,0,0,0,0,0,1,0,2,5,1,1,1,2,2,2, ,0,1,1,0,0,0,0,0,0,1,0,0,0,0,0,2,2, , , , , , , , , , , , , , , , , , , , , 
P0306,0,1,0,0,1,1,1,1,0,0,2,1,2,5,3,2,2,2,1, , , , , , , , , , , , , , , , , ,2,2,1,1,1,1,2,2,2,1,0,0,0,0,0,0,0,1,0,0,0,0,0,0,2,2, , , , , , , , , , , , , , , , , , , , , 
P0307,0,1,1,0,0,0,0,0,0,0,3,2,2,3,3,2,2,3,2,0,0,0,0,0,0,0,0,1, , , , , , , , ,3,3,2,2,1,2, ,2, ,0,0,0,0,0,0,1,0, , , , , , , , , , , , , , , , , , , , , , , , , , , , , , 
P0308,0,1,0,0,0,0,0,0,0,0,2,2,2,4,4,1,3,3,1, , , , , , , , , , , , , , , , , ,5,3,2,2,1,2, ,2, ,0,0,0,0,0,0,1,0, , , , , , , , , , , , , , , , , , , , , , , , , , , , , , 
P0309,0,0,0,0,1,0,0,0,0,0,3,2,1,2,2,3,1,1,1, , , , , , , , , , , , , , , , , ,3,3,2,1,1,2,1,1, ,1,0,0,0,0,0,0,0,1,0,0,0,0,0,0,1,1, , , , , , , , , , , , , , , , , , , , , 
P0310,0,0,1,0,0,0,0,0,0,0,4,5,5,5,5,4,5,5,2,0,0,0,0,0,0,0,0,1, , , , , , , , ,3,3,3,2,2,2, , , ,0,0,0,0,0,0,0,1, , , , , , , , , , , , , , , , , , , , , , , , , , , , , , 
P0311,0,1,1,0,1,0,0,0,0,0,2,2,2,2,2,2,2,2,2,0,0,0,0,0,0,0,0,1, , , , , , , , ,4,3,2,1,2,2,2, , ,0,1,0,1,0,0,0,0,0,0,0,1,1,0,0,2,1, , , , , , , , , , , , , , , , , , , , , 
P0312,0,0,1,0,0,0,1,0,0,0,4,2,2,4,2,4,2,2,1, , , , , , , , , , , , , , , , , ,2,2,1,1,2,2,2, , ,1,0,0,0,0,0,0,0,0,0,0,0,1,0,0,3,1, , , , , , , , , , , , , , , , , , , , , 
P0313,1,1,1,0,0,1,0,1,0,0,1,1,1,4,4,2,4,1,1, , , , , , , , , , , , , , , , , ,4,2,1,2,1,2, ,2, ,0,0,0,0,0,0,1,0, , , , , , , , , , , , , , , , , , , , , , , , , , , , , , 
P0314,0,0,0,0,1,1,0,0,0,0,1,2,1,1,2,2,1,1,4,1,0,0,0,1,0,0,0,0,0,0,0,1,0,0,0,0,3,4,1,1,1,2,2,2, ,0,0,0,1,1,0,0,0,0,1,1,0,0,0,0,2,2, , , , , , , , , , , , , , , , , , , , , 
P0315,0,0,0,0,0,0,0,0,0,1,5,5,5,5,5,5,5,5,6, , , , , , , , , , , , , , , , , ,5,5,3,2,2,3, , , ,0,0,0,0,0,0,0,1, , , , , , , , , , , , , , , , , , , , , , , , , , , , , , 
P0316,0,0,0,0,1,0,0,0,0,0,4,3,3,3,3,3,3,3,6, , , , , , , , , , , , , , , , , ,2,1,2,1,1,1,2,2,2,0,0,0,0,0,0,1,0, , , , , , , , , , , , , , , , , , , , , , , , , , , , , , 
P0317,0,0,0,1,1,1,0,1,0,0,2,1,2,2,3,1,2,1,4,1,0,1,0,0,1,0,0,0,0,0,0,1,1,0,0,0,3,3,1,1,1,2,2,1, ,0,1,1,1,1,0,0,0,1,1,0,0,0,0,0,2,2,1,0,1,0,1,0,1,0,0,0,1,0,0,1,2,2,3,2,1,1,1
P0318,0,1,1,0,1,0,0,0,0,0,2,2,2,2,3,2,2,2,2,0,0,0,0,0,0,0,0,1, , , , , , , , ,5,5,3,1,1,3,2,2, ,0,0,0,0,0,1,0,0,0,1,0,0,0,0,0,1,3, , , , , , , , , , , , , , , , , , , , , 
P0319,1,1,0,0,0,0,0,0,0,0,2,2,2,5,2,2,5,2,2,1,0,0,0,0,0,0,0,0,0,0,0,0,0,0,0,1,5,5,1,1,1,2,2,2, ,0,0,0,0,0,0,1,0, , , , , , , , , , , , , , , , , , , , , , , , , , , , , , 
P0320,0,1,0,0,0,0,0,0,0,0,2,2,2,4,4,3,4,3,1, , , , , , , , , , , , , , , , , ,4,4,2,2,2,2, , , ,0,0,0,0,0,0,1,0, , , , , , , , , , , , , , , , , , , , , , , , , , , , , , 
P0321,0,0,0,0,0,1,0,0,0,0,3,2,2,3,4,2,2,2,1, , , , , , , , , , , , , , , , , ,5,3,1,1,2,2,2, , ,0,0,0,0,0,0,1,0, , , , , , , , , , , , , , , , , , , , , , , , , , , , , , 
P0322,0,0,0,0,0,0,0,0,0,1,2,2,5,4,3,2,5,2,1, , , , , , , , , , , , , , , , , ,3,3,2,1,1,3,2,2, ,0,0,0,0,0,0,1,0, , , , , , , , , , , , , , , , , , , , , , , , , , , , , , 
P0323,0,0,0,1,0,1,0,0,0,0,1,2,2,2,2,2,2,2,2,1,0,0,0,0,0,0,0,0,0,0,0,0,0,0,1,0,3,2,1,2,2,2, , , ,0,0,0,0,0,0,1,0, , , , , , , , , ,0,0,0,1,1,1,0,0,0,0,1,0,0,1,2,3,1,3,3,3,3
P0324,1,1,0,0,1,1,0,1,0,0,1,1,2,3,1,2,1,1,2,1,0,0,0,0,0,0,0,0,0,0,1,1,1,1,0,0,1,1,1,1,1,1,1,1,3,1,0,1,0,0,0,0,0,0,1,0,1,1,0,0,2,2,0,0,1,1,1,0,0,0,0,1,0,0,0,1,2,2,1,2,1,1,1
P0325,0,1,1,0,0,1,0,0,0,0,2,2,2,5,3,2,2,2,2,0,0,0,0,0,0,0,0,1, , , , , , , , ,3,3,2,2,2,2, , , ,0,0,0,0,0,1,0,0,1,0,0,0,0,0,0,2,2, , , , , , , , , , , , , , , , , , , , , 
P0326,0,1,0,0,1,1,0,0,0,0,3,2,2,4,3,2,5,2,1, , , , , , , , , , , , , , , , , ,3,3,2,1,2,2,2, , ,0,0,0,0,0,0,1,0, , , , , , , , , , , , , , , , , , , , , , , , , , , , , , 
P0327,0,1,1,0,0,0,0,0,0,0,2,2,1,1,2,1,1,2,5,1,0,0,0,0,0,0,0,0,1,1,0,0,1,0,0,0,2,1,2,1,1,1,4,1,1,0,0,1,1,0,1,0,0,1,0,1,1,0,0,0,2,2,0,1,1,0,1,0,0,0,0,0,0,0,0,1,2,2,2,3,2,2,2
P0328,0,1,0,0,0,1,0,1,0,0,1,1,1,4,3,1,5,1,2,0,0,0,0,0,0,0,1,0,0,0,0,0,0,0,0,1,3,3,1,1,1,3,1,1, ,0,0,1,0,0,0,0,0,0,1,0,0,1,0,0,2,2, , , , , , , , , , , , , , , , , , , , , 
P0329,1,1,0,0,1,1,1,0,0,0,2,1,2,2,2,2,2,1,4,1,0,0,0,0,0,0,0,0,0,0,1,0,1,1,0,0,1,1,1,1,1,1,2,2,2,1,0,0,0,1,0,0,0,0,1,1,0,1,0,0,2,2,1,0,1,1,0,0,0,0,0,0,0,0,0,2,2,2,4,3,3,3,1
P0330,0,0,0,0,0,0,0,0,0,1,2,2,2,4,4,2,5,5,1, , , , , , , , , , , , , , , , , ,4,3,2,2,2,2, , , ,0,0,0,0,0,0,1,0, , , , , , , , , , , , , , , , , , , , , , , , , , , , , , 
P0331,0,0,0,0,1,0,0,1,0,0,2,2,2,2,2,2,2,2,2,1,0,0,0,0,0,0,0,0,0,0,1,1,0,0,0,0,4,3,2,2,2,1, , ,2,0,0,0,0,1,0,0,0,0,1,0,0,0,0,0,2,2, , , , , , , , , , , , , , , , , , , , , 
P0332,0,1,0,0,0,0,0,0,0,0,5,2,5,5,3,2,2,2,1, , , , , , , , , , , , , , , , , ,5,4,3,2,2,3, , , ,0,0,0,0,0,1,0,0,0,0,0,1,0,0,0,1,1, , , , , , , , , , , , , , , , , , , , , 
P0333,0,0,0,0,0,0,0,0,0,1,3,2,3,3,2,3,3,2,1, , , , , , , , , , , , , , , , , ,5,5,2,2,2,2, , , ,0,0,0,0,0,0,1,0, , , , , , , , , , , , , , , , , , , , , , , , , , , , , , 
P0334,0,1,0,0,1,1,0,1,0,0,2,1,2,3,3,2,3,2,3,1,0,0,0,0,0,0,0,0,0,0,0,0,0,1,0,0,3,3,3,1,1,1,2,2,4,0,0,0,0,0,0,1,0, , , , , , , , , , , , , , , , , , , , , , , , , , , , , , 
P0335,1,1,0,1,1,1,0,1,0,0,2,2,5,3,1,1,1,1,4,1,1,0,1,0,0,0,0,0,1,0,1,1,1,1,1,1,2,2,1,1,1,1,1,1,2,1,0,0,0,0,0,0,0,1,1,1,1,1,0,0,2,2,1,0,1,1,1,0,1,1,0,1,0,0,0,1,2,2,4,1,2,1,2
P0336,0,0,0,0,1,1,0,1,0,0,3,3,2,3,2,3,2,2,2,1,0,0,0,0,0,0,0,0,0,0,0,0,0,0,1,0,5,5,1,1,2,2,1, , ,0,0,1,0,0,0,0,0,0,1,0,0,0,0,0,2,2, , , , , , , , , , , , , , , , , , , , , 
P0337,0,0,1,0,0,1,1,0,0,0,2,2,2,2,1,2,2,2,1, , , , , , , , , , , , , , , , , ,1,1,1,1,1,1,1,1,1,1,0,0,0,0,0,0,0,0,0,0,1,0,0,0,2,2, , , , , , , , , , , , , , , , , , , , , 
P0338,0,1,1,0,0,0,0,0,0,0,2,2,2,3,4,2,2,2,6, , , , , , , , , , , , , , , , , ,3,4,2,2,2,2, , , ,0,0,0,0,0,0,1,0, , , , , , , , , , , , , , , , , , , , , , , , , , , , , , 
P0339,0,1,1,0,1,0,1,1,0,0,2,2,1,4,3,1,2,1,1, , , , , , , , , , , , , , , , , ,1,2,1,1,1,1,1,1,5,1,0,1,0,1,0,0,0,1,0,0,0,0,0,0,2,2, , , , , , , , , , , , , , , , , , , , , 
P0340,0,0,0,0,0,0,0,0,0,1,2,4,4,3,3,3,2,2,6, , , , , , , , , , , , , , , , , ,5,5,2,2,2,2, , , ,0,0,0,0,0,0,1,0, , , , , , , , , , , , , , , , , , , , , , , , , , , , , , 
P0341,0,1,1,0,0,1,0,0,0,0,2,2,2,3,4,3,2,3,3,1,0,0,0,0,0,0,0,0,0,0,0,0,0,1,0,0,2,2,1,1,1,2,3,3, ,1,0,0,0,0,0,0,0,0,0,0,0,1,0,0,1,2, , , , , , , , , , , , , , , , , , , , , 
P0342,1,0,1,0,0,0,0,0,0,0,2,3,2,5,4,3,4,4,1, , , , , , , , , , , , , , , , , ,4,3,2,2,1,2, ,2, ,0,0,0,0,0,0,1,0, , , , , , , , , , , , , , , , , , , , , , , , , , , , , , 
P0343,0,1,0,0,0,0,0,0,0,0,5,5,4,4,4,1,4,1,1, , , , , , , , , , , , , , , , , ,4,4,2,2,1,2, ,2, ,0,0,0,0,0,0,1,0, , , , , , , , , , , , , , , , , , , , , , , , , , , , , , 
P0344,0,1,1,0,0,0,0,0,0,0,2,2,2,3,3,2,3,3,2,1,0,0,0,0,0,0,0,0,0,0,0,0,0,0,0,1,2,4,2,2,2,2, , , ,0,0,0,0,0,0,1,0, , , , , , , , , , , , , , , , , , , , , , , , , , , , , , 
P0345,0,1,0,0,0,0,0,0,0,0,2,2,2,5,5,2,3,2,1, , , , , , , , , , , , , , , , , ,3,3,2,3,2,2, , , ,0,0,0,0,0,0,1,0, , , , , , , , , , , , , , , , , , , , , , , , , , , , , , 
P0346,0,0,0,0,0,0,0,0,0,1,5,5,5,5,5,5,5,5,6, , , , , , , , , , , , , , , , , ,5,5,3,2,1,2, ,5, ,0,0,0,0,0,0,0,1, , , , , , , , , , , , , , , , , , , , , , , , , , , , , , 
P0347,0,1,0,0,0,0,0,0,0,0,2,2,2,2,2,2,2,2,1, , , , , , , , , , , , , , , , , ,5,4,1,2,2,2, , , ,0,0,0,0,0,0,0,1, , , , , , , , , , , , , , , , , , , , , , , , , , , , , , 
P0348,0,0,0,0,0,1,0,0,0,0,1,2,2,2,1,2,2,1,5,1,0,0,0,0,0,0,0,0,0,1,0,1,0,0,0,0,1,1,1,1,1,1,1,1,1,1,0,1,0,0,0,0,0,0,0,0,1,1,0,0,2,2, , , , , , , , , , , , , , , , , , , , , 
P0349,0,0,0,0,0,0,0,0,0,1,5,1,5,5,1,1,4,2,1, , , , , , , , , , , , , , , , , ,5,4,3,2,2,2, , , ,0,0,0,0,0,0,1,0, , , , , , , , , , , , , , , , , , , , , , , , , , , , , , 
P0350,0,0,1,0,0,0,0,0,0,0,3,2,2,4,4,2,3,3,2,0,0,0,0,0,0,0,1,0,0,0,0,1,0,0,0,0,3,3,2,2,2,2, , , ,0,0,0,0,0,0,1,0, , , , , , , , , , , , , , , , , , , , , , , , , , , , , , 
P0351,1,1,1,0,0,1,1,1,0,0,2,2,2,3,4,3,2,1,6, , , , , , , , , , , , , , , , , ,2,3,2,2,1,3, ,2, ,0,0,0,0,0,0,1,0, , , , , , , , , , , , , , , , , , , , , , , , , , , , , , 
P0352,0,0,0,0,1,0,0,0,0,0,3,3,3,2,2,4,2,3,1, , , , , , , , , , , , , , , , , ,5,3,1,1,1,3,2,2, ,1,0,0,0,0,0,0,0,1,0,0,1,0,0,0,2,2, , , , , , , , , , , , , , , , , , , , , 
P0353,1,0,1,0,1,1,0,0,0,0,2,2,2,2,2,2,2,2,2,1,0,0,0,0,1,0,0,0,0,0,0,1,0,1,0,0,1,3,1,1,1,2,2,2, ,1,1,1,0,0,0,0,0,0,1,0,1,1,0,0,2,2, , , , , , , , , , , , , , , , , , , , , 
P0354,1,1,1,0,1,0,1,0,0,0,1,1,1,2,1,1,1,1,5,1,1,0,1,0,0,0,0,0,0,1,1,1,1,1,0,1,1,1,1,1,1,1,1,1,1,0,1,0,1,1,0,0,0,1,1,1,1,1,0,0,2,2,1,0,1,0,1,1,1,0,0,0,0,0,0,1,1,3,1,3,3,3,1
P0355,0,1,0,0,0,1,0,0,0,0,3,1,4,2,3,3,1,2,2,1,0,0,0,0,0,0,0,0,0,0,0,1,0,0,0,0,2,1,1,2,1,3, ,2, ,0,0,0,0,0,0,0,1, , , , , , , , , , , , , , , , , , , , , , , , , , , , , , 
P0356,1,1,1,1,1,1,1,0,0,0,1,1,1,1,2,1,2,2,3,1,0,0,1,0,0,0,0,0,0,0,0,1,1,0,0,0,2,2,1,1,1,1,1,1,1,0,0,1,0,0,1,0,0,0,1,1,1,1,0,0,2,2,0,0,0,1,0,0,1,0,0,0,1,0,0,1,2,2,3,1,1,1,1
P0357,1,1,1,1,1,1,1,1,0,0,2,2,1,2,3,1,1,2,2,1,0,0,0,0,0,0,0,0,0,0,0,1,1,0,1,1,2,2,1,1,1,1,2,2,2,1,1,1,0,0,1,0,0,1,1,1,1,1,0,0,3,3,1,0,0,0,1,0,1,0,0,0,0,0,0,2,2,2,4,4,4,4,3
P0358,0,0,0,0,0,0,0,1,0,0,4,4,3,3,2,4,3,4,1, , , , , , , , , , , , , , , , , ,2,2,1,2,2,2, , , ,0,0,0,0,0,0,1,0, , , , , , , , , , , , , , , , , , , , , , , , , , , , , , 
P0359,0,0,0,0,0,1,0,0,0,0,2,2,3,3,4,2,3,2,1, , , , , , , , , , , , , , , , , ,3,3,2,2,2,2, , , ,0,0,0,0,0,0,1,0, , , , , , , , , , , , , , , , , , , , , , , , , , , , , , 
P0360,0,1,1,0,1,1,0,1,0,0,2,1,1,3,2,2,2,2,2,1,1,0,0,0,0,0,0,0,0,1,0,0,1,1,0,0,1,3,2,1,1,3,2,2, ,0,0,0,0,0,0,1,0, , , , , , , , , ,1,0,0,0,0,0,0,0,0,0,0,0,0,2,2,2,4,3,3,3,3
P0361,0,0,1,0,1,0,1,0,0,0,3,2,2,1,2,2,3,2,3,1,0,0,0,0,0,0,0,0,0,0,0,0,0,0,1,0,1,1,1,1,1,1,2,3,1,1,0,0,0,0,0,0,0,1,0,0,0,0,0,0,2,2, , , , , , , , , , , , , , , , , , , , , 
P0362,0,1,1,0,0,0,0,0,0,0,2,1,1,4,4,1,2,3,1, , , , , , , , , , , , , , , , , ,4,5,3,2,1,2, ,2, ,0,0,0,0,1,0,0,0,0,0,0,0,1,0,0,3,3, , , , , , , , , , , , , , , , , , , , , 
P0363,0,0,0,0,1,1,0,0,0,0,2,2,3,3,3,2,2,2,4,1,0,0,0,0,0,0,0,0,1,0,0,1,0,0,1,0,1,3,1,1,2,1,2, ,2,0,0,0,1,1,0,0,0,0,1,0,0,0,0,0,2,2, , , , , , , , , , , , , , , , , , , , , 
P0364,0,0,0,0,1,0,0,1,0,0,3,3,2,4,5,4,5,2,1, , , , , , , , , , , , , , , , , ,5,3,2,1,2,3,2, , ,0,0,0,0,0,0,1,0, , , , , , , , , , , , , , , , , , , , , , , , , , , , , , 
P0365,1,1,0,0,0,0,0,0,0,0,4,4,4,4,4,4,4,4,1, , , , , , , , , , , , , , , , , ,3,4,3,2,2,2, , , ,0,1,1,0,1,0,0,0,1,0,0,0,0,0,0,2,2, , , , , , , , , , , , , , , , , , , , , 
P0366,0,0,0,0,0,0,0,1,0,0,3,3,3,3,2,3,3,2,2,0,0,0,0,0,0,0,0,1, , , , , , , , ,3,3,2,2,2,2, , , ,0,0,0,0,0,0,1,0, , , , , , , , , , , , , , , , , , , , , , , , , , , , , , 
P0367,0,1,0,1,1,1,0,1,0,0,2,1,1,2,1,1,1,2,3,0,1,0,0,0,0,0,0,0,1,0,0,1,1,1,0,0,1,1,2,1,2,1,1, ,1,1,1,1,1,0,0,0,0,0,1,1,0,1,0,0,2,2,1,0,1,0,0,0,0,0,0,1,1,0,0,1,1,2,3,2,3,3,1
P0368,1,0,0,1,1,0,0,0,0,0,1,1,4,1,1,2,1,1,2,0,1,0,0,1,1,0,0,0,0,0,0,0,0,0,0,1,3,1,1,1,1,1,3,1,2,0,1,0,1,0,1,0,0,1,0,0,0,1,0,0,1,2,0,1,0,1,0,0,1,0,1,0,0,0,0,1,1,2,3,3,2,3,1
P0369,0,1,0,0,1,1,0,0,0,0,2,2,2,4,3,2,3,2,3,1,0,0,1,0,0,0,0,0,1,0,0,0,0,0,1,0,3,3,2,1,1,2,2,2, ,0,0,0,0,0,1,0,0,0,1,0,0,0,0,0,2,2, , , , , , , , , , , , , , , , , , , , , 
P0370,0,0,0,0,0,0,0,0,0,1,2,1,1,4,3,3,3,4,4,1,0,0,1,0,0,0,0,0,0,0,0,0,0,1,0,1,3,3,1,2,1,3, ,2, ,0,0,0,0,0,1,0,0,0,1,0,0,1,0,0,2,2, , , , , , , , , , , , , , , , , , , , , 
P0371,1,0,1,0,1,0,0,0,0,0,1,2,1,3,2,2,2,2,1, , , , , , , , , , , , , , , , , ,3,2,1,1,1,3,2,2, ,0,0,1,0,0,0,0,0,1,0,0,0,0,0,0,2,2, , , , , , , , , , , , , , , , , , , , , 
P0372,1,1,0,0,1,1,0,0,0,0,4,2,2,3,1,2,1,3,2,1,1,0,1,0,0,1,0,0,1,1,1,1,1,0,0,0,2,3,1,1,1,1,1,4,2,0,0,0,0,1,0,0,0,1,0,1,0,0,0,0,2,2,1,0,0,1,0,0,1,1,0,1,0,0,0,1,2,3,3,1,3,1,3
P0373,1,1,0,0,1,0,0,0,0,0,4,4,4,5,2,4,2,2,2,1,1,0,1,0,0,0,0,0,0,0,0,0,0,0,0,1,2,2,1,1,1,3,2,2, ,1,1,1,0,1,0,0,0,0,0,0,0,1,0,0,2,2, , , , , , , , , , , , , , , , , , , , , 
P0374,0,0,0,0,0,0,0,0,0,1,3,2,3,4,4,2,4,2,2,1,0,0,0,0,0,0,0,0,0,0,0,0,0,1,0,0,3,4,2,2,2,2, , , ,0,0,0,0,0,0,1,0, , , , , , , , , , , , , , , , , , , , , , , , , , , , , , 
P0375,1,1,0,0,1,0,0,0,0,0,3,3,3,3,3,3,3,2,1, , , , , , , , , , , , , , , , , ,3,3,2,1,1,2,2,2, ,0,0,0,0,0,0,1,0, , , , , , , , , , , , , , , , , , , , , , , , , , , , , , 
P0376,1,1,0,0,1,1,1,0,0,0,1,1,2,3,2,1,2,2,3,1,1,0,0,0,0,0,0,0,0,1,0,0,1,0,1,0,2,1,1,1,1,1,3,2,3,0,1,0,0,1,0,0,0,1,1,0,1,1,0,0,2,2,1,0,1,0,1,1,1,0,0,0,1,0,0,2,5,2,4,3,3,3,2
P0377,1,1,0,0,0,1,0,1,0,0,2,2,2,3,3,2,3,2,1, , , , , , , , , , , , , , , , , ,3,2,1,1,1,1,2,2,2,1,0,0,1,0,0,0,0,0,0,0,0,1,0,0,2,2, , , , , , , , , , , , , , , , , , , , , 
P0378,0,1,0,0,0,1,0,0,0,0,2,2,2,4,2,2,2,2,6, , , , , , , , , , , , , , , , , ,3,1,3,2,1,3, ,2, ,0,0,0,0,0,0,1,0, , , , , , , , , , , , , , , , , , , , , , , , , , , , , , 
P0379,0,1,1,1,1,0,1,1,0,0,2,2,2,3,1,3,1,2,3,1,1,0,1,0,0,0,0,0,0,1,0,1,1,1,0,0,2,2,1,1,2,1,3, ,1,1,0,1,1,1,0,0,0,1,1,0,1,0,0,0,2,2,0,0,0,1,1,1,0,0,0,1,0,0,0,2,1,2,2,3,3,3,1
P0380,1,1,1,0,0,1,0,1,0,0,3,1,2,4,4,2,5,2,2,1,0,0,0,0,0,0,0,0,0,0,0,0,0,0,0,1,5,5,2,1,1,3,2,1, ,0,0,0,0,0,1,0,0,0,1,0,0,1,0,0,2,2, , , , , , , , , , , , , , , , , , , , , 
P0381,0,1,0,0,1,0,0,1,0,0,3,2,2,2,3,3,4,2,4,1,1,0,0,0,0,0,0,0,0,1,0,1,0,0,0,0,1,1,1,1,2,2,2, , ,0,0,0,0,0,0,1,0, , , , , , , , , , , , , , , , , , , , , , , , , , , , , , 
P0382,0,1,0,0,1,0,0,0,0,0,4,3,3,4,4,3,4,3,2,0,0,0,0,0,0,0,0,1, , , , , , , , ,5,5,3,1,2,2,2, , ,0,0,0,0,0,0,1,0, , , , , , , , , , , , , , , , , , , , , , , , , , , , , , 
P0383,0,1,1,0,1,1,0,1,0,0,3,2,2,5,2,2,2,2,2,0,0,0,0,0,0,0,0,1, , , , , , , , ,3,3,2,1,1,2,2,2, ,0,0,0,0,0,0,1,0, , , , , , , , , , , , , , , , , , , , , , , , , , , , , , 
P0384,0,1,1,0,1,0,1,0,0,0,1,1,1,1,1,2,2,1,4,1,0,0,0,0,0,0,0,0,0,0,1,1,0,1,0,0,3,3,2,1,1,1,1,1,2,1,0,1,0,0,0,0,0,1,0,0,1,1,0,0,2,2, , , , , , , , , , , , , , , , , , , , , 
P0385,0,1,0,0,0,1,0,0,0,0,2,1,5,3,4,1,4,2,1, , , , , , , , , , , , , , , , , ,4,3,2,2,1,3, ,2, ,0,0,0,0,0,0,1,0, , , , , , , , , , , , , , , , , , , , , , , , , , , , , , 
P0386,0,0,0,1,0,0,0,0,0,0,3,3,3,1,3,1,5,2,4,1,1,0,0,0,0,0,0,0,0,1,0,0,0,1,0,0,3,3,2,1,1,2,3,3, ,0,1,1,0,1,0,0,0,1,1,0,1,1,0,0,2,2,1,0,0,0,0,1,0,0,0,0,0,0,0,2,2,2,4,3,3,3,3
P0387,0,0,0,0,1,0,0,1,0,0,1,1,1,1,1,1,4,1,3,0,1,0,1,0,0,0,0,0,0,0,0,0,0,1,0,0,1,1,2,1,1,2,2,2, ,0,0,0,0,0,0,1,0, , , , , , , , , , , , , , , , , , , , , , , , , , , , , , 
P0388,1,0,0,0,0,1,0,0,0,0,2,2,2,5,4,2,3,2,2,1,0,0,0,0,0,0,0,0,0,0,0,0,1,0,0,0,4,3,2,2,1,2, ,2, ,0,1,0,0,0,0,0,0,0,1,0,0,0,0,0,2,2,1,0,0,0,0,0,0,0,0,0,0,0,0,2,2,4,4,3,3,3,3
P0389,0,1,0,0,1,1,0,1,0,0,2,2,2,5,2,1,5,2,1, , , , , , , , , , , , , , , , , ,5,5,2,1,2,3,2, , ,0,0,0,0,0,0,1,0, , , , , , , , , , , , , , , , , , , , , , , , , , , , , , 
P0390,0,1,1,0,0,0,0,0,0,0,3,2,2,5,3,5,2,5,1, , , , , , , , , , , , , , , , , ,5,5,1,1,1,2,5,5, ,0,0,0,0,0,0,1,0, , , , , , , , , , , , , , , , , , , , , , , , , , , , , , 
P0391,0,0,0,0,0,0,0,0,0,1,2,2,5,3,3,2,4,1,2,1,0,0,0,0,0,0,0,0,0,0,0,0,0,0,0,1,3,2,1,1,2,3,2, , ,0,1,0,0,0,0,0,0,0,0,0,1,0,0,0,2,3, , , , , , , , , , , , , , , , , , , , , 
P0392,0,1,0,1,1,0,0,1,0,0,1,1,2,1,2,1,3,1,4,1,0,0,1,0,0,0,0,0,1,1,0,1,1,0,1,0,1,3,2,1,1,1,1,1,2,1,1,1,0,1,1,0,0,1,1,1,0,0,0,0,2,2,1,0,1,1,0,0,0,0,0,1,0,0,0,2,2,2,4,2,3,3,1
P0393,0,1,0,0,1,0,0,0,0,0,3,2,5,5,2,2,2,1,2,1,0,0,0,0,0,0,0,0,1,0,0,1,0,0,0,0,1,4,2,1,2,2,1, , ,1,1,1,1,0,0,0,0,0,0,0,0,0,0,1,3,2, , , , , , , , , , , , , , , , , , , , , 
P0394,0,1,1,0,0,0,0,0,0,0,3,3,3,4,4,3,3,3,2,0,0,0,0,0,0,0,0,1, , , , , , , , ,3,3,2,2,1,2, ,2, ,0,0,0,0,0,0,1,0, , , , , , , , , , , , , , , , , , , , , , , , , , , , , , 
P0395,0,1,0,1,0,1,0,0,0,0,4,4,3,2,4,3,4,4,3,1,0,0,0,0,0,0,0,0,0,1,1,0,1,0,0,0,1,1,1,1,1,1,2,2,1,0,0,1,1,0,0,0,0,1,0,1,0,0,0,0,2,2,0,0,0,1,0,0,0,1,0,0,1,0,0,2,1,1,1,2,2,2,1
P0396,1,1,0,0,1,0,0,0,0,0,2,2,2,3,3,2,3,2,2,1,0,0,1,0,0,0,0,0,0,0,0,1,1,0,0,0,1,1,1,1,1,1,2,2,2,0,0,1,0,0,0,0,0,1,1,1,0,0,0,0,2,2,0,0,1,0,0,0,1,0,0,0,0,0,0,2,2,4,4,3,3,3,3
P0397,1,1,0,0,1,0,0,0,0,0,1,1,1,4,2,1,2,2,2,1,0,0,0,0,0,1,0,0,1,1,1,1,1,0,0,0,2,2,1,1,2,1,1, ,2,0,0,0,1,1,0,0,0,0,1,0,1,0,0,0,2,2,0,0,0,1,1,1,0,1,0,0,0,0,0,3,3,1,4,3,3,3,3
P0398,1,1,0,0,0,1,0,1,0,0,2,2,2,3,4,2,4,2,1, , , , , , , , , , , , , , , , , ,3,3,2,2,1,2, ,2, ,0,0,0,0,0,0,1,0, , , , , , , , , , , , , , , , , , , , , , , , , , , , , , 
P0399,0,0,0,0,1,0,0,0,0,0,3,2,2,4,2,2,3,2,1, , , , , , , , , , , , , , , , , ,2,3,1,1,2,2,2, , ,1,0,0,0,0,0,0,0,0,0,0,1,0,0,0,2,2, , , , , , , , , , , , , , , , , , , , , 
P0400,0,0,0,0,1,1,0,0,0,0,2,2,2,4,2,2,5,2,6, , , , , , , , , , , , , , , , , ,2,2,1,1,1,3,2,2, ,0,0,1,0,0,0,0,0,1,0,0,0,0,0,0,2,2, , , , , , , , , , , , , , , , , , , , , 
P0401,0,0,0,0,0,0,0,0,0,1,4,4,3,4,3,4,3,4,6, , , , , , , , , , , , , , , , , ,4,3,2,2,2,2, , , ,0,0,0,0,0,0,1,0, , , , , , , , , , , , , , , , , , , , , , , , , , , , , , 
P0402,0,0,0,0,0,0,0,1,0,0,3,2,2,3,3,1,5,2,6, , , , , , , , , , , , , , , , , ,5,5,1,2,2,2, , , ,0,0,0,0,0,1,0,0,0,1,0,0,0,0,0,2,2, , , , , , , , , , , , , , , , , , , , , 
P0403,0,0,0,0,1,0,0,0,0,0,2,3,3,1,3,3,1,1,3,0,1,0,0,0,0,0,0,0,0,0,0,0,1,0,0,0,2,1,2,1,1,1,4,4,2,1,0,0,0,0,0,0,0,1,0,0,0,0,0,0,2,2,0,0,1,0,0,0,0,0,0,0,0,0,0,1,2,2,2,2,1,3,1
P0404,1,1,1,1,0,0,0,1,0,0,1,2,2,2,2,1,1,1,2,1,0,0,0,0,1,0,0,0,0,0,0,0,0,1,1,0,1,2,1,1,1,1,1,1,1,1,0,0,0,1,0,0,0,1,0,1,0,0,0,0,2,2,1,0,0,0,0,1,0,0,0,0,0,0,0,1,2,3,2,2,3,2,1
P0405,1,1,1,0,1,1,1,1,0,0,1,1,1,1,1,1,1,1,3,0,0,0,1,0,0,0,0,0,0,0,0,1,1,0,0,0,1,1,2,1,1,1,1,1,1,1,1,1,1,1,1,0,0,1,1,0,1,1,0,0,2,2,1,0,1,1,0,0,1,1,1,0,1,0,0,1,2,3,2,1,1,1,1
P0406,0,0,0,1,0,1,1,0,0,0,4,3,2,4,3,2,2,3,1, , , , , , , , , , , , , , , , , ,2,2,1,1,1,1,2,1,3,0,1,1,1,0,0,0,0,0,0,0,1,0,0,0,2,2,0,0,1,1,0,0,0,1,0,0,1,0,0,2,1,3,1,1,2,1,1
P0407,1,1,1,0,0,0,0,0,0,0,2,2,2,3,4,2,3,2,2,0,0,0,0,0,0,0,0,1, , , , , , , , ,5,5,3,2,2,2, , , ,0,0,0,0,0,0,1,0, , , , , , , , , , , , , , , , , , , , , , , , , , , , , , 
P0408,0,0,0,0,0,0,0,0,0,1,3,3,5,5,4,3,5,2,1, , , , , , , , , , , , , , , , , ,4,5,3,2,1,2, ,2, ,0,0,0,0,0,0,1,0, , , , , , , , , , , , , , , , , , , , , , , , , , , , , , 
P0409,0,1,0,0,0,0,0,1,0,0,3,2,2,2,1,1,2,1,2,1,0,0,0,0,0,0,0,0,0,0,0,0,1,0,0,0,1,2,3,1,1,1,4,1,2,0,0,0,0,0,0,1,0, , , , , , , , , ,0,0,1,1,1,1,0,0,1,0,0,0,0,2,2,4,4,1,3,3,1
P0410,0,0,0,0,0,0,0,0,0,1,5,5,5,5,5,5,5,5,6, , , , , , , , , , , , , , , , , ,5,5,3,1,1,2,5,5, ,0,0,0,0,0,0,0,1, , , , , , , , , , , , , , , , , , , , , , , , , , , , , , 
P0411,0,1,0,1,1,1,0,1,0,0,3,2,2,2,3,2,3,2,2,1,0,0,0,0,0,0,0,0,0,0,0,0,0,1,0,0,5,5,1,2,1,2, ,2, ,0,1,0,0,0,0,0,0,0,0,0,0,0,0,1,1,3,0,0,0,0,0,0,1,0,0,0,0,0,0,2,2,4,4,4,4,4,4
P0412,0,1,0,0,0,0,0,0,0,0,4,1,1,4,4,3,4,4,1, , , , , , , , , , , , , , , , , ,4,4,2,2,2,2, , , ,0,0,0,0,0,0,1,0, , , , , , , , , , , , , , , , , , , , , , , , , , , , , , 
P0413,0,0,0,0,0,0,0,0,0,1,5,5,5,5,5,5,5,5,6, , , , , , , , , , , , , , , , , ,5,4,3,3,3,3, , , ,0,0,0,0,0,0,1,0, , , , , , , , , , , , , , , , , , , , , , , , , , , , , , 
P0414,0,0,1,0,0,0,0,0,0,0,3,4,2,5,3,1,4,2,1, , , , , , , , , , , , , , , , , ,4,4,2,1,2,3,2, , ,0,0,0,1,0,0,0,0,0,0,0,1,0,0,0,1,1, , , , , , , , , , , , , , , , , , , , , 
P0415,1,1,1,0,0,0,0,0,0,0,2,2,2,3,4,2,3,2,3,1,0,0,0,0,0,0,0,0,0,0,1,0,0,0,1,0,4,3,2,2,1,2, ,2, ,0,0,0,0,0,0,1,0, , , , , , , , , , , , , , , , , , , , , , , , , , , , , , 
P0416,0,0,0,0,0,0,0,0,0,1,3,3,3,2,2,3,2,1,1, , , , , , , , , , , , , , , , , ,5,5,3,1,2,3,2, , ,0,0,0,0,0,0,0,1, , , , , , , , , , , , , , , , , , , , , , , , , , , , , , 
P0417,0,1,0,0,1,0,0,0,0,0,3,1,2,4,3,2,3,1,2,1,0,0,0,0,0,0,0,0,0,0,0,0,0,0,1,0,3,4,1,1,1,2,1,2, ,0,1,1,0,0,0,0,0,0,1,0,0,0,0,0,2,2, , , , , , , , , , , , , , , , , , , , , 
P0418,1,1,1,0,0,0,1,0,0,0,2,1,1,2,2,1,2,2,3,1,0,0,0,1,1,0,0,0,0,0,0,0,0,1,1,0,2,2,1,1,1,1,2,2,2,0,1,1,0,1,0,0,0,1,0,1,0,1,0,0,2,2, , , , , , , , , , , , , , , , , , , , , 
P0419,0,1,0,0,1,1,0,0,0,0,2,2,2,3,2,2,1,2,2,1,1,0,0,0,0,0,0,0,1,1,0,0,0,0,0,0,2,2,1,1,1,1,2,2,2,1,0,1,0,0,0,0,0,0,1,0,1,0,0,0,2,2, , , , , , , , , , , , , , , , , , , , , 
P0420,0,1,0,0,1,1,1,1,0,0,2,2,3,3,2,2,2,2,2,1,0,0,0,0,0,0,0,0,0,0,0,0,1,0,0,0,1,3,2,1,1,2,2,2, ,1,0,0,0,1,0,0,0,0,1,0,0,0,0,0,2,2,0,0,0,0,1,0,0,0,0,0,0,0,0,2,2,2,4,3,3,3,3
P0421,0,0,0,0,0,0,0,0,0,1,3,3,3,5,3,3,5,5,1, , , , , , , , , , , , , , , , , ,5,5,3,2,2,3, , , ,0,0,0,0,0,0,1,0, , , , , , , , , , , , , , , , , , , , , , , , , , , , , , 
P0422,1,1,0,0,1,1,0,1,0,0,1,1,1,2,3,1,2,1,2,1,1,0,0,0,0,0,1,0,0,0,0,0,0,1,1,1,3,3,2,1,1,2,2,1, ,1,0,0,0,1,0,0,0,1,1,0,0,0,0,0,2,2, , , , , , , , , , , , , , , , , , , , , 
P0423,0,1,0,0,0,1,0,0,0,0,2,2,2,3,3,2,5,2,2,0,0,0,0,0,0,0,0,1, , , , , , , , ,3,3,3,2,2,2, , , ,0,0,1,0,0,0,0,0,0,0,0,0,1,0,0,2,2, , , , , , , , , , , , , , , , , , , , , 
P0424,1,0,0,0,0,0,1,1,0,0,2,1,1,3,3,2,1,1,2,0,0,0,0,0,0,0,0,1, , , , , , , , ,3,3,3,1,1,2,2,2, ,0,1,0,0,0,0,0,0,0,1,0,0,0,0,0,2,2, , , , , , , , , , , , , , , , , , , , , 
P0425,0,0,0,0,1,1,0,1,0,0,2,2,2,3,3,2,5,2,2,0,0,0,0,0,0,0,0,1, , , , , , , , ,3,3,2,1,1,2,2,2, ,0,0,1,0,0,0,0,0,0,1,0,0,0,0,0,2,2, , , , , , , , , , , , , , , , , , , , , 
P0426,1,0,0,0,0,0,0,0,0,0,2,2,2,3,3,2,2,2,2,1,0,0,0,0,0,0,0,0,0,1,0,0,0,0,0,0,3,3,1,1,1,2,2,2, ,0,0,0,0,0,0,1,0, , , , , , , , , , , , , , , , , , , , , , , , , , , , , , 
P0427,0,0,0,0,0,0,0,0,0,1,3,3,3,3,3,3,2,2,1, , , , , , , , , , , , , , , , , ,3,5,3,1,2,2,2, , ,0,0,0,0,0,0,0,1, , , , , , , , , , , , , , , , , , , , , , , , , , , , , , 
P0428,1,0,1,0,1,0,0,1,0,0,1,1,1,1,1,1,2,1,2,1,0,0,1,0,0,0,0,0,0,0,0,1,0,0,0,0,1,1,2,1,1,2,1,1, ,1,1,0,0,0,0,0,0,0,1,1,0,0,0,0,2,2, , , , , , , , , , , , , , , , , , , , , 
P0429,1,1,0,0,1,1,0,1,0,0,1,1,2,2,2,2,2,1,2,0,1,0,1,0,0,0,0,0,0,0,0,1,1,0,0,0,1,1,1,1,1,1,1,1,1,0,0,0,0,1,0,0,0,1,0,1,0,0,0,0,2,2,0,0,0,0,1,0,1,1,0,0,0,0,0,1,1,2,4,1,3,1,1
P0430,0,0,1,0,0,0,0,0,0,0,4,2,1,4,4,2,4,2,1, , , , , , , , , , , , , , , , , ,5,5,3,2,2,3, , , ,0,0,1,0,0,1,0,0,0,1,0,0,1,0,0,2,2, , , , , , , , , , , , , , , , , , , , , 
P0431,1,1,0,0,1,0,0,0,0,0,2,2,2,3,3,2,2,2,1, , , , , , , , , , , , , , , , , ,3,2,1,1,1,2,2,2, ,1,0,0,0,0,0,0,0,0,0,0,0,1,0,0,2,2, , , , , , , , , , , , , , , , , , , , , 
P0432,1,0,0,0,0,1,0,1,0,0,2,2,2,4,3,2,2,2,2,0,0,0,0,0,0,0,0,1, , , , , , , , ,3,3,1,1,1,2,2,1, ,0,1,1,1,1,0,0,0,1,1,0,0,0,0,0,2,2, , , , , , , , , , , , , , , , , , , , , 
P0433,0,1,0,0,0,0,0,1,0,0,1,2,2,3,2,2,2,1,2,0,0,0,0,0,0,0,1,0,0,1,0,0,0,0,0,0,5,5,1,1,1,3,2,2, ,0,1,1,1,1,0,0,0,0,1,0,0,0,0,0,2,2, , , , , , , , , , , , , , , , , , , , , 
P0434,0,0,0,0,0,0,0,0,0,1,2,2,2,3,2,2,3,2,2,0,0,0,0,0,0,0,0,1, , , , , , , , ,5,5,1,2,2,2, , , ,0,0,0,0,0,0,1,0, , , , , , , , , , , , , , , , , , , , , , , , , , , , , , 
P0435,0,0,0,0,1,0,0,0,0,0,2,2,2,2,2,2,2,2,2,0,0,0,0,0,0,0,0,1, , , , , , , , ,3,3,2,2,2,2, , , ,0,0,0,0,0,0,1,0, , , , , , , , , , , , , , , , , , , , , , , , , , , , , , 
P0436,0,1,1,0,1,0,0,0,0,0,1,1,1,2,2,1,2,2,6, , , , , , , , , , , , , , , , , ,5,5,3,1,1,3,2,2, ,0,0,0,0,0,0,1,0, , , , , , , , , , , , , , , , , , , , , , , , , , , , , , 
P0437,0,1,1,0,0,1,0,1,0,0,2,2,1,2,2,2,2,1,2,0,0,0,1,0,0,0,0,0,0,1,0,0,0,0,1,0,5,5,2,3,3,2, , , ,0,0,0,1,0,0,0,0,0,1,0,0,0,0,0,2,2, , , , , , , , , , , , , , , , , , , , , 
P0438,1,1,0,0,1,0,0,1,0,0,3,3,2,3,3,3,2,1,2,1,1,0,1,0,0,0,1,0,0,1,1,1,0,1,1,0,2,2,1,1,2,2,1, , ,0,0,0,0,0,0,1,0, , , , , , , , , , , , , , , , , , , , , , , , , , , , , , 
P0439,1,0,0,0,0,1,0,0,0,0,3,2,2,4,4,2,4,3,1, , , , , , , , , , , , , , , , , ,5,5,3,2,1,3, ,2, ,0,0,0,0,0,0,1,0, , , , , , , , , , , , , , , , , , , , , , , , , , , , , , 
P0440,1,1,0,0,0,0,0,0,0,0,1,2,2,2,2,1,2,3,2,1,0,0,0,0,0,0,0,0,0,0,0,0,0,0,1,0,3,3,2,1,1,1,1,1,1,0,0,0,0,1,0,0,0,1,0,0,0,1,0,0,2,2, , , , , , , , , , , , , , , , , , , , , 
P0441,0,0,0,1,0,0,0,1,0,0,4,2,2,3,3,3,3,2,1, , , , , , , , , , , , , , , , , ,2,2,1,3,3,2, , , ,1,0,1,0,0,0,0,0,0,0,0,0,0,0,1,1,1,0,0,0,0,0,0,0,0,0,0,0,0,1,5,5,3,5,2,3,3,4
P0442,1,1,1,0,0,0,0,1,0,0,2,2,2,3,3,2,2,2,1, , , , , , , , , , , , , , , , , ,4,3,2,2,1,2, ,2, ,0,0,1,0,0,0,0,0,1,1,0,0,1,0,0,2,2, , , , , , , , , , , , , , , , , , , , , 
P0443,0,0,0,0,1,0,1,0,0,0,2,3,2,3,3,2,3,2,2,1,0,0,1,0,0,0,0,0,0,0,0,1,0,0,0,0,1,5,3,1,1,3,1,2, ,0,0,0,0,0,0,0,1, , , , , , , , , , , , , , , , , , , , , , , , , , , , , , 
P0444,0,0,0,0,0,0,0,0,0,1,3,3,4,4,4,4,2,4,1, , , , , , , , , , , , , , , , , ,3,3,2,2,1,2, ,2, ,0,0,0,0,0,0,1,0, , , , , , , , , , , , , , , , , , , , , , , , , , , , , , 
P0445,1,1,1,1,1,1,0,1,0,0,2,1,1,2,2,1,2,2,3,1,0,0,0,0,0,0,0,0,1,1,0,0,1,0,0,0,3,3,1,1,1,1,2,2,2,0,0,0,0,0,0,1,0, , , , , , , , , ,1,0,0,0,1,1,1,0,1,0,0,0,0,2,2,2,4,3,3,3,3
P0446,0,0,0,0,0,0,0,0,0,1,2,2,2,2,3,2,2,2,1, , , , , , , , , , , , , , , , , ,3,3,3,1,1,2,2,2, ,0,0,0,0,0,0,1,0, , , , , , , , , , , , , , , , , , , , , , , , , , , , , , 
P0447,0,1,1,0,0,1,0,0,0,0,2,1,1,2,2,1,2,1,2,0,0,0,1,0,0,0,0,0,0,0,0,0,0,1,1,0,1,1,2,2,2,2, , , ,1,0,1,0,0,0,0,0,0,1,0,0,0,0,0,2,2, , , , , , , , , , , , , , , , , , , , , 
P0448,1,1,0,0,1,0,0,0,0,0,3,2,1,2,2,1,1,2,2,1,0,0,0,0,0,0,0,0,0,0,0,0,0,0,0,1,3,3,2,1,1,2,2,2, ,0,0,0,0,0,0,1,0, , , , , , , , , , , , , , , , , , , , , , , , , , , , , , 
P0449,1,1,1,1,1,1,0,0,0,0,3,2,2,3,3,2,5,3,2,1,0,0,0,0,0,0,0,0,1,0,0,0,1,1,0,0,5,3,2,1,1,1,1,2,2,0,0,1,0,0,0,0,0,0,1,1,0,0,0,0,2,2,0,0,1,0,0,0,1,0,0,1,0,0,0,1,1,2,4,3,3,3,1
P0450,0,1,1,0,0,0,0,1,0,0,2,3,3,3,2,3,2,3,2,1,0,0,0,0,0,0,0,0,1,0,0,0,0,0,0,0,2,2,2,2,1,1, ,2,2,1,0,0,0,0,0,0,0,0,0,0,0,1,0,0,2,2, , , , , , , , , , , , , , , , , , , , , 
P0451,0,0,0,0,0,0,0,0,0,1,3,2,2,5,4,2,5,2,1, , , , , , , , , , , , , , , , , ,4,3,2,2,2,2, , , ,0,0,0,0,0,0,1,0, , , , , , , , , , , , , , , , , , , , , , , , , , , , , , 
P0452,0,1,0,0,1,1,0,1,0,0,2,2,2,4,2,2,3,2,2,1,0,0,0,0,0,0,0,0,0,0,0,1,1,0,1,0,1,1,1,1,1,1,2,2,2,0,1,0,1,0,1,0,0,0,1,1,0,1,0,0,1,2,0,0,0,1,0,0,0,0,0,0,0,0,0,3,3,2,4,1,4,3,3
P0453,0,1,1,0,1,1,0,1,0,0,2,2,2,3,2,2,3,2,3,1,1,0,0,0,0,0,0,0,1,0,0,1,0,1,0,0,1,3,2,1,1,2,1,2, ,1,1,0,1,1,1,0,0,0,0,0,1,1,0,0,2,2, , , , , , , , , , , , , , , , , , , , , 
P0454,0,1,0,0,0,0,0,1,0,0,3,2,2,3,4,1,2,2,2,0,0,0,0,0,0,1,0,0,0,0,0,0,0,0,1,0,2,3,1,1,1,3,2,2, ,0,0,0,0,0,0,1,0, , , , , , , , , , , , , , , , , , , , , , , , , , , , , , 
P0455,1,1,1,0,1,1,0,1,0,0,1,1,1,2,2,1,2,2,2,1,0,0,0,0,0,0,0,0,0,1,0,0,1,0,0,0,1,1,1,1,1,1,1,1,1,0,0,1,0,0,0,0,0,0,0,0,1,1,0,0,2,2,0,0,0,0,0,0,0,0,0,1,0,0,0,2,2,3,1,3,1,2,2
P0456,1,1,1,1,1,1,1,1,0,0,4,4,3,2,1,4,1,2,5,1,1,0,0,0,0,0,0,0,0,1,0,1,1,1,0,0,1,1,1,1,1,1,1,1,1,1,1,1,1,0,1,0,0,1,1,1,1,1,0,0,2,2,1,0,1,0,1,1,1,0,0,0,0,0,0,2,2,1,4,2,1,3,1
P0457,0,1,0,0,0,0,0,0,0,0,2,2,2,5,5,2,4,2,1, , , , , , , , , , , , , , , , , ,3,3,1,2,1,2, ,2, ,0,0,0,0,0,1,0,0,0,1,0,0,0,0,0,2,2, , , , , , , , , , , , , , , , , , , , , 
P0458,1,0,1,0,0,1,0,1,0,0,3,2,2,3,4,1,4,2,2,0,1,0,0,0,0,0,0,0,0,1,0,0,0,0,0,0,5,5,1,2,1,2, ,2, ,0,0,1,0,0,0,0,0,1,0,0,0,0,0,0,2,2, , , , , , , , , , , , , , , , , , , , , 
P0459,0,1,0,0,0,0,0,0,0,0,2,2,2,3,2,3,2,3,2,0,1,0,1,0,0,1,0,0,0,0,0,0,1,0,0,0,2,2,2,1,2,1,2, ,2,0,0,0,1,0,0,0,0,0,0,1,0,0,0,0,2,2,0,0,0,0,0,0,1,0,0,0,0,0,0,2,1,2,3,2,1,2,3
P0460,0,0,0,1,1,0,0,0,0,0,3,3,3,2,2,5,5,2,2,1,0,0,0,0,0,0,0,0,0,0,0,1,0,0,0,1,3,3,2,2,2,2, , , ,0,1,0,0,0,0,0,0,0,1,0,0,0,0,0,2,2,0,0,0,0,1,0,0,0,0,0,0,0,0,1,1,3,3,2,2,2,1
P0461,1,1,1,0,0,1,1,1,0,0,1,1,1,3,3,1,1,1,3,1,0,0,0,0,0,0,0,0,0,0,0,0,0,1,0,0,3,3,2,2,1,2, ,2, ,1,0,0,0,0,0,0,0,0,1,0,0,0,0,0,2,2, , , , , , , , , , , , , , , , , , , , , 
P0462,1,1,0,0,0,1,0,0,0,0,2,2,2,3,3,2,3,2,2,1,0,0,0,0,0,0,0,0,0,0,0,0,1,0,0,0,3,3,2,2,1,2, ,2, ,0,0,0,0,0,0,1,0, , , , , , , , , ,0,0,0,0,0,0,1,0,0,0,0,0,0,3,3,2,4,3,3,3,3
P0463,0,0,0,0,0,0,0,0,0,1,1,1,1,1,1,1,1,1,1, , , , , , , , , , , , , , , , , ,5,5,3,2,2,2, , , ,0,0,0,0,0,0,0,1, , , , , , , , , , , , , , , , , , , , , , , , , , , , , , 
P0464,0,1,1,0,1,0,0,0,0,0,4,1,1,2,4,4,2,3,2,1,0,0,0,0,0,0,0,0,0,0,0,0,0,0,0,1,3,3,1,2,1,2, ,2, ,0,0,0,0,0,0,1,0, , , , , , , , , , , , , , , , , , , , , , , , , , , , , , 
P0465,0,1,0,0,1,1,1,1,0,0,2,2,2,4,2,2,3,2,2,1,0,0,0,0,0,0,0,0,0,0,0,1,0,1,0,0,2,3,2,1,2,2,1, , ,1,1,1,1,1,1,0,0,1,1,0,1,1,0,0,2,2, , , , , , , , , , , , , , , , , , , , , 
P0466,0,1,0,0,0,0,0,0,0,0,3,2,2,3,3,2,2,2,1, , , , , , , , , , , , , , , , , ,3,3,2,1,2,2,2, , ,0,0,0,0,0,0,1,0, , , , , , , , , , , , , , , , , , , , , , , , , , , , , , 
P0467,1,0,0,0,0,0,0,1,0,0,2,2,2,2,3,2,2,2,2,0,0,0,0,0,0,0,1,0,0,0,0,0,0,0,0,1,3,3,2,1,1,2,2,2, ,0,0,0,1,0,0,0,0,0,1,0,0,0,0,0,2,2, , , , , , , , , , , , , , , , , , , , , 
P0468,1,1,0,1,1,1,1,1,0,0,1,2,2,1,2,1,2,1,5,1,1,1,0,1,0,1,0,0,1,1,1,1,1,1,1,1,1,1,1,1,1,1,2,2,2,1,0,0,1,0,1,0,0,1,1,1,1,1,0,0,2,2,1,1,1,0,0,1,1,1,0,1,0,0,0,1,1,2,4,2,1,3,1
P0469,1,1,0,0,0,0,0,0,0,0,2,1,2,3,3,2,3,3,1, , , , , , , , , , , , , , , , , ,3,3,2,2,1,2, ,2, ,0,0,0,0,0,0,1,0, , , , , , , , , , , , , , , , , , , , , , , , , , , , , , 
P0470,0,0,0,0,0,1,0,0,0,0,2,1,2,5,3,2,5,2,1, , , , , , , , , , , , , , , , , ,5,5,1,3,1,2, ,1, ,0,0,0,0,0,0,1,0, , , , , , , , , , , , , , , , , , , , , , , , , , , , , , 
P0471,0,1,1,0,0,0,0,0,0,0,1,2,2,2,2,1,1,2,2,1,0,0,0,0,0,0,0,0,0,0,0,1,0,0,0,0,3,3,1,1,1,2,1,2, ,0,1,0,0,0,0,0,0,0,0,1,0,0,0,0,2,1, , , , , , , , , , , , , , , , , , , , , 
P0472,0,1,0,0,1,0,0,0,0,0,1,2,2,4,3,1,2,2,1, , , , , , , , , , , , , , , , , ,3,3,2,2,1,2, ,2, ,0,0,0,0,0,0,0,1, , , , , , , , , , , , , , , , , , , , , , , , , , , , , , 
P0473,0,0,1,1,1,1,1,1,0,0,1,1,1,1,1,1,1,1,2,1,1,0,1,1,0,0,0,0,0,0,1,0,0,0,0,0,2,2,1,1,1,1,1,1,1,0,0,1,1,1,1,0,0,1,1,1,1,0,0,0,2,1,1,1,1,0,1,0,0,1,0,0,1,0,0,2,2,1,4,3,2,2,1
P0474,0,1,0,0,1,0,0,1,0,0,1,2,1,2,2,2,1,1,1, , , , , , , , , , , , , , , , , ,1,3,2,1,1,1,1,1,3,1,0,0,0,0,1,0,0,0,0,1,0,1,0,0,2,1, , , , , , , , , , , , , , , , , , , , , 
P0475,0,0,0,0,1,0,0,0,0,0,1,3,2,3,1,1,1,1,5,1,0,0,0,0,0,0,0,0,0,0,0,0,1,0,1,0,1,1,1,1,1,1,1,1,2,0,0,1,0,0,0,0,0,1,1,0,0,0,0,0,2,2,0,0,0,0,1,0,0,0,0,0,0,0,0,1,3,3,4,2,3,2,1
P0476,1,0,0,0,0,0,0,0,0,0,3,3,3,3,3,3,3,3,1, , , , , , , , , , , , , , , , , ,1,2,1,1,1,1,2,2,2,0,0,0,0,0,0,1,0, , , , , , , , , , , , , , , , , , , , , , , , , , , , , , 
P0477,1,1,0,1,1,1,0,1,0,0,2,2,2,2,2,2,2,2,5,1,1,0,1,0,0,1,0,0,1,1,1,1,1,0,1,0,1,1,1,1,1,1,1,1,1,1,1,1,1,1,0,0,0,1,1,1,1,0,0,0,2,2,1,0,1,1,0,0,1,0,0,1,0,0,0,1,1,2,4,2,3,3,1
P0478,1,1,0,0,1,1,0,0,0,0,2,1,1,5,2,1,5,1,1, , , , , , , , , , , , , , , , , ,3,3,2,1,1,2,2,2, ,0,0,0,0,0,0,1,0, , , , , , , , , , , , , , , , , , , , , , , , , , , , , , 
P0479,0,0,0,1,0,0,0,0,0,0,3,2,3,2,2,2,3,3,2,1,0,0,0,0,0,0,0,0,0,0,0,0,0,0,0,1,1,1,2,2,1,2, ,2, ,0,1,0,0,0,0,0,0,0,0,0,0,1,0,0,2,2,0,0,0,0,1,0,1,0,0,0,0,0,0,2,2,2,5,4,4,4,4
P0480,0,1,1,0,1,0,0,1,0,0,3,2,3,2,2,2,2,1,3,1,1,0,0,0,0,0,0,0,0,0,0,1,0,0,0,0,1,1,1,1,1,1,1,1,2,0,0,0,0,0,1,0,0,1,0,0,1,0,0,0,2,2, , , , , , , , , , , , , , , , , , , , , 
P0481,1,1,1,1,1,1,1,1,0,0,2,3,2,2,3,3,2,3,5,1,1,0,0,0,0,0,0,0,0,0,1,0,1,1,0,0,2,2,2,1,1,1,2,2,2,0,0,1,0,0,0,0,0,1,1,1,1,1,0,0,2,3,1,1,1,0,1,0,0,0,0,0,0,0,0,2,2,2,4,3,3,3,3
P0482,1,0,0,0,0,0,0,0,0,0,2,2,2,3,2,2,3,3,2,1,0,0,0,0,0,0,0,0,0,1,0,0,0,0,0,0,3,3,3,2,1,2, ,2, ,0,0,0,0,0,1,0,0,0,1,0,0,1,0,0,2,2, , , , , , , , , , , , , , , , , , , , , 
P0483,1,1,0,0,0,1,0,0,0,0,3,3,3,3,3,3,3,3,2,1,0,0,0,0,0,0,0,0,0,1,0,0,0,0,0,0,3,3,2,2,2,2, , , ,0,0,0,0,0,0,1,0, , , , , , , , , , , , , , , , , , , , , , , , , , , , , , 
P0484,0,1,0,0,0,1,1,0,0,0,4,2,2,3,4,1,2,4,1, , , , , , , , , , , , , , , , , ,4,3,2,2,1,2, ,2, ,0,0,0,0,0,0,1,0, , , , , , , , , , , , , , , , , , , , , , , , , , , , , , 
P0485,1,0,1,0,0,1,0,0,0,0,2,1,2,3,1,1,2,1,2,1,0,0,0,0,0,0,0,0,0,0,0,1,0,0,1,0,2,2,2,1,2,1,1, ,2,0,1,0,0,0,0,0,0,0,0,0,0,1,0,0,2,2, , , , , , , , , , , , , , , , , , , , , 
P0486,0,1,0,1,1,1,0,1,0,0,1,1,2,2,2,1,2,1,5,1,0,0,1,0,0,0,0,0,0,1,0,1,1,1,0,0,3,3,1,1,1,1,1,1,1,1,0,1,0,1,0,0,0,0,1,0,1,0,0,0,2,2,0,0,1,0,1,1,0,0,0,0,1,0,0,1,2,2,4,3,3,3,1
P0487,0,1,0,0,0,0,0,0,0,0,2,1,1,2,2,1,2,1,3,1,0,0,0,0,0,0,0,0,0,0,0,0,1,0,0,0,3,3,2,1,1,1,2,2,2,0,0,0,0,0,0,1,0, , , , , , , , , ,0,0,0,0,1,1,0,0,0,0,0,0,0,2,1,2,4,3,3,3,3
P0488,0,0,0,0,0,1,0,0,0,0,3,1,3,1,2,1,4,3,5,0,0,0,0,0,1,0,0,0,1,0,0,0,0,0,0,0,3,1,1,1,1,1,2,2,2,0,0,0,0,0,0,1,0, , , , , , , , , , , , , , , , , , , , , , , , , , , , , , 
P0489,1,1,1,0,0,1,0,1,0,0,2,2,2,2,3,2,2,2,5,1,0,0,1,0,0,1,0,0,0,0,1,0,1,1,0,1,1,1,2,1,1,1,1,1,1,1,0,0,1,1,0,0,0,1,0,1,0,1,0,0,2,2,0,0,0,1,0,1,1,0,0,1,0,0,0,1,1,3,1,1,1,1,1
P0490,0,1,0,0,1,0,0,0,0,0,3,2,2,2,2,2,2,2,1, , , , , , , , , , , , , , , , , ,3,3,2,1,1,2,2,2, ,0,0,0,0,0,0,1,0, , , , , , , , , , , , , , , , , , , , , , , , , , , , , , 
P0491,0,1,0,0,0,1,0,0,0,0,2,2,2,3,3,1,3,3,2,0,0,0,0,0,0,0,0,1, , , , , , , , ,3,3,2,1,2,2,2, , ,1,0,1,0,0,0,0,0,0,1,0,0,0,0,0,2,2, , , , , , , , , , , , , , , , , , , , , 
P0492,0,1,1,0,0,0,0,0,0,0,4,1,1,4,4,1,3,4,2,0,0,0,0,0,0,0,0,1, , , , , , , , ,4,4,2,2,2,2, , , ,0,0,0,0,0,0,1,0, , , , , , , , , , , , , , , , , , , , , , , , , , , , , , 
P0493,0,0,0,0,1,0,0,1,0,0,3,3,2,1,2,2,1,2,2,1,0,0,0,0,0,0,0,0,0,1,0,0,1,1,0,0,3,3,1,1,2,2,1, , ,1,0,0,0,1,0,0,0,1,0,0,0,0,0,0,2,2,1,0,1,0,0,0,1,0,0,0,0,0,0,2,2,2,4,3,3,3,3
P0494,1,0,0,0,1,1,0,0,0,0,2,2,2,2,3,2,5,2,2,1,0,0,0,0,0,0,1,0,0,0,0,0,0,0,0,1,1,3,3,1,1,2,1,2, ,1,0,0,0,0,0,0,0,0,1,0,1,0,0,0,2,2, , , , , , , , , , , , , , , , , , , , , 
P0495,0,0,0,1,1,0,0,0,0,0,2,1,2,2,3,3,2,2,2,0,1,0,1,0,0,0,0,0,1,0,0,0,0,0,0,0,2,2,2,1,1,1,2,2,2,0,0,0,1,1,0,0,0,0,1,0,0,0,0,0,2,2,0,0,0,0,0,0,1,0,0,0,0,0,0,2,2,3,1,3,1,1,3
P0496,0,1,0,1,0,0,0,1,0,0,1,1,1,1,2,2,2,1,2,1,0,0,0,0,0,0,0,0,1,0,0,0,1,0,0,0,3,3,2,1,1,1,1,1,2,0,0,1,1,0,0,0,0,1,0,0,0,0,0,0,2,2,1,1,0,0,0,0,1,0,0,0,0,0,0,2,1,2,4,3,3,3,3
P0497,1,1,1,1,1,1,1,1,0,0,3,3,2,2,2,2,1,2,2,1,0,0,0,0,0,0,0,0,0,0,0,1,0,0,1,0,2,2,2,1,1,1,2,2,2,1,1,0,0,0,0,0,0,0,0,1,1,1,0,0,2,2,1,0,0,0,1,1,0,0,0,0,0,0,0,2,3,2,4,2,2,3,3
P0498,0,1,1,0,1,1,0,0,0,0,2,1,2,3,2,2,4,3,2,1,0,0,0,0,0,0,0,0,0,0,0,1,1,0,0,0,1,2,1,1,1,2,1,1, ,1,1,0,0,1,0,0,0,1,0,0,1,0,0,0,2,2,0,1,0,0,1,0,0,0,0,0,0,0,0,2,2,3,4,1,3,2,1
P0499,1,1,1,1,1,1,1,1,0,0,1,2,1,1,1,2,2,2,3,1,0,0,1,0,0,0,0,0,0,1,0,0,1,1,0,1,2,2,1,1,2,1,1, ,1,0,0,1,1,0,1,0,0,1,1,1,1,1,0,0,2,2,1,0,1,1,1,0,0,0,0,0,0,0,0,1,2,2,4,3,3,2,1
P0500,0,0,0,1,0,0,0,0,0,0,4,2,5,2,2,3,5,3,6, , , , , , , , , , , , , , , , , ,3,4,2,1,2,1,2, ,2,0,0,0,0,0,0,1,0, , , , , , , , , ,0,0,0,0,1,0,0,0,0,0,0,0,0,1,1,2,5,3,3,3,2
P0501,0,1,0,1,1,0,0,1,0,0,2,2,2,1,3,2,2,2,3,1,0,0,1,0,0,0,0,0,0,1,1,0,1,0,0,0,1,2,1,1,2,1,1, ,1,0,0,1,1,0,1,0,0,1,0,1,0,0,0,0,2,2,0,1,0,1,1,0,0,0,1,0,0,0,0,2,2,2,4,1,2,1,3
P0502,0,1,1,0,0,0,0,0,0,0,5,2,2,5,4,2,5,1,1, , , , , , , , , , , , , , , , , ,4,5,1,2,2,2, , , ,0,0,0,0,1,0,0,0,0,0,0,0,0,0,1,2,2, , , , , , , , , , , , , , , , , , , , , 
P0503,0,1,0,0,1,0,0,1,0,0,2,2,2,4,2,2,3,2,2,1,0,0,0,0,0,0,0,0,0,0,0,0,0,0,0,1,3,3,2,1,2,2,1, , ,1,1,1,0,1,0,0,0,0,1,0,1,0,1,0,2,2, , , , , , , , , , , , , , , , , , , , , 
P0504,0,0,0,1,0,0,0,0,0,0,4,2,3,3,2,2,2,3,4,0,0,0,0,0,1,0,0,0,0,0,0,0,0,0,0,1,2,2,2,2,1,1, ,2,2,0,0,0,0,1,0,0,0,0,0,0,1,0,0,0,3,2,1,0,0,1,0,0,1,1,0,1,0,0,0,2,2,3,1,3,2,3,3
P0505,0,0,0,0,1,0,1,1,0,0,4,4,3,2,2,3,2,2,2,1,0,0,0,0,0,0,0,0,0,0,0,1,0,0,0,0,5,5,3,1,2,3,2, , ,0,0,0,0,0,0,1,0, , , , , , , , , , , , , , , , , , , , , , , , , , , , , , 
P0506,1,1,1,0,1,1,1,1,0,0,2,2,2,4,3,2,2,2,2,1,0,0,0,0,0,0,0,0,0,1,0,0,0,0,0,0,3,1,2,1,1,2,2,2, ,0,1,1,0,0,0,0,0,0,1,0,0,1,0,0,2,2, , , , , , , , , , , , , , , , , , , , , 
P0507,0,0,0,0,0,0,0,0,0,1,2,2,2,2,3,2,5,1,1, , , , , , , , , , , , , , , , , ,3,4,2,2,2,2, , , ,0,0,0,0,0,0,1,0, , , , , , , , , , , , , , , , , , , , , , , , , , , , , , 
P0508,1,1,1,1,1,1,0,1,0,0,2,1,2,2,3,2,2,2,4,1,1,0,0,0,0,0,0,0,0,0,0,1,1,1,0,0,3,2,2,1,1,1,2,1,2,1,0,0,0,0,0,0,0,0,1,1,0,1,0,0,2,2,1,0,1,0,0,1,1,0,0,0,0,0,0,2,2,2,4,3,3,3,3
P0509,0,1,0,0,1,1,0,0,0,0,4,3,3,2,2,4,3,2,2,1,0,0,0,0,0,0,0,0,0,0,0,0,0,0,0,1,2,2,2,1,2,2,2, , ,0,0,0,0,0,0,1,0, , , , , , , , , , , , , , , , , , , , , , , , , , , , , , 
P0510,1,0,1,0,1,1,0,1,0,0,2,3,2,2,2,2,3,3,4,0,0,0,1,0,0,0,0,0,1,1,0,0,1,0,0,0,3,3,2,1,1,2,1,1, ,0,0,0,1,0,0,0,0,0,0,1,0,0,0,0,2,2,0,0,1,0,0,1,0,0,0,0,0,0,0,2,2,2,2,2,3,3,1
P0511,0,0,0,0,0,0,0,0,0,1,2,2,3,2,4,3,3,2,2,1,0,0,0,0,0,0,0,0,1,0,0,1,0,0,1,0,3,3,2,1,2,2,2, , ,0,1,0,1,0,0,0,0,0,1,0,0,1,0,0,2,2, , , , , , , , , , , , , , , , , , , , , 
P0512,0,1,0,0,1,0,0,0,0,0,3,2,3,3,2,2,2,3,2,1,0,0,1,0,0,0,0,0,0,0,0,0,0,0,0,1,1,1,1,1,1,2,2,2, ,0,0,1,0,0,0,0,0,0,1,0,0,0,0,0,2,2, , , , , , , , , , , , , , , , , , , , , 
P0513,0,0,0,1,1,1,0,1,0,0,1,1,1,1,1,2,1,1,4,1,1,0,1,0,0,0,0,0,0,1,0,1,1,1,0,0,1,1,1,1,1,1,1,1,1,1,0,0,0,1,0,0,0,1,1,1,0,1,0,0,2,2,1,0,0,0,0,0,1,0,0,1,0,0,0,1,1,2,4,3,2,1,1
P0514,0,1,0,0,0,0,0,0,0,0,2,3,2,3,3,3,3,3,1, , , , , , , , , , , , , , , , , ,5,5,2,2,1,2, ,2, ,0,0,0,0,0,0,1,0, , , , , , , , , , , , , , , , , , , , , , , , , , , , , , 
P0515,1,1,0,0,0,1,0,1,0,0,2,1,2,4,5,2,5,2,6, , , , , , , , , , , , , , , , , ,5,5,3,2,1,2, ,2, ,0,0,0,0,0,0,1,0, , , , , , , , , , , , , , , , , , , , , , , , , , , , , , 
P0516,0,0,0,0,0,0,0,0,0,1,4,5,5,4,4,5,4,4,1, , , , , , , , , , , , , , , , , ,4,4,2,2,2,2, , , ,0,0,0,0,0,0,1,0, , , , , , , , , , , , , , , , , , , , , , , , , , , , , , 
P0517,1,1,0,0,0,0,0,0,0,0,3,2,2,2,3,2,2,2,2,0,0,0,0,0,0,0,0,1, , , , , , , , ,1,3,1,1,1,2,2,2, ,0,0,0,0,0,0,1,0, , , , , , , , , , , , , , , , , , , , , , , , , , , , , , 
P0518,1,1,0,1,1,1,1,1,0,0,2,2,2,2,2,2,2,2,3,1,0,0,0,0,0,0,0,0,1,1,0,1,0,0,1,0,3,3,1,1,2,2,1, , ,1,1,0,1,0,0,0,0,1,0,0,1,0,0,0,2,2,1,0,0,0,0,1,1,0,0,0,0,0,0,2,2,2,4,3,3,3,1
P0519,0,1,0,0,0,0,0,0,0,0,3,2,2,3,3,2,4,2,2,1,0,0,0,0,0,0,0,0,0,0,0,0,0,0,0,1,3,3,2,2,2,2, , , ,0,0,0,0,0,0,1,0, , , , , , , , , , , , , , , , , , , , , , , , , , , , , , 
P0520,1,0,0,0,0,0,0,0,0,0,2,3,2,3,4,3,2,2,4,0,0,0,0,0,0,0,1,0,0,0,0,0,0,0,0,1,3,3,2,2,1,2, ,2, ,0,0,0,0,0,0,1,0, , , , , , , , , , , , , , , , , , , , , , , , , , , , , , 
P0521,1,1,0,0,0,0,0,1,0,0,3,3,2,3,3,2,2,2,2,1,0,0,0,0,0,0,0,0,0,0,0,1,1,0,0,0,1,1,1,1,1,1,2,2,2,1,1,1,1,1,0,0,0,1,1,0,0,0,0,0,2,2,0,1,0,0,1,1,0,0,0,0,0,0,0,2,1,2,4,3,3,3,3
P0522,0,0,0,0,0,0,0,0,0,1,3,2,2,3,3,2,2,1,1, , , , , , , , , , , , , , , , , ,5,4,2,2,2,2, , , ,0,0,0,0,0,0,1,0, , , , , , , , , , , , , , , , , , , , , , , , , , , , , , 
P0523,0,1,0,0,1,0,0,0,0,0,4,2,2,2,3,2,2,2,2,1,0,0,0,0,0,0,0,0,0,0,0,0,0,0,0,1,2,2,2,1,1,2,2,2, ,0,0,1,1,0,0,0,0,0,1,0,1,0,0,0,2,2, , , , , , , , , , , , , , , , , , , , , 
P0524,0,0,0,0,0,0,0,0,0,1,3,3,3,3,4,5,5,5,6, , , , , , , , , , , , , , , , , ,4,5,3,2,3,2, , , ,0,0,0,0,0,0,1,0, , , , , , , , , , , , , , , , , , , , , , , , , , , , , , 
P0525,0,0,1,0,0,0,1,0,0,0,2,2,2,3,2,1,1,2,2,1,0,0,0,0,0,0,0,0,0,0,1,1,0,0,0,0,3,2,2,1,1,2,1,2, ,0,0,1,1,0,0,0,0,1,1,0,0,0,0,0,2,2, , , , , , , , , , , , , , , , , , , , , 
P0526,0,1,0,0,0,0,0,0,0,0,3,2,3,4,4,2,4,3,1, , , , , , , , , , , , , , , , , ,3,4,2,2,1,3, ,2, ,0,0,0,0,0,0,1,0, , , , , , , , , , , , , , , , , , , , , , , , , , , , , , 
P0527,0,0,0,0,0,0,0,0,0,1,5,5,5,4,5,5,5,5,1, , , , , , , , , , , , , , , , , ,5,5,3,2,3,3, , , ,0,0,0,0,0,0,1,0, , , , , , , , , , , , , , , , , , , , , , , , , , , , , , 
P0528,0,1,0,0,0,1,0,0,0,0,4,2,2,2,3,2,2,2,6, , , , , , , , , , , , , , , , , ,3,3,1,1,2,3,1, , ,0,0,0,0,0,0,1,0, , , , , , , , , , , , , , , , , , , , , , , , , , , , , , 
P0529,0,0,1,0,1,1,0,1,0,0,1,1,1,3,3,2,2,2,2,1,0,0,0,0,0,0,0,0,0,0,0,1,1,1,0,0,3,3,2,1,2,2,2, , ,1,0,0,0,0,0,0,0,0,0,0,0,1,0,0,2,2,1,0,0,1,1,0,0,0,0,1,0,0,0,2,2,2,4,3,3,3,3
P0530,0,0,1,0,1,0,0,0,0,0,4,4,4,4,4,4,4,4,2,0,0,0,0,0,0,0,0,1, , , , , , , , ,5,2,1,1,1,3,1,1, ,0,0,0,0,0,0,1,0, , , , , , , , , , , , , , , , , , , , , , , , , , , , , , 
P0531,0,1,1,0,0,1,0,0,0,0,2,1,1,3,4,1,2,2,2,0,0,0,0,0,0,0,0,1, , , , , , , , ,3,3,2,2,1,2, ,2, ,0,0,0,0,0,0,1,0, , , , , , , , , , , , , , , , , , , , , , , , , , , , , , 
P0532,1,1,0,1,1,1,1,1,0,0,2,2,2,3,3,3,3,2,3,1,0,1,0,0,0,0,0,0,1,0,0,1,0,1,1,0,1,2,1,1,1,1,1,1,3,1,0,1,0,0,0,0,0,0,1,1,1,0,0,0,2,2,0,1,0,1,0,1,0,0,0,1,0,0,0,2,3,2,3,1,1,2,2
P0533,0,0,1,1,0,0,0,1,0,0,3,2,2,2,3,2,3,2,2,1,1,0,0,0,0,0,0,0,0,0,0,0,1,0,0,1,3,3,2,1,1,1,1,1,1,0,1,0,0,0,1,0,0,0,1,1,0,0,0,0,2,2,1,0,1,0,1,0,0,0,0,0,0,0,0,2,2,3,1,3,3,3,1
P0534,1,1,0,0,0,1,0,1,0,0,2,2,2,4,3,2,5,2,1, , , , , , , , , , , , , , , , , ,3,3,2,1,1,2,2,2, ,0,0,0,0,0,0,1,0, , , , , , , , , , , , , , , , , , , , , , , , , , , , , , 
P0535,1,1,0,0,0,1,0,1,0,0,1,1,1,3,3,1,5,1,1, , , , , , , , , , , , , , , , , ,3,3,2,1,1,3,2,2, ,0,0,1,0,0,1,0,0,1,1,0,0,0,0,0,2,2, , , , , , , , , , , , , , , , , , , , , 
P0536,0,0,1,0,1,0,0,0,0,0,2,2,2,3,2,2,2,2,2,0,0,0,1,0,0,0,0,0,0,1,0,0,0,0,0,0,2,2,1,1,1,1,2,2,2,0,0,0,1,0,0,0,0,0,1,0,0,1,0,0,2,2, , , , , , , , , , , , , , , , , , , , , 
P0537,0,1,0,0,0,0,0,0,0,0,2,1,1,4,4,1,4,1,1, , , , , , , , , , , , , , , , , ,3,3,2,2,1,2, ,2, ,0,1,0,0,0,0,0,0,1,0,0,0,0,0,0,2,2, , , , , , , , , , , , , , , , , , , , , 
P0538,0,1,1,0,0,1,0,0,0,0,3,2,1,5,3,2,2,2,1, , , , , , , , , , , , , , , , , ,4,3,1,1,2,2,2, , ,0,0,0,0,0,0,1,0, , , , , , , , , , , , , , , , , , , , , , , , , , , , , , 
P0539,0,0,1,1,0,0,1,0,0,0,1,3,1,2,2,2,1,3,2,1,0,0,0,0,0,0,0,0,0,0,0,1,0,0,0,0,1,1,1,1,2,1,1, ,1,0,0,0,1,0,0,0,0,0,0,0,1,0,0,0,2,2,0,0,1,0,0,0,0,0,0,0,0,0,0,1,1,3,2,3,1,2,2
P0540,0,0,1,0,1,0,0,0,0,0,3,5,2,2,3,5,2,3,3,0,0,0,0,0,0,0,0,1, , , , , , , , ,2,2,1,1,2,2,2, , ,0,0,0,0,1,0,0,0,0,0,1,1,0,0,0,2,2, , , , , , , , , , , , , , , , , , , , , 
P0541,0,0,1,1,1,0,0,0,0,0,1,2,1,1,1,2,1,2,4,1,0,0,0,0,0,0,0,0,0,0,0,0,1,1,0,0,1,2,1,1,1,1,2,1,1,0,1,1,0,1,0,0,0,1,1,0,0,0,0,0,2,2,0,1,0,1,1,0,0,0,0,0,0,0,0,1,2,1,3,1,1,1,3
P0542,1,1,1,0,1,1,0,0,0,0,2,2,2,2,2,2,2,2,2,1,0,0,0,0,0,0,0,0,0,0,0,0,1,0,0,0,3,3,2,1,1,1,2,2,2,1,0,0,0,0,0,0,0,0,1,0,0,0,0,0,2,2,1,0,0,0,0,0,0,0,0,0,0,0,0,2,2,2,4,3,3,3,3
P0543,1,1,1,0,0,0,0,0,0,0,2,2,2,4,4,2,2,2,2,1,0,0,0,0,0,0,0,0,0,0,0,0,0,0,0,1,4,3,1,2,1,2, ,1, ,0,0,0,0,0,0,1,0, , , , , , , , , , , , , , , , , , , , , , , , , , , , , , 
P0544,0,0,1,0,0,1,1,0,0,0,2,2,2,2,2,2,2,2,2,1,0,0,1,0,0,0,0,0,1,0,0,0,0,0,1,0,2,2,1,1,1,1,2,2,2,0,1,1,0,0,0,0,0,0,0,1,0,1,0,0,3,1, , , , , , , , , , , , , , , , , , , , , 
P0545,0,0,0,0,1,0,0,1,0,0,3,3,3,4,3,3,3,3,6, , , , , , , , , , , , , , , , , ,5,2,2,1,2,2,2, , ,0,0,0,0,0,0,1,0, , , , , , , , , , , , , , , , , , , , , , , , , , , , , , 
P0546,0,1,1,0,0,1,0,0,0,0,2,2,2,3,2,2,3,2,3,1,0,0,0,0,0,0,1,0,0,1,1,0,1,0,0,0,3,3,1,1,1,1,2,2,2,1,0,0,0,0,1,0,0,0,0,0,0,1,0,0,2,2,1,0,1,0,1,1,0,0,0,1,0,0,0,2,5,4,4,3,3,3,3
P0547,0,0,1,0,0,1,1,0,0,0,3,2,2,3,4,2,2,2,1, , , , , , , , , , , , , , , , , ,4,4,2,2,2,2, , , ,0,0,1,0,0,0,0,0,1,0,0,0,0,0,0,2,2, , , , , , , , , , , , , , , , , , , , , 
P0548,0,0,0,0,0,0,0,0,0,1,1,1,2,4,4,2,4,3,1, , , , , , , , , , , , , , , , , ,4,5,2,2,1,2, ,1, ,0,0,0,0,0,0,1,0, , , , , , , , , , , , , , , , , , , , , , , , , , , , , , 
P0549,0,1,0,0,0,1,0,0,0,0,2,2,2,4,4,2,4,3,1, , , , , , , , , , , , , , , , , ,5,5,3,2,2,2, , , ,0,0,0,0,0,0,1,0, , , , , , , , , , , , , , , , , , , , , , , , , , , , , , 
P0550,1,1,0,0,0,0,0,0,0,0,2,2,2,4,4,2,5,5,1, , , , , , , , , , , , , , , , , ,3,3,2,2,1,2, ,1, ,0,0,0,0,0,0,1,0, , , , , , , , , , , , , , , , , , , , , , , , , , , , , , 
P0551,0,0,0,1,1,0,0,1,0,0,3,4,2,2,2,4,5,2,3,1,0,0,0,0,0,0,0,0,1,0,0,1,1,0,0,1,2,5,1,1,1,1,1,2,2,1,0,0,0,0,0,0,0,0,1,1,1,0,0,0,2,2,0,0,0,0,1,0,0,0,1,0,0,0,0,2,2,2,4,3,3,3,1
P0552,0,1,0,0,1,1,1,0,0,0,2,3,2,3,2,1,2,3,2,1,0,0,1,0,0,0,0,0,0,1,0,0,1,0,0,0,2,1,2,1,1,1,2,3,2,0,0,0,1,0,1,0,0,1,0,0,1,0,0,0,2,2,1,0,0,0,1,0,0,1,0,0,0,0,0,2,3,1,4,3,3,3,1
P0553,0,1,0,0,1,1,0,0,0,0,1,1,1,4,1,4,5,1,6, , , , , , , , , , , , , , , , , ,5,5,3,3,3,3, , , ,0,0,0,0,1,0,0,0,1,0,0,1,0,0,0,3,3, , , , , , , , , , , , , , , , , , , , , 
P0554,1,0,0,0,0,1,0,0,0,0,2,2,2,3,3,1,3,3,2,0,0,0,0,0,0,0,0,1, , , , , , , , ,3,3,2,2,1,2, ,2, ,0,0,0,0,0,0,1,0, , , , , , , , , , , , , , , , , , , , , , , , , , , , , , 
P0555,0,0,0,0,0,0,0,0,0,1,3,3,3,3,3,3,3,3,1, , , , , , , , , , , , , , , , , ,4,3,2,2,1,2, ,2, ,0,0,0,0,0,0,1,0, , , , , , , , , , , , , , , , , , , , , , , , , , , , , , 
P0556,0,1,0,0,0,1,0,0,0,0,3,2,2,3,3,2,2,2,1, , , , , , , , , , , , , , , , , ,4,3,2,2,1,2, ,2, ,0,0,0,0,0,0,1,0, , , , , , , , , , , , , , , , , , , , , , , , , , , , , , 
P0557,0,0,1,0,0,1,0,0,0,0,3,2,2,3,3,3,3,2,2,0,0,0,0,0,0,0,0,1, , , , , , , , ,4,2,2,2,2,2, , , ,0,0,0,0,0,0,1,0, , , , , , , , , , , , , , , , , , , , , , , , , , , , , , 
P0558,1,1,0,0,1,1,0,0,0,0,1,1,1,2,2,1,2,2,2,1,0,0,0,0,0,0,0,0,0,0,0,0,0,0,0,1,3,3,1,1,1,2,2,2, ,1,0,0,0,0,0,0,0,0,1,0,1,0,0,0,2,2, , , , , , , , , , , , , , , , , , , , , 
P0559,0,0,0,0,0,0,0,0,0,1,2,2,2,4,4,2,4,2,1, , , , , , , , , , , , , , , , , ,3,3,2,2,2,2, , , ,0,0,0,0,0,0,1,0, , , , , , , , , , , , , , , , , , , , , , , , , , , , , , 
P0560,0,1,0,0,0,1,0,0,0,0,2,2,2,4,4,2,5,3,6, , , , , , , , , , , , , , , , , ,5,5,3,2,1,3, ,2, ,0,0,0,0,0,0,1,0, , , , , , , , , , , , , , , , , , , , , , , , , , , , , , 
P0561,0,0,0,0,1,0,0,0,0,0,2,3,4,1,3,1,2,2,2,1,0,0,0,0,0,0,0,0,0,0,0,0,0,0,0,1,1,1,1,1,1,1,2,1,2,1,0,0,0,0,0,0,0,0,0,0,1,0,0,0,2,2, , , , , , , , , , , , , , , , , , , , , 
P0562,0,1,0,0,0,1,0,0,0,0,2,2,2,4,2,2,2,2,2,1,0,0,0,0,0,0,0,0,0,0,0,0,0,0,0,1,3,3,3,2,1,2, ,2, ,0,0,0,0,0,0,1,0, , , , , , , , , , , , , , , , , , , , , , , , , , , , , , 
P0563,0,0,0,0,0,0,0,0,0,1,3,2,2,3,2,2,5,2,1, , , , , , , , , , , , , , , , , ,3,3,2,2,2,2, , , ,0,0,0,0,0,0,1,0, , , , , , , , , , , , , , , , , , , , , , , , , , , , , , 
P0564,0,0,0,0,1,0,0,0,0,0,4,4,3,4,4,4,4,4,2,1,0,0,0,0,0,0,0,0,0,0,0,1,0,0,0,0,2,5,1,2,2,2, , , ,0,0,0,0,0,0,0,1, , , , , , , , , , , , , , , , , , , , , , , , , , , , , , 
P0565,0,0,0,0,1,0,1,0,0,0,4,3,3,2,1,4,1,2,1, , , , , , , , , , , , , , , , , ,3,3,2,1,2,2,1, , ,1,1,0,0,0,0,0,0,0,1,0,1,0,0,0,2,2, , , , , , , , , , , , , , , , , , , , , 
P0566,0,0,0,0,1,1,0,0,0,0,4,3,4,4,2,3,2,4,1, , , , , , , , , , , , , , , , , ,3,3,1,1,2,3,3, , ,0,0,0,0,0,0,1,0, , , , , , , , , , , , , , , , , , , , , , , , , , , , , , 
P0567,1,1,0,0,0,0,0,0,0,0,2,2,3,4,4,3,4,2,1, , , , , , , , , , , , , , , , , ,4,3,2,2,1,2, ,2, ,0,0,0,0,0,0,1,0, , , , , , , , , , , , , , , , , , , , , , , , , , , , , , 
P0568,1,0,0,0,1,0,0,0,0,0,2,2,2,5,2,2,5,2,1, , , , , , , , , , , , , , , , , ,5,5,1,1,1,2,2,1, ,0,0,0,0,0,0,1,0, , , , , , , , , , , , , , , , , , , , , , , , , , , , , , 
P0569,0,1,1,0,0,1,0,0,0,0,3,2,2,4,4,2,4,2,2,0,0,0,0,0,0,0,0,1, , , , , , , , ,3,4,2,2,2,3, , , ,0,0,0,0,0,0,1,0, , , , , , , , , , , , , , , , , , , , , , , , , , , , , , 
P0570,0,0,0,1,0,0,0,0,0,0,2,2,2,2,1,2,2,1,3,0,0,0,0,0,1,0,0,0,0,0,1,0,0,0,0,0,2,2,1,1,1,1,2,3,4,1,0,0,0,0,0,0,0,1,0,0,0,0,0,0,2,2,0,1,0,0,1,0,0,0,0,0,0,0,0,2,2,3,2,2,2,1,3
P0571,0,1,0,0,0,0,0,0,0,0,3,2,5,5,3,5,5,5,1, , , , , , , , , , , , , , , , , ,5,3,2,2,2,2, , , ,0,0,0,0,0,0,1,0, , , , , , , , , , , , , , , , , , , , , , , , , , , , , , 
P0572,0,0,0,0,0,0,0,0,0,1,2,2,2,2,5,2,5,2,1, , , , , , , , , , , , , , , , , ,4,4,2,2,2,2, , , ,0,0,0,0,0,0,1,0, , , , , , , , , , , , , , , , , , , , , , , , , , , , , , 
P0573,1,1,0,0,1,0,0,1,0,0,1,1,1,4,3,2,2,1,1, , , , , , , , , , , , , , , , , ,2,3,1,1,1,2,1,1, ,0,0,0,0,0,0,1,0, , , , , , , , , , , , , , , , , , , , , , , , , , , , , , 
P0574,0,0,1,0,0,1,0,1,0,0,4,3,2,3,3,3,3,3,2,0,0,0,0,0,0,0,0,1, , , , , , , , ,4,4,2,2,1,2, ,2, ,0,0,0,0,0,0,1,0, , , , , , , , , , , , , , , , , , , , , , , , , , , , , , 
P0575,0,0,0,0,1,0,0,0,0,0,2,3,2,4,3,2,3,3,2,0,0,0,0,0,0,0,0,1, , , , , , , , ,3,3,2,1,1,2,2,2, ,0,0,0,0,0,0,1,0, , , , , , , , , , , , , , , , , , , , , , , , , , , , , , 
P0576,1,1,0,0,0,0,0,1,0,0,2,2,2,2,2,1,5,2,2,0,0,0,1,0,0,0,0,0,0,1,0,0,0,0,0,0,3,3,1,1,1,2,2,2, ,0,0,0,0,0,0,1,0, , , , , , , , , , , , , , , , , , , , , , , , , , , , , , 
P0577,0,0,0,1,1,0,0,0,0,0,1,2,2,1,1,2,1,2,3,1,0,0,1,0,0,0,0,0,0,1,0,0,0,1,1,0,1,1,1,1,2,1,1, ,2,1,0,0,0,0,0,0,0,0,0,1,1,0,0,0,2,2,1,0,1,1,1,0,1,1,0,1,0,0,0,2,2,3,2,1,1,1,1
P0578,0,0,0,0,0,0,0,0,0,1,2,2,2,4,3,2,4,2,1, , , , , , , , , , , , , , , , , ,4,4,2,2,2,2, , , ,0,0,0,0,0,0,1,0, , , , , , , , , , , , , , , , , , , , , , , , , , , , , , 
P0579,1,0,0,0,1,1,1,0,0,0,2,2,2,3,3,2,2,2,2,1,1,0,0,0,0,0,0,0,0,1,0,1,0,0,1,0,4,4,1,2,1,2, ,2, ,0,0,0,1,0,0,0,0,0,0,0,0,1,0,0,1,2, , , , , , , , , , , , , , , , , , , , , 
P0580,0,0,0,0,0,0,0,0,0,1,4,4,3,4,3,4,3,3,1, , , , , , , , , , , , , , , , , ,3,4,2,2,2,2, , , ,0,0,0,0,0,0,1,0, , , , , , , , , , , , , , , , , , , , , , , , , , , , , , 
P0581,0,0,0,0,0,0,0,1,0,0,2,2,2,2,2,2,2,2,2,0,0,0,0,0,0,0,0,1, , , , , , , , ,1,3,1,1,2,2,1, , ,0,0,0,0,0,0,1,0, , , , , , , , , , , , , , , , , , , , , , , , , , , , , , 
P0582,1,0,0,0,0,0,0,0,0,0,3,1,3,3,1,3,1,1,3,0,0,0,0,1,0,0,0,0,0,0,0,0,0,0,0,1,3,2,3,1,1,1,2,1,2,0,0,1,0,0,0,0,0,0,0,0,0,1,0,0,2,2, , , , , , , , , , , , , , , , , , , , , 
P0583,0,1,1,0,1,0,0,1,0,0,3,2,2,3,2,2,3,1,2,0,0,0,0,0,0,0,1,0,1,0,0,0,0,0,0,0,3,3,1,1,1,2,2,2, ,0,0,0,0,0,0,1,0, , , , , , , , , , , , , , , , , , , , , , , , , , , , , , 
P0584,0,1,0,1,1,1,0,1,0,0,4,2,3,2,1,3,3,2,3,1,0,0,1,0,0,0,0,0,0,0,0,1,1,0,1,0,2,2,1,1,1,1,1,2,1,0,0,1,1,0,1,0,0,1,1,1,1,0,0,0,2,2,0,0,0,1,1,0,1,1,0,0,0,0,0,2,1,2,2,3,3,3,1
P0585,1,0,0,0,0,0,0,0,0,0,2,2,2,3,3,2,2,2,1, , , , , , , , , , , , , , , , , ,3,5,1,2,1,2, ,2, ,0,0,0,0,0,0,0,1, , , , , , , , , , , , , , , , , , , , , , , , , , , , , , 
P0586,0,0,0,0,1,0,0,0,0,0,1,1,1,1,1,1,1,1,5,1,0,0,0,0,0,0,0,0,0,0,0,1,0,0,0,1,3,3,1,1,1,1,2,2,2,0,1,0,0,0,0,0,0,0,0,0,1,0,0,0,2,2, , , , , , , , , , , , , , , , , , , , , 
P0587,1,0,0,1,1,0,0,0,0,0,2,1,2,1,1,1,2,2,3,1,1,0,0,0,0,0,0,0,1,0,0,1,0,0,0,0,2,1,2,1,1,1,1,1,2,0,1,1,0,0,0,0,0,1,0,0,1,1,0,0,2,2,1,1,0,0,0,1,1,1,0,0,0,0,0,2,2,2,4,1,3,3,1
P0588,0,1,0,0,1,1,0,1,0,0,1,2,1,1,3,2,2,1,2,1,0,1,0,0,0,0,0,0,1,1,0,0,1,0,0,0,2,2,1,1,1,1,1,1,2,0,0,0,0,0,0,1,0, , , , , , , , , ,0,0,0,0,0,1,1,0,0,0,0,0,0,1,1,2,3,1,2,3,2
P0589,0,0,0,0,1,0,1,0,0,0,1,1,2,2,2,1,2,1,4,1,0,0,0,0,0,0,0,0,0,0,0,0,0,0,1,0,2,2,2,1,1,1,1,1,1,0,1,0,0,0,0,0,0,0,1,0,0,0,0,0,2,2, , , , , , , , , , , , , , , , , , , , , 
P0590,1,0,0,0,1,0,0,0,0,0,2,3,3,2,1,2,2,1,2,0,0,0,0,1,1,1,0,0,1,1,0,0,1,0,1,0,1,1,1,1,2,1,2, ,2,1,1,1,0,0,1,0,0,1,1,1,0,0,0,0,2,2,1,0,1,0,0,1,0,0,1,0,0,0,0,1,1,3,1,2,2,2,1
P0591,0,1,1,0,1,1,1,0,0,0,2,1,1,2,3,1,2,2,2,1,0,0,0,0,0,0,0,0,1,1,0,0,1,0,0,0,1,1,2,1,1,1,2,2,2,0,0,0,0,0,0,1,0, , , , , , , , , ,0,0,0,0,1,1,1,1,0,1,0,0,0,1,2,2,4,3,3,3,1
P0592,0,1,0,0,0,0,0,1,0,0,1,2,1,5,4,1,5,2,2,0,0,0,0,0,0,0,0,1, , , , , , , , ,5,5,3,1,2,3,2, , ,0,0,0,0,0,1,0,0,1,0,0,0,0,0,0,3,2, , , , , , , , , , , , , , , , , , , , , 
P0593,1,0,0,0,1,0,0,0,0,0,2,3,2,2,2,3,2,1,3,1,1,0,1,0,0,0,0,0,0,0,0,0,1,0,0,1,5,3,2,1,1,2,2,2, ,0,0,1,0,0,0,0,0,0,0,1,0,0,0,0,2,2,0,0,0,1,0,0,0,0,0,0,0,0,0,2,1,4,5,3,3,3,3
P0594,0,1,1,0,1,0,1,0,0,0,2,2,1,4,3,1,2,4,3,0,1,0,1,0,0,0,0,0,0,1,0,0,1,1,0,0,3,1,1,1,2,1,2, ,2,0,0,1,0,0,1,0,0,1,0,0,1,1,0,0,2,2,1,0,0,0,0,0,1,1,0,0,0,0,0,2,3,2,4,3,3,3,2
P0595,1,1,0,0,0,1,0,1,0,0,2,2,2,2,4,1,3,2,3,0,0,0,1,0,0,0,0,0,0,0,0,0,1,1,0,0,3,1,2,3,1,3, ,1, ,0,0,0,0,0,0,1,0, , , , , , , , , ,0,0,0,0,1,1,0,0,0,1,0,0,0,2,1,2,3,3,3,3,2
P0596,1,1,1,0,0,0,0,0,0,0,2,2,2,4,4,3,4,3,1, , , , , , , , , , , , , , , , , ,3,3,2,2,1,2, ,2, ,0,0,0,0,0,0,1,0, , , , , , , , , , , , , , , , , , , , , , , , , , , , , , 
P0597,0,1,0,0,0,0,0,1,0,0,2,4,3,3,3,3,5,2,2,1,0,0,0,0,0,0,0,0,0,0,0,0,0,0,0,1,3,3,2,1,1,2,2,2, ,1,1,0,0,0,0,0,0,1,1,0,0,1,0,0,3,2, , , , , , , , , , , , , , , , , , , , , 
P0598,0,1,0,0,0,0,0,0,0,0,2,2,2,4,4,2,4,3,1, , , , , , , , , , , , , , , , , ,4,3,2,2,2,2, , , ,0,0,0,0,0,0,1,0, , , , , , , , , , , , , , , , , , , , , , , , , , , , , , 
P0599,1,1,0,1,1,0,0,1,0,0,1,2,1,1,1,2,1,2,5,1,0,0,0,0,0,0,0,0,0,0,1,0,1,1,1,0,3,3,2,1,1,1,1,1,1,1,0,1,0,1,0,0,0,1,1,1,1,0,0,0,2,2,1,0,0,1,0,0,1,1,0,0,0,0,0,1,1,2,3,1,1,1,1
P0600,0,1,0,0,1,0,0,0,0,0,3,4,3,2,3,4,3,3,6, , , , , , , , , , , , , , , , , ,2,2,1,1,2,2,3, , ,0,0,1,0,0,0,0,0,0,0,0,1,1,0,0,1,2, , , , , , , , , , , , , , , , , , , , , 
P0601,0,1,1,0,0,1,1,0,0,0,3,2,2,4,4,2,2,3,2,1,0,0,0,0,0,0,0,0,0,0,0,0,0,0,0,1,2,2,1,1,1,3,2,2, ,0,0,0,0,0,0,1,0, , , , , , , , , , , , , , , , , , , , , , , , , , , , , , 
P0602,1,0,0,0,0,0,1,1,0,0,2,1,1,3,2,2,2,2,2,0,0,1,0,0,0,0,0,0,1,0,0,0,1,0,0,0,2,2,1,1,1,3,2,2, ,1,0,0,0,0,0,0,0,0,1,0,0,1,0,0,2,2,0,0,1,0,0,0,1,1,0,0,0,0,0,2,3,3,4,3,3,3,3
P0603,0,1,1,0,0,0,1,0,0,0,4,3,2,3,2,2,2,2,3,0,0,0,1,1,0,0,0,0,0,1,0,0,0,0,0,1,2,3,1,1,1,1,2,2,2,1,0,1,0,0,1,0,0,0,1,0,1,0,0,0,2,2, , , , , , , , , , , , , , , , , , , , , 
P0604,0,1,0,1,1,1,1,1,0,0,5,3,2,3,2,3,3,3,3,1,1,0,1,0,0,0,0,0,1,1,0,1,1,0,1,1,2,2,1,2,2,1, , ,2,0,0,0,0,0,0,1,0, , , , , , , , , ,1,0,0,0,0,0,0,0,0,0,0,0,0,2,2,3,4,3,3,3,1
P0605,0,1,1,1,1,1,1,1,0,0,2,2,2,3,4,1,2,3,5,1,1,0,0,0,0,1,0,0,1,1,0,1,1,1,0,0,2,2,1,1,1,1,2,1,2,1,1,1,0,1,0,0,0,1,1,1,0,1,0,0,2,2,1,1,0,1,1,1,1,0,1,1,0,0,0,2,2,1,1,1,2,3,1
P0606,0,0,0,0,0,0,0,0,0,1,2,2,2,4,4,2,4,2,2,0,0,0,0,0,0,0,0,1, , , , , , , , ,5,5,3,2,2,2, , , ,0,0,0,0,0,0,1,0, , , , , , , , , , , , , , , , , , , , , , , , , , , , , , 
P0607,1,0,0,0,0,1,0,1,0,0,3,1,3,2,3,2,2,1,2,1,0,0,0,0,1,0,0,0,0,0,0,0,1,0,0,0,1,2,1,1,2,1,1, ,1,1,1,1,0,0,0,0,0,1,0,1,0,0,0,0,2,2,1,0,0,0,0,1,0,0,1,0,0,0,0,2,2,1,1,1,2,1,3
P0608,0,0,0,0,1,0,0,1,0,0,2,2,3,4,3,1,2,1,4,1,0,0,0,0,0,0,0,0,0,0,0,1,0,1,1,0,3,3,2,1,2,2,2, , ,0,0,1,0,0,0,0,0,0,0,0,1,0,0,0,2,2, , , , , , , , , , , , , , , , , , , , , 
P0609,1,1,1,0,1,1,0,1,0,0,1,2,2,3,2,1,3,2,2,1,1,0,1,1,0,0,0,0,0,1,0,1,0,1,0,1,2,2,1,1,1,1,2,1,2,1,1,1,1,1,1,0,0,1,1,0,0,1,0,0,2,2, , , , , , , , , , , , , , , , , , , , , 
P0610,0,1,1,0,0,1,1,1,0,0,1,1,2,2,1,2,1,2,4,1,1,0,1,1,1,1,0,0,1,0,0,1,1,1,1,1,1,2,1,1,1,1,1,1,3,0,1,0,1,1,0,0,0,1,0,1,1,1,0,0,2,2,1,1,0,0,0,1,1,1,1,0,0,0,0,2,2,3,2,1,1,1,3
P0611,0,0,0,1,0,0,0,0,0,0,2,2,2,2,3,2,2,2,5,1,1,1,1,0,1,0,0,0,1,0,1,0,0,0,1,1,1,1,1,1,1,2,2,1, ,0,0,0,1,0,0,0,0,0,0,0,1,0,0,0,2,2,0,0,1,0,0,0,0,0,0,0,0,0,0,2,1,1,2,1,3,2,1
P0612,1,1,1,0,1,1,0,0,0,0,3,2,2,4,3,2,5,2,2,0,0,0,0,0,0,0,0,1, , , , , , , , ,3,3,2,1,1,2,2,2, ,0,0,0,0,0,1,0,0,1,1,0,0,0,0,0,2,2, , , , , , , , , , , , , , , , , , , , , 
P0613,0,0,0,0,1,1,0,1,0,0,3,2,2,2,3,2,2,3,2,1,0,0,0,0,0,0,0,0,0,0,0,0,1,1,0,0,1,3,1,1,1,1,2,2,2,0,0,1,0,0,1,0,0,0,1,0,0,0,0,0,2,2,1,0,0,0,1,0,0,0,0,0,0,0,0,2,2,2,3,3,3,3,3
P0614,0,1,1,0,0,0,0,0,0,0,2,1,1,2,5,1,1,1,6, , , , , , , , , , , , , , , , , ,5,5,2,2,1,3, ,2, ,0,0,0,0,0,0,1,0, , , , , , , , , , , , , , , , , , , , , , , , , , , , , , 
P0615,1,1,0,0,1,1,0,1,0,0,1,1,1,2,4,1,2,1,2,1,0,0,0,0,0,0,0,0,0,0,0,0,1,0,0,0,3,3,1,1,1,3,2,2, ,1,0,0,1,1,0,0,0,1,1,0,0,1,0,0,2,2,0,0,0,0,0,0,0,0,0,0,0,0,1,1,2,2,4,3,3,3,1
P0616,0,1,0,0,0,0,0,1,0,0,2,2,2,4,2,2,3,2,1, , , , , , , , , , , , , , , , , ,3,3,2,3,2,2, , , ,0,0,0,0,0,0,1,0, , , , , , , , , , , , , , , , , , , , , , , , , , , , , , 
P0617,0,0,0,0,1,1,0,0,0,0,2,2,2,3,2,2,3,2,2,1,0,0,0,0,0,0,0,0,0,0,0,1,0,0,0,0,3,3,2,1,1,1,5,5,5,0,0,0,1,0,0,0,0,1,0,0,0,0,0,0,2,2, , , , , , , , , , , , , , , , , , , , , 
P0618,0,0,0,0,1,0,0,0,0,0,3,3,3,4,2,3,3,3,2,0,0,0,0,0,0,0,0,1, , , , , , , , ,5,5,3,1,1,2,3,3, ,0,0,0,0,0,0,1,0, , , , , , , , , , , , , , , , , , , , , , , , , , , , , , 
P0619,0,1,0,0,1,0,0,0,0,0,3,2,3,2,2,2,2,1,2,1,0,0,0,0,0,0,0,0,0,1,0,0,0,0,0,0,1,1,2,1,3,1,2, ,2,1,0,0,1,0,0,0,0,1,1,1,1,0,0,0,2,2, , , , , , , , , , , , , , , , , , , , , 
P0620,1,1,0,0,0,0,0,0,0,0,1,1,2,4,4,2,3,2,1, , , , , , , , , , , , , , , , , ,4,3,2,2,1,3, ,2, ,0,0,0,0,0,0,1,0, , , , , , , , , , , , , , , , , , , , , , , , , , , , , , 
P0621,0,1,0,1,1,1,1,0,0,0,1,1,2,1,2,2,3,3,4,1,1,0,1,0,0,0,0,0,0,1,1,1,0,0,0,0,1,1,2,1,1,1,1,2,1,1,0,1,0,1,0,0,0,1,0,1,0,0,0,0,2,2,1,0,1,1,0,1,0,0,0,1,0,0,0,1,1,2,3,2,1,1,2
P0622,0,1,1,0,0,1,0,1,0,0,3,2,2,2,3,2,5,2,2,1,0,0,0,0,0,0,0,0,0,0,0,0,1,0,0,0,4,5,2,2,1,3, ,2, ,0,0,0,0,0,0,1,0, , , , , , , , , ,0,0,0,0,0,0,1,0,0,0,0,0,0,2,2,2,4,3,3,3,3
P0623,0,0,0,0,1,0,0,1,0,0,4,3,3,4,3,3,3,2,1, , , , , , , , , , , , , , , , , ,2,3,2,1,1,3,1,4, ,1,0,1,0,1,0,0,0,1,1,0,0,0,0,0,2,2, , , , , , , , , , , , , , , , , , , , , 
P0624,0,1,1,1,1,1,0,1,0,0,3,2,2,2,3,2,1,2,4,1,0,0,1,1,0,0,0,0,0,1,0,1,1,0,0,0,1,1,1,1,1,1,2,2,2,1,0,1,0,0,0,0,0,0,1,1,0,0,0,0,2,2,0,0,0,1,0,1,0,0,0,1,0,0,0,2,2,2,4,3,3,1,3
P0625,0,0,0,0,1,0,0,0,0,0,2,3,2,2,1,2,2,2,1, , , , , , , , , , , , , , , , , ,3,5,1,2,2,2, , , ,0,0,0,1,0,0,0,0,0,1,0,1,0,0,0,2,2, , , , , , , , , , , , , , , , , , , , , 
P0626,1,0,0,0,0,1,0,0,0,0,2,2,2,1,2,1,2,1,3,1,0,0,0,0,0,1,0,0,0,0,0,1,1,0,0,0,2,2,1,1,2,2,2, , ,0,0,1,0,0,0,0,0,0,1,0,0,0,0,0,2,1,0,1,0,1,0,0,0,0,0,0,0,0,0,3,3,2,2,1,2,3,2
P0627,0,0,0,1,0,0,0,0,0,0,4,3,4,2,3,4,2,1,4,1,0,0,1,0,0,0,0,0,0,0,0,1,1,1,0,1,1,1,2,2,2,1, , ,2,1,0,0,0,0,0,0,0,1,1,1,0,0,0,0,2,2,0,0,1,0,1,0,0,0,0,1,0,0,0,1,2,2,4,3,3,3,3
P0628,1,1,0,0,1,1,0,1,0,0,2,2,2,2,3,2,2,2,2,1,0,0,0,0,0,0,0,0,0,0,0,1,0,0,0,0,3,3,2,1,1,1,2,2,2,0,0,0,0,0,0,1,0, , , , , , , , , , , , , , , , , , , , , , , , , , , , , , 
P0629,1,0,0,0,0,0,0,0,0,0,3,2,2,2,2,2,2,2,2,0,0,0,0,0,1,0,0,0,0,0,0,0,0,0,1,0,2,2,1,1,1,1,2,2,2,1,0,0,0,0,0,0,0,0,0,0,1,0,0,0,2,2, , , , , , , , , , , , , , , , , , , , , 
P0630,1,1,0,0,1,1,1,1,0,0,2,2,2,4,2,2,2,3,2,1,0,0,0,0,0,0,0,0,0,0,0,1,0,0,0,0,3,3,2,1,1,2,1,1, ,1,0,0,0,1,0,0,0,1,1,0,0,1,0,0,2,2, , , , , , , , , , , , , , , , , , , , , 
P0631,0,1,0,0,0,0,0,0,0,0,4,2,2,4,4,2,4,3,6, , , , , , , , , , , , , , , , , ,5,5,3,2,2,2, , , ,0,0,0,0,0,0,1,0, , , , , , , , , , , , , , , , , , , , , , , , , , , , , , 
P0632,1,0,1,0,0,0,0,0,0,0,2,5,2,5,5,5,5,5,2,0,0,0,0,0,0,0,0,1, , , , , , , , ,3,3,2,2,1,2, ,2, ,0,0,0,0,0,0,1,0, , , , , , , , , , , , , , , , , , , , , , , , , , , , , , 
P0633,1,1,1,0,1,1,0,1,0,0,2,2,1,2,2,2,1,2,4,0,1,0,1,0,0,0,0,0,0,0,0,1,1,0,0,0,1,1,1,1,1,1,1,1,1,0,0,1,0,0,0,0,0,0,1,0,0,0,0,0,2,2,1,0,0,1,0,0,0,0,0,0,0,0,0,1,1,2,4,3,3,3,1
P0634,1,1,0,0,0,1,0,0,0,0,1,1,2,3,4,1,2,2,1, , , , , , , , , , , , , , , , , ,3,3,3,2,1,3, ,2, ,0,0,0,0,0,0,1,0, , , , , , , , , , , , , , , , , , , , , , , , , , , , , , 
P0635,1,0,0,0,0,0,0,0,0,0,3,2,2,2,2,3,3,3,3,1,0,0,0,0,0,0,0,0,0,0,1,0,0,0,0,1,4,3,3,3,1,2, ,2, ,0,0,0,0,0,0,0,1, , , , , , , , , , , , , , , , , , , , , , , , , , , , , , 
P0636,0,0,0,0,0,0,0,1,0,0,2,1,1,2,1,2,2,3,1, , , , , , , , , , , , , , , , , ,1,1,1,1,1,2,1,1, ,0,1,1,1,0,0,0,0,0,1,0,0,1,0,0,1,2, , , , , , , , , , , , , , , , , , , , , 
P0637,0,0,0,0,1,0,0,0,0,0,3,2,1,2,3,2,2,1,1, , , , , , , , , , , , , , , , , ,3,3,2,1,2,2,2, , ,0,0,0,0,0,0,1,0, , , , , , , , , , , , , , , , , , , , , , , , , , , , , , 
P0638,1,1,1,0,0,0,0,0,0,0,3,2,2,5,4,2,2,2,1, , , , , , , , , , , , , , , , , ,3,3,3,2,1,2, ,2, ,0,0,0,0,0,0,1,0, , , , , , , , , , , , , , , , , , , , , , , , , , , , , , 
P0639,0,0,0,0,1,0,0,0,1,0,4,2,3,1,3,4,4,2,6, , , , , , , , , , , , , , , , , ,2,2,1,1,1,3,2,2, ,0,0,0,0,0,0,1,0, , , , , , , , , , , , , , , , , , , , , , , , , , , , , , 
P0640,0,1,0,0,0,1,1,1,0,0,2,2,2,2,2,2,2,2,3,0,0,0,0,0,0,1,0,0,0,0,0,0,1,0,0,0,3,3,1,1,1,1,2,2,2,0,0,0,0,0,0,1,0, , , , , , , , , ,0,0,1,0,0,0,0,0,0,0,0,0,0,2,3,2,4,3,3,3,1
P0641,0,0,0,0,1,1,0,0,0,0,1,2,1,1,2,2,2,1,2,1,0,0,0,0,0,0,0,0,0,1,0,0,0,0,0,0,3,3,1,1,1,2,1,1, ,0,1,0,0,0,0,0,0,0,0,0,0,1,0,0,2,2, , , , , , , , , , , , , , , , , , , , , 
P0642,0,0,0,0,0,0,0,0,0,1,5,5,5,5,5,5,5,5,1, , , , , , , , , , , , , , , , , ,5,5,3,3,3,3, , , ,0,0,0,0,0,0,1,0, , , , , , , , , , , , , , , , , , , , , , , , , , , , , , 
P0643,0,0,0,0,0,0,0,0,0,1,5,5,5,5,4,5,5,5,1, , , , , , , , , , , , , , , , , ,3,4,2,2,2,2, , , ,0,0,0,0,0,0,1,0, , , , , , , , , , , , , , , , , , , , , , , , , , , , , , 
P0644,0,1,0,1,1,1,0,1,0,0,3,3,3,3,3,2,4,2,3,1,1,0,0,0,0,0,0,0,0,0,0,1,1,1,1,1,2,2,1,2,2,2, , , ,1,0,0,0,0,0,0,0,1,1,1,0,0,0,0,2,2,1,0,0,0,0,1,0,0,0,0,1,0,0,2,2,4,4,3,3,3,3
P0645,1,0,1,0,0,0,0,0,0,0,2,2,2,2,2,2,2,2,5,0,1,0,0,0,0,0,0,0,1,0,0,0,1,0,1,0,1,1,1,1,1,1,2,2,2,1,0,0,0,0,0,0,0,0,0,1,0,0,0,0,2,2,1,0,0,0,1,1,0,0,0,0,0,0,0,1,1,2,4,3,3,3,3
P0646,1,0,0,0,1,0,0,1,0,0,2,1,2,3,1,1,5,3,1, , , , , , , , , , , , , , , , , ,3,1,1,1,2,1,1, ,1,0,0,0,1,0,0,0,0,0,1,0,0,0,0,0,2,2, , , , , , , , , , , , , , , , , , , , , 
P0647,1,0,0,0,1,0,0,0,0,0,2,2,2,2,3,3,4,4,3,0,0,0,1,0,1,0,0,0,0,0,0,0,0,1,1,0,2,2,1,1,2,1,3, ,2,1,0,1,1,0,0,0,0,0,0,0,1,0,0,0,2,1, , , , , , , , , , , , , , , , , , , , , 
P0648,0,1,0,0,1,1,0,1,0,0,2,2,2,2,3,2,3,2,5,1,0,0,0,0,0,0,0,0,1,1,0,0,0,1,0,0,1,3,1,1,1,1,2,2,2,0,1,0,0,0,0,0,0,0,1,0,0,0,0,0,2,2, , , , , , , , , , , , , , , , , , , , , 
P0649,1,1,0,0,0,0,0,0,0,0,2,2,2,4,4,3,4,3,1, , , , , , , , , , , , , , , , , ,4,4,3,2,1,2, ,2, ,0,0,0,0,0,0,1,0, , , , , , , , , , , , , , , , , , , , , , , , , , , , , , 
P0650,0,1,0,0,0,1,0,0,0,0,3,2,2,4,4,2,3,3,6, , , , , , , , , , , , , , , , , ,3,2,1,2,2,2, , , ,0,0,0,0,0,0,1,0, , , , , , , , , , , , , , , , , , , , , , , , , , , , , , 
P0651,1,1,0,0,0,0,0,1,0,0,4,3,2,5,4,3,2,2,1, , , , , , , , , , , , , , , , , ,2,2,1,1,1,2,2,2, ,1,0,0,0,0,0,0,0,0,1,0,0,0,0,0,2,2, , , , , , , , , , , , , , , , , , , , , 
P0652,0,1,0,0,0,0,0,0,0,0,3,2,2,3,3,3,3,2,2,0,0,0,0,0,0,0,0,1, , , , , , , , ,5,5,3,2,1,2, ,2, ,0,0,0,0,0,0,1,0, , , , , , , , , , , , , , , , , , , , , , , , , , , , , , 
P0653,1,1,1,0,1,0,0,0,0,0,1,1,2,4,3,1,3,3,2,1,0,0,0,0,0,0,0,0,0,0,0,0,0,0,0,1,3,3,1,1,1,2,2,2, ,0,0,0,0,0,0,1,0, , , , , , , , , , , , , , , , , , , , , , , , , , , , , , 
P0654,1,0,0,0,0,1,0,0,0,0,2,2,2,5,5,2,2,2,1, , , , , , , , , , , , , , , , , ,4,3,2,2,1,2, ,2, ,0,0,0,0,0,1,0,0,1,1,0,0,0,0,0,2,2, , , , , , , , , , , , , , , , , , , , , 
P0655,0,1,0,0,0,0,0,0,0,0,3,2,3,3,3,3,4,3,2,1,0,0,0,0,0,0,0,0,0,0,0,0,0,0,1,0,3,3,1,1,1,3,2,2, ,0,0,0,0,0,0,1,0, , , , , , , , , , , , , , , , , , , , , , , , , , , , , , 
P0656,0,1,0,0,0,0,0,0,0,0,1,1,1,2,2,1,2,2,2,1,0,0,0,0,0,0,0,0,0,0,0,0,0,0,0,1,2,3,2,1,1,2,2,2, ,0,1,0,0,0,1,0,0,0,0,0,1,0,0,0,3,2, , , , , , , , , , , , , , , , , , , , , 
P0657,0,0,0,0,0,0,0,1,1,0,4,4,5,4,4,4,3,5,2,1,0,0,1,0,0,0,0,0,0,0,0,0,0,0,1,1,5,4,1,2,2,2, , , ,0,0,0,1,0,1,0,0,1,0,0,0,0,1,0,2,2, , , , , , , , , , , , , , , , , , , , , 
P0658,1,1,0,0,1,0,1,1,0,0,1,1,3,3,1,1,2,1,2,1,0,0,1,1,0,0,0,0,1,0,0,1,0,1,1,0,1,1,1,1,1,2,1,1, ,1,0,1,1,1,0,0,0,0,1,0,1,1,0,0,2,1, , , , , , , , , , , , , , , , , , , , , 
P0659,0,0,0,0,0,0,0,1,0,0,2,2,2,2,2,2,2,2,3,0,0,0,0,1,0,0,0,0,0,0,0,0,1,0,0,0,3,3,1,2,1,1, ,2,2,0,1,0,0,0,0,0,0,0,0,0,0,1,0,0,1,2,0,0,0,0,1,0,0,0,0,0,0,0,0,2,2,2,3,3,2,2,2
P0660,0,1,1,0,1,0,0,0,0,0,3,2,2,4,3,2,3,2,3,1,0,0,0,0,0,0,0,0,0,0,0,1,1,0,1,0,2,2,1,1,1,1,1,1,1,1,0,0,1,1,0,0,0,1,0,0,1,1,0,0,2,2,1,0,0,1,0,0,0,0,0,1,0,0,0,2,2,2,4,4,3,3,1
P0661,0,0,0,0,0,0,0,0,0,1,4,3,4,5,5,5,5,5,6, , , , , , , , , , , , , , , , , ,5,5,3,3,3,3, , , ,0,0,0,0,0,0,0,1, , , , , , , , , , , , , , , , , , , , , , , , , , , , , , 
P0662,1,0,1,1,1,1,1,1,0,0,2,1,2,2,1,2,2,1,3,1,0,0,1,0,0,1,0,0,1,1,0,0,1,0,0,1,1,2,1,1,2,1,1, ,1,1,0,0,1,1,0,0,0,1,1,1,1,1,0,0,2,2,1,1,0,1,1,0,1,1,0,1,0,0,0,1,2,2,5,3,2,4,1
P0663,0,1,1,0,1,1,0,1,0,0,2,2,2,4,3,2,2,1,1, , , , , , , , , , , , , , , , , ,2,2,1,1,3,3,2, , ,0,0,0,0,0,1,0,0,0,1,0,0,0,0,0,3,2, , , , , , , , , , , , , , , , , , , , , 
P0664,1,1,1,0,0,1,0,1,0,0,3,3,3,3,3,3,3,2,4,1,0,0,0,0,0,0,0,0,0,0,0,1,0,0,0,0,3,3,2,2,1,2, ,1, ,0,0,0,0,0,0,1,0, , , , , , , , , , , , , , , , , , , , , , , , , , , , , , 
P0665,1,1,1,1,1,1,1,1,0,0,1,1,1,1,2,1,1,1,2,1,0,0,0,0,0,0,0,0,0,0,1,1,1,0,0,0,1,1,2,1,1,1,1,1,1,1,0,0,0,1,1,0,0,1,1,1,1,1,0,0,2,2,1,0,0,0,1,0,1,0,0,1,0,0,0,1,1,2,1,1,1,1,1
P0666,0,0,0,0,0,1,0,0,0,0,3,3,3,4,3,2,3,2,1, , , , , , , , , , , , , , , , , ,3,3,2,2,1,2, ,2, ,0,0,0,0,0,0,1,0, , , , , , , , , , , , , , , , , , , , , , , , , , , , , , 
P0667,0,0,1,0,0,0,0,0,0,0,1,2,1,5,2,1,2,2,6, , , , , , , , , , , , , , , , , ,5,4,3,2,2,2, , , ,0,0,0,0,0,0,1,0, , , , , , , , , , , , , , , , , , , , , , , , , , , , , , 
P0668,0,1,0,0,0,0,0,1,0,0,2,2,2,5,3,2,5,2,1, , , , , , , , , , , , , , , , , ,3,3,2,2,1,3, ,2, ,0,0,0,0,0,0,1,0, , , , , , , , , , , , , , , , , , , , , , , , , , , , , , 
P0669,0,1,0,0,0,0,0,0,0,0,3,2,2,3,3,2,2,3,2,0,0,0,0,0,0,0,0,1, , , , , , , , ,5,5,3,1,1,2,2,2, ,0,0,0,0,0,0,1,0, , , , , , , , , , , , , , , , , , , , , , , , , , , , , , 
P0670,1,1,1,0,1,0,0,1,0,0,1,1,1,3,2,1,1,1,3,1,1,0,0,0,0,0,0,0,0,0,0,1,0,0,0,0,1,1,1,1,1,1,1,1,1,0,0,0,0,1,0,0,0,1,0,0,1,0,0,0,2,2, , , , , , , , , , , , , , , , , , , , , 
P0671,0,0,0,0,1,1,0,0,0,0,3,2,2,3,3,2,3,2,2,0,0,0,0,0,0,1,0,0,0,1,0,0,1,0,0,0,3,2,1,1,2,1,2, ,2,0,0,0,0,0,0,1,0, , , , , , , , , ,0,0,0,1,0,0,0,0,0,0,0,0,0,2,2,2,4,3,3,3,1
P0672,0,0,0,0,1,1,0,1,0,0,2,2,2,5,3,2,5,2,3,0,0,0,0,0,0,0,0,1, , , , , , , , ,5,5,3,1,1,3,2,2, ,0,0,0,0,0,1,0,0,0,1,0,0,1,0,0,2,2, , , , , , , , , , , , , , , , , , , , , 
P0673,1,1,1,0,1,1,0,1,0,0,2,2,1,4,2,1,3,2,6, , , , , , , , , , , , , , , , , ,2,2,1,1,1,3,2,2, ,1,0,0,1,0,0,0,0,0,0,0,0,1,0,0,2,2, , , , , , , , , , , , , , , , , , , , , 
P0674,1,1,0,1,0,1,0,1,0,0,1,2,4,1,4,2,4,3,4,1,0,0,0,0,0,0,1,0,0,1,0,1,0,0,0,0,1,3,2,1,1,1,1,1,1,1,1,1,1,0,1,0,0,1,1,1,0,1,0,0,2,2,1,0,0,1,1,0,1,0,0,0,1,0,0,1,1,2,4,3,3,3,1
P0675,1,0,0,0,1,0,0,0,0,0,4,3,5,5,2,3,2,2,2,1,0,0,0,0,0,0,0,0,0,0,0,0,0,0,0,1,3,3,3,1,1,3,1,2, ,0,0,0,0,0,0,1,0, , , , , , , , , , , , , , , , , , , , , , , , , , , , , , 
P0676,1,1,0,0,1,1,0,0,0,0,2,2,1,2,1,1,1,1,2,1,0,0,0,0,0,0,0,0,1,1,0,0,1,0,0,0,1,2,1,1,1,2,1,1, ,0,1,0,0,1,1,0,0,1,1,0,1,0,0,0,2,2,0,0,0,0,0,0,1,0,0,1,0,0,0,2,2,2,1,2,1,1,2
P0677,1,0,1,0,1,0,0,0,0,0,2,1,2,1,2,1,2,1,3,1,0,1,0,0,0,0,0,0,0,1,1,0,0,1,0,0,2,1,1,1,2,1,1, ,1,1,0,0,0,1,0,0,0,0,1,0,0,0,0,0,2,2, , , , , , , , , , , , , , , , , , , , , 
P0678,1,1,0,0,0,1,0,1,0,0,1,2,1,2,3,2,5,2,3,1,0,0,0,0,0,0,0,0,0,0,1,0,0,0,0,0,3,3,1,1,1,2,2,2, ,0,0,1,0,0,0,0,0,0,1,0,0,1,0,0,2,2, , , , , , , , , , , , , , , , , , , , , 
P0679,0,0,0,0,0,0,0,0,0,1,4,2,3,3,3,3,3,3,1, , , , , , , , , , , , , , , , , ,4,5,1,3,1,2, ,3, ,0,0,0,0,0,0,1,0, , , , , , , , , , , , , , , , , , , , , , , , , , , , , , 
P0680,0,0,1,0,0,0,0,0,0,0,4,2,1,5,4,2,5,3,2,0,0,0,0,0,0,0,0,1, , , , , , , , ,3,3,2,2,2,2, , , ,0,0,0,0,0,0,1,0, , , , , , , , , , , , , , , , , , , , , , , , , , , , , , 
P0681,0,0,0,0,1,0,1,1,0,0,2,1,1,1,1,1,1,1,1, , , , , , , , , , , , , , , , , ,1,1,3,1,1,1,4,3,3,0,0,1,1,1,1,0,0,1,0,0,1,0,0,0,2,2, , , , , , , , , , , , , , , , , , , , , 
P0682,0,1,0,0,1,0,0,1,0,0,4,2,2,5,3,3,2,2,2,0,0,0,0,0,0,0,0,1, , , , , , , , ,5,5,3,1,1,3,2,2, ,0,0,0,0,0,1,0,0,0,1,0,0,0,0,0,2,2, , , , , , , , , , , , , , , , , , , , , 
P0683,0,1,0,1,0,0,0,0,0,0,2,2,1,2,1,2,1,2,2,1,0,0,1,0,1,0,0,0,0,0,0,0,1,0,1,0,1,2,1,1,1,2,2,2, ,0,1,0,0,0,0,0,0,0,0,1,0,0,0,0,2,2,1,1,0,1,0,0,1,1,0,0,0,0,0,2,2,1,3,1,3,1,2
P0684,0,1,0,0,1,0,0,0,0,0,4,4,3,5,4,4,5,2,1, , , , , , , , , , , , , , , , , ,3,4,2,2,2,2, , , ,0,0,0,0,0,0,1,0, , , , , , , , , , , , , , , , , , , , , , , , , , , , , , 
P0685,0,0,0,1,1,1,0,1,0,0,1,2,1,2,2,3,2,2,3,1,0,0,0,0,0,0,0,0,0,0,0,1,1,0,0,1,3,3,1,1,1,2,1,2, ,1,0,1,1,0,0,0,0,0,1,0,0,0,0,0,2,2,1,0,0,1,1,0,0,0,0,0,0,0,0,2,2,2,2,1,1,2,1
P0686,0,1,1,0,0,0,0,0,0,0,3,3,3,3,3,3,3,3,2,0,0,0,1,0,0,0,0,0,0,0,0,0,0,1,0,0,5,5,3,2,2,2, , , ,0,0,0,0,0,0,0,1, , , , , , , , , , , , , , , , , , , , , , , , , , , , , , 
P0687,0,1,0,0,1,0,1,0,0,0,2,2,2,2,1,1,1,2,4,0,0,0,0,0,0,1,0,0,0,0,0,0,1,0,0,0,2,1,1,1,2,1,1, ,1,1,0,0,0,0,0,0,0,1,0,0,0,0,0,0,2,2,1,0,0,0,0,1,0,0,0,1,0,0,0,1,2,1,1,1,1,2,1
P0688,1,0,0,0,0,0,1,0,0,0,2,2,2,2,2,2,2,2,2,1,0,0,0,0,0,0,0,0,0,1,0,0,1,0,0,0,3,3,2,2,1,2, ,1, ,0,1,0,0,0,0,0,0,0,1,1,0,1,0,0,2,2,1,0,1,0,0,0,0,0,0,0,0,0,0,2,2,3,4,2,3,3,1
P0689,0,0,1,0,0,0,0,0,0,0,5,5,2,3,3,2,5,2,2,0,0,0,0,0,0,0,1,0,0,0,0,0,0,0,0,1,3,3,2,1,2,2,2, , ,0,0,0,0,0,0,1,0, , , , , , , , , , , , , , , , , , , , , , , , , , , , , , 
P0690,1,1,0,0,0,1,0,0,0,0,2,2,2,2,2,2,2,2,3,1,1,0,0,0,0,0,0,0,1,0,0,0,1,0,0,0,1,1,2,1,1,2,2,2, ,1,0,0,0,0,0,0,0,1,0,0,0,0,0,0,2,2,1,0,0,0,0,0,1,0,0,0,0,0,0,1,1,2,3,3,3,3,1
P0691,1,1,0,0,0,0,0,0,0,0,2,2,2,5,3,2,2,2,6, , , , , , , , , , , , , , , , , ,3,3,2,2,1,3, ,2, ,0,0,0,0,0,0,1,0, , , , , , , , , , , , , , , , , , , , , , , , , , , , , , 
P0692,1,1,1,0,0,1,1,1,0,0,3,1,2,2,4,1,1,2,2,0,0,0,1,0,0,0,0,0,0,0,0,0,0,0,1,1,3,3,1,2,1,2, ,1, ,0,0,0,0,0,1,0,0,1,1,0,0,0,0,0,2,2, , , , , , , , , , , , , , , , , , , , , 
P0693,0,1,0,0,0,0,0,0,0,0,2,1,2,2,2,1,1,2,6, , , , , , , , , , , , , , , , , ,2,2,2,1,2,2,2, , ,0,0,0,1,1,0,0,0,0,0,0,1,1,0,0,3,3, , , , , , , , , , , , , , , , , , , , , 
P0694,0,1,0,0,0,1,0,0,0,0,2,2,2,3,4,2,3,3,2,0,1,0,0,0,0,0,0,0,0,0,0,0,0,0,1,0,5,5,1,2,1,2, ,2, ,0,0,0,0,0,0,0,1, , , , , , , , , , , , , , , , , , , , , , , , , , , , , , 
P0695,0,0,0,0,0,0,0,1,0,0,3,2,3,4,2,3,3,4,2,1,0,0,0,0,0,0,0,0,0,0,0,0,0,1,0,0,2,4,2,2,2,2, , , ,0,0,0,0,0,0,1,0, , , , , , , , , , , , , , , , , , , , , , , , , , , , , , 
P0696,0,0,0,0,0,0,0,0,0,1,2,2,2,3,3,2,3,2,2,1,0,0,0,0,0,0,0,0,0,0,0,1,0,0,0,1,5,5,2,1,2,2,2, , ,0,0,0,0,0,0,1,0, , , , , , , , , , , , , , , , , , , , , , , , , , , , , , 
P0697,0,1,1,0,1,0,0,0,0,0,2,2,2,2,2,2,3,3,5,0,0,0,1,0,0,0,0,0,0,0,0,1,0,0,0,0,1,1,1,1,1,1,2,2,2,1,0,0,0,0,0,0,0,0,1,0,1,1,0,0,2,2, , , , , , , , , , , , , , , , , , , , , 
P0698,1,1,1,0,0,0,0,0,0,0,2,2,2,2,3,2,2,2,1, , , , , , , , , , , , , , , , , ,1,5,3,1,1,3,2,2, ,0,0,0,0,1,0,0,0,0,1,0,0,0,0,0,2,2, , , , , , , , , , , , , , , , , , , , , 
P0699,0,0,0,0,0,0,0,0,0,1,4,3,4,5,2,4,3,4,1, , , , , , , , , , , , , , , , , ,4,4,2,2,2,2, , , ,0,0,0,0,0,0,1,0, , , , , , , , , , , , , , , , , , , , , , , , , , , , , , 
P0700,0,1,1,0,0,1,0,1,0,0,2,1,1,2,3,1,5,1,1, , , , , , , , , , , , , , , , , ,4,3,3,2,2,2, , , ,0,0,0,0,0,0,1,0, , , , , , , , , , , , , , , , , , , , , , , , , , , , , , 
P0701,0,0,0,0,1,1,0,0,0,0,2,2,1,2,2,2,2,1,4,1,0,0,0,0,0,0,0,0,1,0,0,0,1,0,0,0,3,1,2,1,1,1,1,2,1,1,0,1,0,0,0,0,0,0,0,1,0,0,0,0,2,2,0,0,0,0,1,0,0,0,0,0,0,0,0,1,2,2,4,3,3,3,3
P0702,0,0,0,1,1,0,0,0,0,0,2,2,2,2,2,2,2,2,6, , , , , , , , , , , , , , , , , ,5,5,3,1,1,1,3,2,2,0,0,0,0,0,0,0,1, , , , , , , , , ,0,0,0,0,0,0,0,0,0,0,0,0,1,5,5,4,5,4,4,4,4
P0703,1,0,0,1,1,1,1,0,0,0,1,1,1,1,1,1,1,1,4,1,1,1,1,1,1,0,0,0,0,1,1,1,1,1,1,0,1,1,1,1,1,1,1,1,1,0,0,0,0,1,0,0,0,1,0,0,0,0,0,0,2,2,0,0,0,0,0,1,1,0,0,0,0,0,0,1,1,3,2,3,2,1,1
P0704,0,0,0,1,1,1,0,1,0,0,3,2,2,1,3,1,5,2,3,1,1,0,1,0,0,0,0,0,0,0,0,0,1,1,0,0,2,2,2,1,1,1,2,2,1,0,0,0,0,0,1,0,0,1,0,1,0,1,0,0,2,2,1,0,0,0,1,1,1,0,0,0,0,0,0,2,1,2,3,1,2,2,1
P0705,0,0,1,1,0,0,0,0,0,0,2,2,4,2,3,2,1,2,4,0,0,0,1,0,0,0,0,0,0,0,0,0,0,0,0,1,2,2,2,1,2,1,4, ,4,1,0,0,1,0,0,0,0,1,0,1,0,0,0,0,2,2,0,1,0,0,1,0,0,0,0,0,1,0,0,2,2,2,1,2,2,2,1
P0706,1,1,1,0,0,1,0,0,0,0,2,2,1,2,4,3,4,2,2,0,0,0,0,0,0,0,0,1, , , , , , , , ,3,3,1,1,1,3,2,1, ,0,0,0,0,0,0,1,0, , , , , , , , , , , , , , , , , , , , , , , , , , , , , , 
P0707,0,1,0,0,0,0,0,0,0,0,2,1,1,3,4,1,3,2,2,1,0,0,0,0,0,0,0,0,0,0,0,1,0,0,0,0,2,3,1,1,2,1,2, ,2,0,0,0,0,0,0,1,0, , , , , , , , , , , , , , , , , , , , , , , , , , , , , , 
P0708,1,0,0,0,1,1,0,0,0,0,2,2,2,3,2,2,3,2,2,0,0,0,0,0,0,0,0,1, , , , , , , , ,2,5,1,1,1,2,2,2, ,0,0,0,0,0,0,1,0, , , , , , , , , , , , , , , , , , , , , , , , , , , , , , 
P0709,1,0,1,0,1,0,1,0,0,0,1,1,1,1,1,1,1,1,4,1,0,0,1,0,0,0,0,0,0,0,1,1,1,1,0,0,1,5,2,1,1,2,1,1, ,1,1,1,1,1,1,0,0,0,0,0,1,1,0,0,2,2,0,0,1,0,1,0,0,0,0,1,0,0,0,1,1,2,5,4,4,3,4
P0710,0,1,0,0,0,0,0,0,0,0,2,2,2,3,3,2,5,2,1, , , , , , , , , , , , , , , , , ,3,5,2,2,1,3, ,2, ,0,0,0,0,0,0,1,0, , , , , , , , , , , , , , , , , , , , , , , , , , , , , , 
P0711,0,1,0,0,1,0,1,0,0,0,4,2,2,2,3,2,2,1,2,0,0,0,1,0,0,0,0,0,0,0,0,0,1,0,1,0,3,1,1,1,1,1,2,2,2,0,0,0,0,0,0,1,0, , , , , , , , , ,1,0,0,0,1,0,0,0,0,0,0,0,0,1,2,2,4,3,4,2,3
P0712,0,0,0,1,0,0,0,0,0,0,2,2,2,2,2,2,2,2,2,0,1,0,0,0,0,0,0,0,0,0,0,1,0,0,0,0,2,2,2,3,2,2, , , ,0,0,0,1,0,0,0,0,0,0,0,1,0,0,0,2,2,0,0,0,0,1,0,0,0,0,0,0,0,0,3,3,2,3,3,2,3,1
P0713,0,1,0,0,1,0,0,0,0,0,2,5,5,3,3,2,3,2,3,0,0,0,0,0,0,0,1,0,1,0,0,0,0,0,0,0,5,5,2,1,1,3,2,2, ,0,0,0,0,0,0,1,0, , , , , , , , , , , , , , , , , , , , , , , , , , , , , , 
P0714,0,1,0,0,1,1,0,0,0,0,3,2,2,5,2,2,2,2,2,1,0,0,0,0,0,0,0,0,0,0,0,0,1,0,0,0,3,3,1,1,1,2,2,2, ,0,0,0,0,0,0,1,0, , , , , , , , , ,0,0,0,0,0,0,0,0,0,0,0,1,0,3,3,1,4,3,3,3,3
P0715,0,1,1,0,0,1,1,0,0,0,3,1,1,4,4,1,2,2,1, , , , , , , , , , , , , , , , , ,4,3,2,2,2,2, , , ,0,0,0,0,0,0,1,0, , , , , , , , , , , , , , , , , , , , , , , , , , , , , , 
P0716,0,1,0,0,0,0,0,0,0,0,3,2,2,4,3,2,4,3,1, , , , , , , , , , , , , , , , , ,3,3,3,2,2,2, , , ,0,0,0,0,0,0,1,0, , , , , , , , , , , , , , , , , , , , , , , , , , , , , , 
P0717,0,1,0,0,0,0,0,0,0,0,2,2,2,3,3,2,3,2,2,0,0,0,0,0,0,0,0,1, , , , , , , , ,3,4,2,2,2,2, , , ,0,0,0,0,0,0,1,0, , , , , , , , , , , , , , , , , , , , , , , , , , , , , , 
P0718,0,0,0,0,0,0,0,0,0,1,2,3,2,3,3,4,3,2,1, , , , , , , , , , , , , , , , , ,3,3,2,2,2,2, , , ,0,0,0,0,0,0,1,0, , , , , , , , , , , , , , , , , , , , , , , , , , , , , , 
P0719,0,1,0,0,0,0,0,0,0,0,4,3,3,5,2,4,3,2,1, , , , , , , , , , , , , , , , , ,3,3,2,2,1,2, ,1, ,0,0,0,0,0,0,1,0, , , , , , , , , , , , , , , , , , , , , , , , , , , , , , 
P0720,0,0,0,0,0,0,0,0,0,1,2,2,2,3,3,2,2,2,1, , , , , , , , , , , , , , , , , ,5,5,2,2,2,2, , , ,0,0,0,0,0,0,1,0, , , , , , , , , , , , , , , , , , , , , , , , , , , , , , 
P0721,1,0,0,0,1,1,0,1,0,0,1,1,2,3,2,1,2,1,1, , , , , , , , , , , , , , , , , ,3,3,2,1,1,2,2,2, ,0,0,0,0,0,0,1,0, , , , , , , , , , , , , , , , , , , , , , , , , , , , , , 
P0722,1,0,1,0,1,0,0,0,0,0,2,2,2,3,2,4,2,4,3,1,0,0,0,0,0,0,0,0,0,0,0,1,1,0,0,0,3,3,2,1,2,2,2, , ,0,0,1,1,0,0,0,0,0,0,0,1,0,0,0,1,1,0,0,0,0,1,1,0,1,0,1,0,0,0,2,3,2,3,2,3,3,3
P0723,1,1,1,0,0,0,1,0,0,0,2,1,1,4,4,1,1,3,1, , , , , , , , , , , , , , , , , ,3,3,2,2,1,3, ,2, ,0,0,0,0,0,0,1,0, , , , , , , , , , , , , , , , , , , , , , , , , , , , , , 
P0724,0,1,1,0,0,1,0,0,0,0,2,1,1,2,3,1,2,2,2,0,0,0,0,0,0,0,0,1, , , , , , , , ,3,3,2,1,1,3,2,2, ,1,0,0,0,0,0,0,0,1,0,0,0,0,0,0,2,2, , , , , , , , , , , , , , , , , , , , , 
P0725,0,1,0,1,1,0,0,1,0,0,3,2,1,1,2,2,2,1,3,1,0,0,1,0,0,0,0,0,0,0,0,0,1,0,1,0,1,3,1,1,1,1,1,1,1,1,0,0,0,0,0,0,0,1,1,0,0,0,0,0,2,2,0,0,1,0,1,0,0,1,1,0,0,0,0,1,1,2,3,3,3,3,3
P0726,1,1,0,0,1,1,0,0,0,0,2,2,2,4,2,2,5,2,1, , , , , , , , , , , , , , , , , ,3,3,2,1,1,2,2,2, ,0,0,0,0,0,1,0,0,0,1,0,1,1,0,0,2,2, , , , , , , , , , , , , , , , , , , , , 
P0727,0,1,0,0,0,1,0,0,0,0,3,2,3,2,2,2,2,3,3,1,0,0,0,0,0,0,0,0,0,0,0,1,1,0,0,0,2,3,1,1,1,1,5,5,1,0,0,0,0,1,0,0,0,1,1,0,0,0,0,0,2,2,0,0,0,0,1,0,0,0,0,0,0,0,0,2,2,3,4,3,2,2,2
P0728,1,0,0,1,1,0,1,1,0,0,1,1,1,1,1,1,1,1,5,0,1,1,0,0,0,1,0,0,1,0,0,1,1,0,1,0,1,1,1,1,1,1,4,1,1,1,1,0,1,0,0,0,0,1,0,0,1,0,0,0,2,2,0,0,0,1,0,1,0,1,0,1,0,0,0,1,1,3,3,1,1,2,1
P0729,0,1,0,0,0,0,0,0,0,0,5,5,5,5,2,5,5,5,6, , , , , , , , , , , , , , , , , ,3,3,2,2,2,2, , , ,0,0,0,0,0,0,1,0, , , , , , , , , , , , , , , , , , , , , , , , , , , , , , 
P0730,1,1,1,1,1,1,1,1,0,0,2,2,2,2,4,2,1,2,3,1,0,0,0,0,0,0,0,0,0,0,0,1,0,1,0,0,1,3,1,1,1,1,1,1,1,0,0,0,1,0,0,0,0,1,1,0,0,0,0,0,2,2,0,0,0,0,0,0,1,0,0,0,0,0,0,2,3,2,4,3,3,3,3
P0731,1,1,0,0,1,1,1,0,0,0,1,1,1,2,1,1,2,2,2,1,0,0,0,0,0,0,0,0,0,0,0,1,1,1,0,0,1,1,1,1,1,1,2,1,2,0,0,0,0,1,0,0,0,1,0,0,0,0,0,0,2,2,1,0,0,0,0,0,0,0,1,0,1,0,0,2,1,2,5,2,3,1,1
P0732,0,0,1,0,1,0,0,0,0,0,1,1,1,2,2,1,1,2,2,0,0,0,0,0,0,0,1,0,0,0,0,0,0,0,1,0,3,4,2,1,1,2,2,2, ,0,0,1,0,1,0,0,0,0,1,0,0,0,0,0,2,2, , , , , , , , , , , , , , , , , , , , , 
P0733,0,0,0,0,0,1,0,1,0,0,3,3,3,4,4,3,2,2,2,1,0,0,0,0,0,0,0,0,0,0,0,0,0,0,0,1,2,5,1,1,2,2,2, , ,0,0,0,1,0,0,0,0,0,1,0,0,0,0,0,2,2, , , , , , , , , , , , , , , , , , , , , 
P0734,0,1,1,0,1,0,0,1,0,0,4,3,3,3,3,3,3,3,2,0,0,1,0,0,0,0,0,0,0,0,0,0,1,0,0,0,2,2,1,1,1,1,1,1,1,0,0,0,1,0,0,0,0,1,0,0,1,0,0,0,2,2,0,1,0,0,0,0,0,0,0,1,0,0,0,2,2,2,4,3,3,3,1
P0735,1,1,0,0,1,1,0,1,0,0,1,1,1,2,2,2,2,2,4,0,0,0,0,1,0,0,0,0,0,1,0,0,1,1,0,0,3,3,1,1,1,2,2,1, ,1,0,0,1,1,0,0,0,1,1,0,1,1,0,0,2,2,0,1,1,0,0,1,1,1,0,0,0,0,0,2,2,1,1,2,1,2,3
P0736,0,0,0,0,0,0,0,0,0,1,2,2,2,2,2,2,2,2,1, , , , , , , , , , , , , , , , , ,5,4,2,2,2,2, , , ,0,0,0,0,0,0,1,0, , , , , , , , , , , , , , , , , , , , , , , , , , , , , , 
P0737,0,0,1,0,1,0,0,0,0,0,2,2,2,3,3,2,3,3,2,0,0,0,0,0,0,0,0,1, , , , , , , , ,3,4,2,1,2,2,2, , ,1,0,0,0,0,0,0,0,0,1,0,0,0,0,0,2,2, , , , , , , , , , , , , , , , , , , , , 
P0738,1,1,1,0,0,1,0,0,0,0,1,1,1,4,4,1,4,5,1, , , , , , , , , , , , , , , , , ,3,3,2,2,1,2, ,2, ,0,0,0,0,0,0,1,0, , , , , , , , , , , , , , , , , , , , , , , , , , , , , , 
P0739,0,0,0,0,1,0,0,1,0,0,3,3,5,2,3,4,2,4,4,1,0,0,0,0,0,0,0,0,0,0,0,0,1,0,0,0,1,3,1,1,1,1,2,2,2,0,0,0,0,0,0,1,0, , , , , , , , , ,0,0,0,0,0,0,1,0,0,1,0,0,0,4,2,1,4,3,3,3,3
P0740,0,1,0,0,1,0,0,0,0,0,3,2,5,2,2,3,3,2,3,1,0,0,0,0,0,0,0,0,1,0,1,1,0,0,0,0,5,5,1,1,1,2,2,2, ,0,1,0,0,0,0,0,0,0,1,0,1,0,0,0,2,3, , , , , , , , , , , , , , , , , , , , , 
P0741,0,1,0,0,1,0,0,0,0,0,2,2,3,2,2,2,3,3,4,1,0,0,0,0,0,0,0,0,0,0,0,0,1,0,1,0,1,1,1,1,1,1,2,2,2,0,0,0,0,1,0,0,0,0,0,0,1,0,1,0,2,2,0,0,0,0,0,0,1,0,0,1,0,0,0,2,2,2,4,3,3,3,1
P0742,1,1,1,0,1,1,1,1,0,0,2,1,2,2,2,1,2,2,3,1,0,0,0,0,0,0,0,0,0,0,0,0,0,0,1,0,3,3,2,1,1,2,2,2, ,1,0,0,1,1,0,0,0,1,1,0,0,0,0,0,2,2, , , , , , , , , , , , , , , , , , , , , 
P0743,0,1,0,0,1,1,0,1,0,0,2,2,2,2,2,2,3,2,2,1,0,0,1,0,0,0,0,0,1,1,0,1,0,0,0,0,3,3,1,1,1,1,2,1,2,0,0,1,0,0,1,0,0,1,1,0,1,0,0,0,2,2, , , , , , , , , , , , , , , , , , , , , 
P0744,0,0,1,0,0,1,0,0,0,0,3,2,1,4,4,1,2,3,1, , , , , , , , , , , , , , , , , ,3,3,2,2,2,2, , , ,0,0,0,0,0,0,1,0, , , , , , , , , , , , , , , , , , , , , , , , , , , , , , 
P0745,1,1,0,1,1,0,0,0,0,0,1,1,2,1,1,1,1,1,3,0,0,0,0,0,0,0,1,0,0,1,0,0,1,0,0,0,2,1,2,1,1,1,1,1,1,0,1,0,0,0,0,0,0,0,0,0,1,0,0,0,2,2,0,0,0,0,0,0,0,1,0,0,0,0,0,1,1,3,2,3,3,1,3
P0746,1,1,0,0,0,0,0,0,0,0,5,2,5,5,3,2,5,5,6, , , , , , , , , , , , , , , , , ,5,5,3,2,1,3, ,5, ,0,0,0,0,0,0,1,0, , , , , , , , , , , , , , , , , , , , , , , , , , , , , , 
P0747,0,1,1,0,0,1,0,1,0,0,1,1,1,1,1,1,1,1,1, , , , , , , , , , , , , , , , , ,5,5,2,1,1,2,2,2, ,0,0,0,0,0,0,1,0, , , , , , , , , , , , , , , , , , , , , , , , , , , , , , 
P0748,1,1,1,0,0,0,0,0,0,0,2,2,2,2,2,2,3,2,6, , , , , , , , , , , , , , , , , ,5,5,3,2,2,2, , , ,0,0,0,0,0,0,1,0, , , , , , , , , , , , , , , , , , , , , , , , , , , , , , 
P0749,1,1,1,0,0,1,0,0,0,0,2,2,2,4,3,2,3,2,2,0,0,0,0,0,0,0,0,1, , , , , , , , ,5,5,3,1,1,3,2,2, ,0,0,0,0,0,1,0,0,0,0,0,0,1,0,0,2,2, , , , , , , , , , , , , , , , , , , , , 
P0750,1,1,0,0,0,1,0,0,0,0,3,2,1,2,4,2,2,2,2,0,0,0,0,0,0,0,0,1, , , , , , , , ,2,3,1,1,1,3,2,2, ,0,0,0,0,0,0,1,0, , , , , , , , , , , , , , , , , , , , , , , , , , , , , , 
P0751,0,1,0,0,0,0,0,0,0,0,4,3,3,3,4,3,4,2,1, , , , , , , , , , , , , , , , , ,3,4,2,2,2,2, , , ,0,0,0,0,0,0,1,0, , , , , , , , , , , , , , , , , , , , , , , , , , , , , , 
P0752,1,1,1,1,1,1,1,1,0,0,2,2,2,1,3,2,1,2,3,1,0,0,1,0,0,0,0,0,0,1,0,0,0,1,0,0,3,1,1,1,1,1,1,2,2,0,0,0,0,0,0,1,0, , , , , , , , , ,0,0,0,0,1,0,0,0,0,0,0,0,0,2,1,2,4,3,3,3,3
P0753,0,1,1,0,1,1,0,0,0,0,3,1,2,2,3,1,2,2,2,1,0,0,0,0,0,0,0,0,0,0,0,0,0,0,1,0,1,2,2,1,1,1,2,1,2,0,0,0,0,0,1,0,0,0,1,0,0,1,0,0,2,2, , , , , , , , , , , , , , , , , , , , , 
P0754,0,1,1,0,1,1,0,1,0,0,2,2,2,2,3,2,3,2,3,1,0,0,1,0,0,0,1,0,1,0,0,1,0,1,1,0,2,2,1,1,1,1,1,2,3,1,1,1,0,1,0,0,0,1,1,0,1,0,0,0,2,2, , , , , , , , , , , , , , , , , , , , , 
P0755,1,1,1,0,1,0,0,1,0,0,2,3,1,1,2,2,2,1,3,1,0,0,1,0,0,0,0,0,1,0,0,0,1,1,0,0,1,1,1,1,1,2,2,1, ,0,0,1,0,0,0,0,0,0,0,1,0,0,0,0,1,2,0,0,0,1,1,0,0,0,0,1,0,0,0,2,1,1,1,3,2,1,3
P0756,0,1,0,0,0,1,0,0,0,0,4,2,2,4,2,2,4,2,1, , , , , , , , , , , , , , , , , ,5,2,1,1,2,3,2, , ,1,0,0,0,0,0,0,0,0,1,0,0,0,0,0,2,2, , , , , , , , , , , , , , , , , , , , , 
P0757,0,0,0,0,1,0,0,0,0,0,1,1,1,1,2,1,2,1,2,1,0,0,0,0,0,0,0,0,0,0,0,0,0,1,0,0,2,2,1,1,1,1,2,1,1,0,1,0,1,0,1,0,0,1,0,0,0,0,0,0,1,2, , , , , , , , , , , , , , , , , , , , , 
P0758,0,1,0,0,0,1,0,0,0,0,1,2,2,5,3,3,4,1,2,1,0,0,0,0,0,0,0,0,0,1,0,0,0,0,0,0,2,2,1,1,1,2,1,2, ,1,1,0,0,1,1,0,0,1,1,0,0,0,0,0,2,2, , , , , , , , , , , , , , , , , , , , , 
P0759,1,1,1,0,0,1,0,0,0,0,2,1,2,4,4,1,3,2,1, , , , , , , , , , , , , , , , , ,2,3,1,2,2,2, , , ,0,0,0,0,0,0,1,0, , , , , , , , , , , , , , , , , , , , , , , , , , , , , , 
P0760,0,1,1,0,0,0,0,0,0,0,3,1,1,2,3,1,5,2,2,0,0,0,0,0,0,1,0,0,0,0,0,0,0,0,0,1,3,3,2,2,1,2, ,1, ,0,0,0,0,0,0,1,0, , , , , , , , , , , , , , , , , , , , , , , , , , , , , , 
P0761,0,0,1,1,1,0,0,0,0,0,3,2,1,2,4,2,1,2,4,1,0,0,0,0,0,0,1,0,0,0,0,1,1,0,0,0,2,1,2,1,1,1,3,2,2,0,0,0,0,1,0,0,0,0,1,0,0,0,0,0,2,2,0,0,0,0,1,0,1,0,0,0,0,0,0,1,1,2,4,3,2,2,1
P0762,0,0,0,0,0,0,0,0,0,1,5,5,5,5,5,5,5,5,1, , , , , , , , , , , , , , , , , ,3,4,3,2,2,2, , , ,0,0,0,0,0,0,1,0, , , , , , , , , , , , , , , , , , , , , , , , , , , , , , 
P0763,1,1,1,0,1,1,1,1,0,0,1,1,2,1,2,2,1,1,4,1,1,0,0,0,0,0,0,0,0,1,0,1,1,1,0,0,3,1,1,1,1,1,1,1,1,0,0,1,1,1,1,0,0,0,0,1,1,1,0,0,2,2,0,0,0,1,1,1,1,0,0,1,1,0,0,1,1,1,2,2,1,1,1
P0764,1,1,0,0,1,1,0,0,0,0,1,1,1,2,2,1,2,1,2,1,1,0,1,0,0,0,0,0,1,0,0,1,0,1,0,0,3,3,1,1,1,2,2,2, ,0,0,0,0,1,1,0,0,0,1,0,0,0,0,0,2,2, , , , , , , , , , , , , , , , , , , , , 
P0765,1,1,0,0,1,1,0,1,0,0,2,2,2,2,3,2,2,2,2,1,0,0,0,0,0,0,0,0,1,1,0,0,0,0,1,0,3,3,1,1,1,1,1,1,1,0,0,0,0,0,1,0,0,0,1,0,0,0,0,0,2,2, , , , , , , , , , , , , , , , , , , , , 
P0766,1,1,1,0,0,1,0,1,0,0,2,1,1,2,2,1,1,2,2,1,0,0,0,0,0,0,0,0,0,0,0,1,0,0,1,0,2,3,2,1,1,3,1,1, ,1,0,0,0,1,0,0,0,1,1,0,1,0,0,0,2,2, , , , , , , , , , , , , , , , , , , , , 
P0767,1,0,0,0,0,0,0,1,0,0,2,2,2,3,4,1,3,2,2,0,0,0,0,0,0,0,0,1, , , , , , , , ,3,3,2,2,1,3, ,2, ,0,0,0,0,0,0,1,0, , , , , , , , , , , , , , , , , , , , , , , , , , , , , , 
P0768,0,0,0,0,1,1,0,0,0,0,2,2,1,3,2,1,1,2,5,1,0,0,0,0,0,0,0,0,0,0,0,0,0,1,0,0,3,3,1,1,1,2,1,1, ,0,0,1,0,1,0,0,0,1,1,0,1,0,0,0,2,2, , , , , , , , , , , , , , , , , , , , , 
P0769,0,0,0,0,0,1,0,0,0,0,4,3,2,3,2,3,2,3,3,1,0,0,0,0,0,0,0,0,0,0,0,0,1,0,0,0,5,5,2,2,1,2, ,2, ,0,0,0,0,0,0,0,1, , , , , , , , , ,0,0,0,0,1,0,0,0,0,0,0,0,0,2,2,3,5,1,4,1,3
P0770,0,1,0,0,1,1,0,0,0,0,3,3,3,3,3,3,5,3,2,0,0,0,0,0,0,0,0,1, , , , , , , , ,1,2,2,1,1,2,2,2, ,0,0,0,0,0,0,1,0, , , , , , , , , , , , , , , , , , , , , , , , , , , , , , 
P0771,0,1,0,0,0,0,0,0,0,0,3,3,2,2,3,1,3,2,3,0,0,1,0,0,0,0,0,0,0,0,0,0,1,0,0,0,2,2,1,1,2,2,3, , ,0,0,0,1,0,0,0,0,0,0,0,0,1,0,0,2,2,0,0,1,0,0,0,0,0,0,0,0,0,0,2,3,2,2,3,1,2,1
P0772,0,1,0,0,0,0,0,0,0,0,4,2,4,4,4,2,4,2,2,1,0,0,0,0,0,0,0,0,0,0,0,0,0,0,0,1,4,4,2,2,2,2, , , ,0,0,0,0,0,0,1,0, , , , , , , , , , , , , , , , , , , , , , , , , , , , , , 
P0773,0,1,0,0,1,0,0,1,0,0,2,2,1,3,3,1,3,2,1, , , , , , , , , , , , , , , , , ,3,3,2,1,1,3,2,2, ,0,0,0,0,0,1,0,0,0,1,0,0,0,0,0,2,2, , , , , , , , , , , , , , , , , , , , , 
P0774,1,0,1,1,0,0,0,1,0,0,1,1,2,1,1,1,2,2,2,1,0,0,0,0,1,0,0,0,0,0,0,1,0,0,0,0,1,1,1,1,1,1,1,1,1,0,0,1,1,0,0,0,0,0,1,0,0,0,0,0,1,1,0,1,0,0,0,0,0,0,0,1,0,0,0,1,2,2,4,2,1,2,3
P0775,1,1,0,0,1,0,0,0,0,0,4,2,3,3,2,3,2,2,1, , , , , , , , , , , , , , , , , ,3,3,2,1,1,2,1,1, ,1,0,1,0,0,0,0,0,0,1,0,1,0,0,0,2,2, , , , , , , , , , , , , , , , , , , , , 
P0776,1,1,1,0,1,0,0,1,0,0,2,2,2,2,2,1,1,1,1, , , , , , , , , , , , , , , , , ,3,3,2,1,2,1,1, ,1,0,0,1,0,0,0,0,0,0,1,0,0,0,0,0,1,2, , , , , , , , , , , , , , , , , , , , , 
P0777,1,0,0,0,0,1,0,0,0,0,2,2,2,3,3,2,3,2,6, , , , , , , , , , , , , , , , , ,4,5,2,2,1,2, ,2, ,0,0,0,0,0,0,1,0, , , , , , , , , , , , , , , , , , , , , , , , , , , , , , 
P0778,0,1,1,0,0,1,0,0,0,0,4,2,2,3,3,2,3,3,1, , , , , , , , , , , , , , , , , ,2,2,2,1,1,2,2,2, ,0,1,1,0,0,0,0,0,0,0,0,0,0,1,0,2,2, , , , , , , , , , , , , , , , , , , , , 
P0779,1,1,1,0,1,1,0,1,0,0,2,2,2,2,2,2,3,2,1, , , , , , , , , , , , , , , , , ,3,3,1,1,1,2,3,2, ,0,0,0,0,0,0,1,0, , , , , , , , , , , , , , , , , , , , , , , , , , , , , , 
P0780,1,0,0,1,1,1,0,1,0,0,3,3,3,3,3,3,3,3,4,1,0,0,0,0,0,0,0,0,0,0,0,1,1,0,0,0,5,5,3,1,1,1,2,2,2,0,0,0,0,0,1,0,0,0,0,1,0,1,0,0,2,2,0,0,0,0,0,0,0,0,0,0,0,1,0,1,2,2,4,3,3,3,3
P0781,0,1,0,0,0,0,0,1,1,0,2,1,1,4,4,1,4,1,2,0,1,0,0,0,0,0,0,0,0,0,0,0,1,0,0,0,4,4,3,2,2,2, , , ,0,0,0,0,0,0,1,0, , , , , , , , , ,0,0,0,0,0,0,0,0,0,1,0,0,0,4,5,4,4,3,3,3,3
P0782,1,1,0,0,1,1,0,0,0,0,1,1,1,2,2,1,1,3,3,1,1,1,1,0,1,0,0,0,1,0,1,1,1,0,0,0,2,3,1,1,1,2,1,2, ,0,1,0,1,0,1,0,0,0,1,0,1,1,0,0,2,2,0,1,0,1,1,0,1,1,0,1,0,0,0,2,2,2,3,1,1,2,1
P0783,1,0,0,0,0,1,0,0,0,0,2,2,2,5,2,2,5,2,1, , , , , , , , , , , , , , , , , ,5,5,3,2,2,2, , , ,0,0,0,0,0,0,1,0, , , , , , , , , , , , , , , , , , , , , , , , , , , , , , 
P0784,0,1,1,0,0,0,0,1,0,0,3,2,2,3,3,2,2,2,6, , , , , , , , , , , , , , , , , ,5,5,1,1,2,3,2, , ,0,0,0,0,0,0,1,0, , , , , , , , , , , , , , , , , , , , , , , , , , , , , , 
P0785,1,1,1,0,0,0,0,0,0,0,2,2,2,4,4,2,3,3,1, , , , , , , , , , , , , , , , , ,3,4,2,2,1,2, ,2, ,0,0,0,0,0,0,1,0, , , , , , , , , , , , , , , , , , , , , , , , , , , , , , 
P0786,1,1,0,0,0,1,0,0,0,0,1,1,1,3,3,1,4,1,6, , , , , , , , , , , , , , , , , ,3,5,3,1,1,3,2,2, ,0,0,0,0,0,0,1,0, , , , , , , , , , , , , , , , , , , , , , , , , , , , , , 
P0787,0,0,1,0,0,0,0,0,0,0,4,4,5,4,4,2,4,4,1, , , , , , , , , , , , , , , , , ,3,3,2,2,2,2, , , ,0,0,0,0,0,0,1,0, , , , , , , , , , , , , , , , , , , , , , , , , , , , , , 
P0788,0,1,0,0,1,0,0,1,0,0,5,1,2,2,2,2,3,2,2,0,0,0,0,0,0,0,0,1, , , , , , , , ,3,3,2,2,3,3, , , ,0,0,0,0,0,0,1,0, , , , , , , , , , , , , , , , , , , , , , , , , , , , , , 
P0789,1,1,1,0,0,0,0,0,0,0,1,1,1,5,4,1,5,2,1, , , , , , , , , , , , , , , , , ,4,4,2,2,1,2, ,2, ,0,0,0,0,0,0,1,0, , , , , , , , , , , , , , , , , , , , , , , , , , , , , , 
P0790,0,1,1,1,1,1,1,1,0,0,2,3,2,3,2,2,1,1,4,1,1,0,1,0,0,0,0,0,0,1,0,1,1,1,1,0,2,1,1,1,1,1,3,2,2,1,0,0,1,0,1,0,0,1,1,1,1,0,0,0,2,2,1,0,0,1,0,0,0,0,0,0,0,0,0,2,2,2,3,3,1,1,3
P0791,0,1,1,0,0,1,0,1,0,0,3,2,2,4,4,2,2,3,2,0,0,0,0,0,0,0,0,1, , , , , , , , ,2,2,1,1,1,2,2,2, ,1,1,0,0,1,0,0,0,1,0,0,0,1,0,0,2,2, , , , , , , , , , , , , , , , , , , , , 
P0792,0,0,0,0,1,0,0,0,0,0,1,1,1,2,1,1,2,2,3,0,0,0,0,0,1,0,0,0,0,0,0,0,1,0,0,0,3,3,2,1,1,2,1,1, ,0,0,0,0,0,1,0,0,0,0,0,1,1,0,0,2,2,0,0,1,0,0,0,0,0,0,0,0,0,0,1,1,2,2,1,1,3,1
P0793,1,1,0,0,1,1,0,1,0,0,2,2,2,4,3,2,2,3,2,0,0,0,0,0,0,0,0,1, , , , , , , , ,3,3,2,1,1,3,1,1, ,1,0,0,0,0,1,0,0,1,1,0,0,1,0,0,2,2, , , , , , , , , , , , , , , , , , , , , 
P0794,0,1,1,0,0,1,0,0,0,0,4,1,1,4,3,1,5,2,6, , , , , , , , , , , , , , , , , ,3,3,1,2,2,2, , , ,0,0,0,0,0,0,1,0, , , , , , , , , , , , , , , , , , , , , , , , , , , , , , 
P0795,1,1,1,1,1,0,0,1,0,0,2,2,2,1,2,2,2,2,4,1,1,0,1,0,1,0,0,0,0,1,1,1,1,1,0,0,1,1,1,1,1,1,2,1,2,1,0,1,0,0,0,0,0,0,1,0,1,1,0,0,2,2,0,0,1,0,0,0,1,1,0,1,0,0,0,1,1,2,4,3,3,3,3
P0796,0,0,1,0,1,0,0,0,0,0,2,3,3,2,4,4,3,3,5,0,0,0,1,0,0,0,0,0,0,1,0,0,1,0,0,0,4,3,2,2,1,1, ,3,3,1,0,1,0,0,0,0,0,1,0,0,0,0,0,0,2,3,0,0,0,0,0,0,0,1,0,0,1,0,0,3,3,1,3,3,1,3,4
P0797,1,1,0,0,0,0,0,0,0,0,1,2,1,4,4,1,2,2,1, , , , , , , , , , , , , , , , , ,3,3,2,2,1,2, ,2, ,1,1,0,0,0,0,0,0,0,0,0,0,1,0,0,2,2, , , , , , , , , , , , , , , , , , , , , 
P0798,0,0,0,0,1,0,1,0,0,0,4,4,3,4,3,3,2,3,1, , , , , , , , , , , , , , , , , ,3,4,1,1,2,2,2, , ,0,0,0,0,0,0,1,0, , , , , , , , , , , , , , , , , , , , , , , , , , , , , , 
P0799,1,1,0,0,1,0,0,1,0,0,1,1,1,1,2,2,2,2,3,1,0,0,0,0,0,0,0,0,0,0,0,0,1,0,1,0,1,1,1,1,1,1,2,2,2,0,0,1,0,0,0,0,0,0,1,0,0,0,0,0,2,2,0,0,0,0,1,0,0,0,0,0,0,0,0,2,1,2,4,3,3,3,3
P0800,0,0,0,0,0,0,0,0,0,1,5,5,5,5,4,2,5,5,6, , , , , , , , , , , , , , , , , ,4,5,3,2,2,2, , , ,0,0,0,0,0,0,1,0, , , , , , , , , , , , , , , , , , , , , , , , , , , , , , 
P0801,0,0,0,0,0,0,0,1,0,0,2,1,1,4,3,1,5,1,2,0,0,0,0,0,0,0,0,1, , , , , , , , ,4,3,2,2,1,2, ,2, ,0,0,0,0,0,0,1,0, , , , , , , , , , , , , , , , , , , , , , , , , , , , , , 
P0802,1,1,0,0,0,0,0,0,0,0,2,2,2,3,4,2,3,2,2,0,0,0,0,0,0,0,0,1, , , , , , , , ,3,3,2,1,1,3,2,2, ,1,0,0,0,0,0,0,0,1,0,0,0,0,0,0,2,2, , , , , , , , , , , , , , , , , , , , , 
P0803,0,1,0,1,0,0,0,1,0,0,1,1,1,2,2,1,2,1,2,1,1,0,0,0,0,0,0,0,0,0,0,1,1,1,0,0,2,3,1,1,1,2,1,1, ,1,0,1,0,0,0,0,0,0,1,1,1,1,0,0,2,2,1,0,1,1,0,0,0,0,0,0,1,0,0,1,2,2,4,3,3,3,1
P0804,1,0,1,0,1,0,0,0,0,0,2,2,2,3,2,2,2,2,6, , , , , , , , , , , , , , , , , ,2,3,2,2,2,2, , , ,0,0,0,0,0,0,1,0, , , , , , , , , , , , , , , , , , , , , , , , , , , , , , 
P0805,0,1,0,1,1,1,0,1,0,0,2,2,2,2,3,2,3,2,3,1,0,0,0,0,0,0,0,0,0,1,0,0,1,0,0,0,3,3,2,1,1,1,2,2,2,0,1,0,0,0,1,0,0,0,1,1,0,1,0,0,2,2,1,0,0,0,1,0,0,0,0,0,0,0,0,1,2,2,4,3,3,3,3
P0806,0,0,0,0,0,0,0,0,0,1,4,4,5,4,4,4,5,5,6, , , , , , , , , , , , , , , , , ,3,3,2,2,2,2, , , ,0,0,0,0,0,0,1,0, , , , , , , , , , , , , , , , , , , , , , , , , , , , , , 
P0807,0,1,1,0,0,0,0,0,0,0,3,3,2,3,4,2,3,3,2,1,0,0,1,0,0,0,0,0,0,1,0,0,0,0,1,0,4,3,2,2,1,2, ,2, ,0,0,0,0,0,1,0,0,0,1,0,0,0,0,0,2,2, , , , , , , , , , , , , , , , , , , , , 
P0808,0,1,0,0,1,0,0,0,0,0,3,2,2,4,2,2,5,3,1, , , , , , , , , , , , , , , , , ,3,4,3,2,2,2, , , ,0,0,0,0,0,0,1,0, , , , , , , , , , , , , , , , , , , , , , , , , , , , , , 
P0809,1,1,0,0,1,0,0,0,0,0,2,2,2,3,3,2,2,2,2,0,0,0,0,0,0,0,0,1, , , , , , , , ,2,3,3,1,1,2,1,5, ,1,0,0,1,0,0,0,0,0,1,0,0,0,0,0,2,2, , , , , , , , , , , , , , , , , , , , , 
P0810,0,0,0,0,0,1,0,0,0,0,4,4,4,4,4,4,4,4,6, , , , , , , , , , , , , , , , , ,5,5,3,2,2,2, , , ,0,0,0,0,0,0,1,0, , , , , , , , , , , , , , , , , , , , , , , , , , , , , , 
P0811,0,0,0,0,0,1,0,1,0,0,2,1,1,5,3,1,5,1,1, , , , , , , , , , , , , , , , , ,5,5,2,3,1,2, ,2, ,0,0,0,0,0,0,1,0, , , , , , , , , , , , , , , , , , , , , , , , , , , , , , 
P0812,0,1,0,0,0,0,0,0,0,0,2,2,2,4,3,2,3,4,1, , , , , , , , , , , , , , , , , ,1,5,2,1,1,2,1,2, ,0,0,0,0,0,0,1,0, , , , , , , , , , , , , , , , , , , , , , , , , , , , , , 
P0813,0,1,0,0,1,1,0,0,0,0,2,2,2,3,2,2,3,2,1, , , , , , , , , , , , , , , , , ,2,3,1,1,1,3,2,2, ,0,0,0,0,0,0,1,0, , , , , , , , , , , , , , , , , , , , , , , , , , , , , , 
P0814,0,1,0,0,1,0,0,1,1,0,2,1,2,3,2,1,3,2,2,1,0,0,0,0,0,0,0,0,1,1,0,1,0,1,0,0,3,4,1,1,2,2,2, , ,0,0,1,0,0,0,0,0,0,1,0,0,0,0,0,2,2, , , , , , , , , , , , , , , , , , , , , 
P0815,0,1,1,0,0,0,0,0,0,0,2,2,2,3,2,2,2,2,1, , , , , , , , , , , , , , , , , ,3,3,2,1,1,2,2,2, ,0,0,0,0,0,0,1,0, , , , , , , , , , , , , , , , , , , , , , , , , , , , , , 
P0816,1,1,1,0,0,0,0,1,0,0,5,5,2,3,3,5,3,5,2,1,0,0,0,0,0,0,0,0,0,0,1,0,1,0,1,0,2,1,1,1,1,1,1,1,1,1,0,1,0,0,0,0,0,1,0,0,0,0,0,0,2,2,0,0,0,0,1,0,1,0,0,1,0,0,0,2,2,2,4,3,3,3,1
P0817,0,0,0,0,0,0,0,0,0,1,2,2,2,2,2,2,2,1,6, , , , , , , , , , , , , , , , , ,5,5,3,2,3,3, , , ,0,0,0,0,0,0,0,1, , , , , , , , , , , , , , , , , , , , , , , , , , , , , , 
P0818,0,1,1,0,1,0,0,0,0,0,3,1,2,2,3,2,5,2,2,0,0,0,0,0,0,0,1,0,0,0,0,0,0,0,0,1,5,3,2,2,2,2, , , ,0,0,0,0,0,0,1,0, , , , , , , , , , , , , , , , , , , , , , , , , , , , , , 
P0819,1,1,0,0,0,1,0,0,0,0,3,3,5,5,4,3,5,5,1, , , , , , , , , , , , , , , , , ,4,1,1,2,1,2, ,2, ,0,0,0,0,0,0,1,0, , , , , , , , , , , , , , , , , , , , , , , , , , , , , , 
P0820,0,1,0,0,0,1,0,0,0,0,2,3,2,3,3,2,3,2,2,1,0,0,0,0,0,0,0,0,0,0,0,0,0,0,1,0,3,3,1,2,1,2, ,2, ,0,0,0,0,0,1,0,0,0,0,0,0,0,1,0,2,2, , , , , , , , , , , , , , , , , , , , , 
P0821,0,0,0,0,0,1,0,0,0,0,4,2,2,4,4,2,3,3,2,0,0,0,0,0,0,0,0,1, , , , , , , , ,3,3,2,2,2,2, , , ,0,0,0,0,0,0,1,0, , , , , , , , , , , , , , , , , , , , , , , , , , , , , , 
P0822,1,1,1,0,1,0,0,1,0,0,1,1,1,2,1,1,1,1,1, , , , , , , , , , , , , , , , , ,1,1,2,1,1,2,1,1, ,1,1,1,1,1,1,0,0,1,1,0,1,1,0,0,2,2, , , , , , , , , , , , , , , , , , , , , 
P0823,0,1,0,0,1,0,0,1,0,0,1,1,1,3,2,2,2,2,3,1,0,0,0,0,0,0,0,0,0,0,0,0,0,1,0,0,3,3,2,1,1,2,2,2, ,1,0,1,0,0,0,0,0,0,1,0,0,0,0,0,2,2, , , , , , , , , , , , , , , , , , , , , 
P0824,1,1,1,0,1,0,1,1,0,0,1,2,2,5,2,2,2,2,6, , , , , , , , , , , , , , , , , ,5,5,2,3,3,3, , , ,0,0,0,0,0,0,0,1, , , , , , , , , , , , , , , , , , , , , , , , , , , , , , 
P0825,1,1,1,1,1,1,1,0,0,0,4,2,2,2,3,2,2,3,3,1,0,0,0,0,0,0,0,0,0,0,0,0,1,0,1,0,3,3,2,1,1,1,2,1,2,1,0,1,0,0,1,0,0,1,1,1,0,0,0,0,2,2,0,0,0,0,1,0,0,0,0,1,0,0,0,2,2,2,4,3,3,3,1
P0826,1,1,1,0,0,1,0,0,0,0,2,1,1,2,3,1,5,3,1, , , , , , , , , , , , , , , , , ,3,3,2,2,1,2, ,2, ,0,0,0,0,0,0,1,0, , , , , , , , , , , , , , , , , , , , , , , , , , , , , , 
P0827,0,0,0,1,1,0,1,0,0,0,1,2,1,3,2,4,1,1,2,1,1,0,0,0,0,0,0,0,0,0,0,0,1,0,1,1,1,2,2,1,2,3,1, , ,1,0,0,0,0,0,0,0,0,0,0,1,0,0,0,2,2,1,0,1,0,1,0,0,0,0,0,0,0,0,2,1,3,3,1,3,3,3
P0828,1,1,0,0,0,1,0,0,0,0,1,1,2,2,4,1,2,2,2,1,0,0,0,0,0,0,0,0,0,0,0,1,0,0,0,0,4,3,2,2,1,2, ,2, ,0,0,0,0,0,0,1,0, , , , , , , , , , , , , , , , , , , , , , , , , , , , , , 
P0829,0,1,0,0,0,0,0,0,0,0,2,2,2,3,3,2,3,2,6, , , , , , , , , , , , , , , , , ,3,3,2,2,2,2, , , ,0,0,0,0,0,0,1,0, , , , , , , , , , , , , , , , , , , , , , , , , , , , , , 
P0830,0,0,0,0,1,1,0,1,0,0,3,2,3,2,2,2,4,1,2,1,0,0,0,0,0,0,0,0,0,0,0,1,0,0,0,0,5,5,3,1,2,2,5, , ,0,0,0,0,0,0,1,0, , , , , , , , , , , , , , , , , , , , , , , , , , , , , , 
P0831,1,1,1,0,0,0,0,1,0,0,1,1,1,1,1,1,1,1,3,1,0,0,1,1,0,0,0,0,0,0,0,1,1,1,0,0,1,1,1,1,1,1,1,1,1,0,0,0,0,0,0,1,0, , , , , , , , , ,0,0,0,0,0,0,0,0,0,1,0,0,0,1,1,1,2,1,2,1,3
P0832,0,1,1,0,0,1,0,0,0,0,3,2,2,3,4,2,3,2,2,1,0,0,0,0,0,0,0,0,0,0,0,0,1,0,0,0,3,3,2,2,1,3, ,2, ,0,0,0,0,0,0,1,0, , , , , , , , , ,0,0,0,0,0,0,0,0,0,0,0,0,1,2,3,2,4,3,3,3,3
P0833,0,1,0,0,0,0,0,0,0,0,2,1,1,1,2,1,2,1,2,1,0,0,0,0,0,0,0,0,0,0,0,0,0,0,1,0,3,1,2,2,2,2, , , ,1,0,0,0,0,0,0,0,0,1,0,0,0,0,0,2,2, , , , , , , , , , , , , , , , , , , , , 
P0834,1,1,0,0,0,1,0,0,0,0,1,1,1,2,5,1,2,1,1, , , , , , , , , , , , , , , , , ,4,3,2,2,3,2, , , ,0,0,0,0,0,0,1,0, , , , , , , , , , , , , , , , , , , , , , , , , , , , , , 
P0835,1,0,0,0,1,0,1,0,0,0,1,1,1,2,2,2,1,2,1, , , , , , , , , , , , , , , , , ,1,1,1,1,1,1,1,1,1,0,1,1,0,1,0,0,0,1,1,0,0,1,0,0,2,2, , , , , , , , , , , , , , , , , , , , , 
P0836,0,1,1,1,0,1,0,1,0,0,2,2,2,2,3,2,2,2,3,0,0,0,1,0,0,0,0,0,0,0,0,0,1,0,0,0,3,3,2,2,1,1, ,2,2,0,1,0,0,0,0,0,0,0,0,1,0,0,0,0,2,2,0,0,0,0,1,0,0,0,0,1,0,0,0,2,2,3,4,1,4,1,1
P0837,0,1,0,0,1,0,0,1,0,0,3,3,2,3,3,3,2,2,2,1,0,0,0,0,0,0,0,0,0,0,0,0,0,0,1,0,2,2,1,1,1,1,2,2,2,0,0,0,0,0,0,1,0, , , , , , , , , , , , , , , , , , , , , , , , , , , , , , 
P0838,0,1,0,0,1,0,0,1,0,0,2,2,2,4,2,2,3,2,2,1,0,0,0,0,0,0,0,0,0,0,0,0,0,0,0,1,3,3,2,1,1,2,2,2, ,0,0,0,0,0,1,0,0,0,0,0,0,0,1,0,2,2, , , , , , , , , , , , , , , , , , , , , 
P0839,1,1,1,0,1,0,0,1,0,0,2,1,2,3,3,1,3,2,2,1,1,0,0,0,0,0,0,0,0,0,1,0,1,1,0,0,2,2,2,1,1,1,1,1,2,1,0,1,0,0,1,0,0,0,1,1,1,0,0,0,2,2,1,0,1,1,1,0,1,0,0,1,1,0,0,2,3,2,4,3,3,3,3
P0840,1,1,1,1,1,1,1,1,0,0,3,1,2,4,4,4,3,1,5,1,1,1,1,0,0,1,0,0,1,0,0,0,1,1,1,0,2,2,1,1,1,1,1,1,1,1,0,0,0,0,0,0,0,1,1,1,0,0,0,0,2,2,0,1,1,0,0,0,1,0,0,1,0,0,0,1,1,2,4,3,2,3,1
P0841,0,0,1,0,0,0,0,0,0,0,3,4,2,3,2,3,3,3,3,1,0,0,0,0,0,0,0,0,0,0,0,0,1,0,0,0,1,2,1,1,1,2,2,2, ,0,0,1,0,0,0,0,0,0,0,1,0,0,0,0,2,2,0,0,0,0,0,0,0,0,0,0,1,0,0,3,1,2,2,3,3,1,2
P0842,0,0,0,0,1,1,0,1,0,0,1,1,1,2,2,1,1,1,5,1,0,0,1,0,0,0,0,0,0,0,1,1,1,0,0,0,1,2,1,1,1,1,1,1,1,0,0,0,1,0,0,0,0,0,1,0,0,0,0,0,2,2,1,0,0,0,1,1,0,0,0,0,1,0,0,1,1,2,3,2,1,1,3
P0843,0,0,1,0,0,0,0,1,0,0,3,2,2,5,2,2,5,1,1, , , , , , , , , , , , , , , , , ,3,3,1,1,2,3,2, , ,0,0,0,0,0,0,1,0, , , , , , , , , , , , , , , , , , , , , , , , , , , , , , 
P0844,0,0,0,0,0,0,0,1,0,0,3,3,2,5,3,2,5,1,1, , , , , , , , , , , , , , , , , ,2,3,1,1,1,2,2,2, ,0,0,0,0,1,0,0,0,0,0,0,0,0,0,1,2,1, , , , , , , , , , , , , , , , , , , , , 
P0845,1,0,0,0,1,1,0,1,0,0,2,2,2,3,2,2,5,2,4,1,0,0,0,0,0,0,0,0,0,1,0,0,1,0,0,0,2,3,2,1,1,2,1,1, ,0,0,0,0,0,0,1,0, , , , , , , , , ,0,0,0,0,0,0,0,0,0,1,0,0,0,3,1,2,4,3,3,3,1
P0846,0,1,1,0,1,0,0,1,0,0,3,1,2,4,2,4,4,1,2,1,0,0,0,0,0,0,0,0,0,0,0,0,0,0,0,1,5,4,2,2,2,2, , , ,0,0,0,0,0,0,1,0, , , , , , , , , , , , , , , , , , , , , , , , , , , , , , 
P0847,1,1,0,1,1,0,0,1,0,0,2,2,2,2,2,2,2,2,4,1,0,0,0,0,0,0,0,0,0,1,0,1,1,0,0,0,2,3,2,1,1,1,2,2,2,0,0,0,0,0,1,0,0,1,0,1,0,1,0,0,2,2,0,0,0,0,0,0,0,0,0,0,0,1,0,1,2,3,4,3,3,3,1
P0848,1,1,0,1,1,0,1,1,0,0,1,1,1,1,1,1,1,1,3,1,1,0,1,0,0,0,0,0,0,0,0,1,1,0,1,1,1,1,1,1,1,1,1,1,1,0,1,1,1,1,0,0,0,1,1,1,1,1,0,0,2,2,0,1,0,0,0,0,1,1,0,0,0,0,0,1,1,1,1,1,1,1,1
P0849,0,0,1,0,0,1,1,1,0,0,2,2,2,2,2,2,2,2,2,1,0,0,0,0,0,0,0,0,0,1,0,1,1,1,0,0,3,3,1,1,1,1,2,2,2,1,0,0,0,0,1,0,0,1,1,0,0,1,0,0,2,2,1,1,0,0,0,0,1,0,1,0,0,0,0,2,1,2,4,3,3,3,3
P0850,0,0,0,1,0,0,0,1,0,0,2,2,2,2,1,1,1,2,2,1,0,0,1,0,0,0,0,0,0,0,0,1,0,1,0,0,3,3,1,1,2,1,2, ,2,1,0,0,0,1,0,0,0,0,0,1,0,1,0,0,2,2,0,1,0,1,0,0,0,0,0,0,1,0,0,1,2,3,1,1,1,2,1
P0851,0,0,0,0,0,0,0,0,0,1,2,2,2,4,4,3,4,3,1, , , , , , , , , , , , , , , , , ,3,3,2,1,2,2,1, , ,0,0,0,0,0,0,1,0, , , , , , , , , , , , , , , , , , , , , , , , , , , , , , 
P0852,1,1,1,0,1,0,0,0,0,0,3,2,2,3,3,2,2,2,6, , , , , , , , , , , , , , , , , ,2,2,1,1,1,3,1,1, ,1,0,0,0,0,0,0,0,1,0,0,0,0,0,0,2,2, , , , , , , , , , , , , , , , , , , , , 
P0853,0,0,0,0,0,0,0,0,0,1,3,5,3,5,3,3,5,3,1, , , , , , , , , , , , , , , , , ,3,4,3,2,2,2, , , ,0,0,0,0,0,0,1,0, , , , , , , , , , , , , , , , , , , , , , , , , , , , , , 
P0854,0,1,1,0,0,0,0,0,0,0,2,2,2,3,3,3,3,2,1, , , , , , , , , , , , , , , , , ,3,4,2,2,2,2, , , ,0,0,0,0,0,0,1,0, , , , , , , , , , , , , , , , , , , , , , , , , , , , , , 
P0855,0,1,1,0,0,1,0,0,0,0,2,2,2,4,4,2,2,2,3,1,0,0,0,0,0,0,0,0,0,0,0,0,0,0,0,1,2,2,1,1,1,1,2,2,2,0,0,0,0,0,0,1,0, , , , , , , , , , , , , , , , , , , , , , , , , , , , , , 
P0856,1,1,0,0,0,0,0,0,0,0,1,1,2,4,3,2,4,2,1, , , , , , , , , , , , , , , , , ,4,3,3,2,1,2, ,2, ,0,1,0,1,1,0,0,0,1,0,0,0,1,0,0,2,2, , , , , , , , , , , , , , , , , , , , , 
P0857,1,0,1,1,0,0,0,1,0,0,2,1,2,2,3,3,2,3,5,1,1,0,1,0,0,0,0,0,1,0,1,1,1,0,0,0,5,3,1,1,1,1,1,1,2,0,0,1,1,1,0,0,0,1,1,1,0,0,0,0,2,2,0,0,1,0,1,0,0,0,0,0,1,0,0,1,2,2,4,3,3,1,3
P0858,0,1,0,1,1,1,0,0,0,0,1,1,2,1,2,1,1,2,4,1,0,0,0,0,0,0,0,0,0,0,0,1,1,0,1,0,1,1,1,1,1,1,1,1,1,0,1,1,0,0,0,0,0,0,0,1,1,1,0,0,2,2,0,0,1,0,1,1,0,0,0,0,0,0,0,1,1,2,3,1,3,3,1
P0859,0,1,1,0,1,0,0,0,0,0,5,2,3,5,4,2,3,2,6, , , , , , , , , , , , , , , , , ,3,4,3,2,2,2, , , ,0,0,0,0,0,0,1,0, , , , , , , , , , , , , , , , , , , , , , , , , , , , , , 
P0860,1,0,0,0,1,1,1,0,0,0,2,2,2,3,2,2,2,2,2,1,0,0,0,0,0,0,0,0,0,0,0,1,0,0,0,0,3,3,1,1,1,2,3,3, ,0,0,0,0,0,0,1,0, , , , , , , , , , , , , , , , , , , , , , , , , , , , , , 
P0861,0,0,1,0,0,1,0,1,0,0,5,5,2,5,5,2,5,2,2,0,0,0,0,0,0,0,0,1, , , , , , , , ,5,5,3,2,1,3, ,2, ,0,0,0,0,0,0,1,0, , , , , , , , , , , , , , , , , , , , , , , , , , , , , , 
P0862,0,1,0,0,0,0,0,0,0,0,2,1,2,3,3,3,3,3,2,1,0,0,0,0,0,0,0,0,0,0,0,1,0,0,0,0,3,3,2,2,2,2, , , ,0,0,0,0,0,0,1,0, , , , , , , , , , , , , , , , , , , , , , , , , , , , , , 
P0863,0,1,1,0,0,1,1,0,0,0,4,2,2,3,4,2,3,4,3,1,0,0,0,0,0,0,0,0,0,0,0,1,0,0,0,0,3,3,2,2,2,2, , , ,0,0,0,0,0,1,0,0,0,0,0,0,1,0,0,2,2, , , , , , , , , , , , , , , , , , , , , 
P0864,0,1,0,0,0,0,0,0,0,0,3,3,3,3,3,3,3,3,6, , , , , , , , , , , , , , , , , ,3,3,2,2,2,2, , , ,0,0,0,0,0,0,1,0, , , , , , , , , , , , , , , , , , , , , , , , , , , , , , 
P0865,0,1,1,1,1,0,1,1,0,0,1,2,1,1,1,2,1,1,5,1,0,0,1,0,0,0,0,0,0,0,1,1,1,1,0,0,1,1,1,1,1,1,1,1,1,1,0,1,1,1,1,0,0,1,0,1,1,1,0,0,2,2,1,1,1,1,1,1,0,1,0,0,0,0,0,1,1,3,2,1,1,1,1
P0866,1,1,1,0,1,1,0,1,0,0,2,1,2,4,2,2,3,1,1, , , , , , , , , , , , , , , , , ,2,2,1,1,1,2,1,1, ,0,1,1,0,0,0,0,0,0,1,0,0,0,0,0,2,2, , , , , , , , , , , , , , , , , , , , , 
P0867,0,0,1,1,1,1,0,0,0,0,2,2,2,2,4,1,2,2,3,1,0,0,0,0,0,0,0,0,0,0,0,1,1,0,0,0,2,2,2,1,1,2,1,1, ,0,0,0,0,0,1,0,0,0,1,0,0,0,0,0,2,2,0,0,0,1,0,0,0,0,0,0,0,0,0,2,2,2,1,1,2,3,1
P0868,1,1,1,1,1,1,1,1,0,0,1,1,1,1,1,1,1,1,5,1,1,0,1,0,0,0,0,0,0,0,0,0,0,0,0,1,2,1,1,1,1,1,1,1,1,0,0,0,0,0,0,0,1, , , , , , , , , ,0,0,0,0,1,1,0,1,0,1,0,0,0,2,1,2,4,4,2,3,1
P0869,1,1,0,0,1,0,0,1,0,0,3,3,3,4,2,3,2,2,2,1,0,0,0,0,0,0,0,0,0,0,0,0,0,0,0,1,3,3,2,2,2,2, , , ,0,0,0,0,0,0,1,0, , , , , , , , , , , , , , , , , , , , , , , , , , , , , , 
P0870,0,1,1,0,0,0,0,0,0,0,3,2,2,4,4,3,4,4,6, , , , , , , , , , , , , , , , , ,3,3,2,2,2,2, , , ,0,0,0,0,0,0,1,0, , , , , , , , , , , , , , , , , , , , , , , , , , , , , , 
P0871,1,1,1,0,1,1,1,1,0,0,1,1,2,2,2,1,1,1,2,0,0,0,0,1,1,0,0,0,1,1,0,0,1,0,0,0,1,1,1,1,1,1,1,1,1,1,0,0,0,0,0,0,0,1,0,1,1,1,0,0,2,2,0,0,1,0,1,0,1,0,0,1,0,0,0,2,2,2,4,1,2,3,1
P0872,0,1,0,0,1,0,1,1,0,0,2,2,2,2,2,2,2,2,1, , , , , , , , , , , , , , , , , ,2,2,3,3,3,1, , ,5,1,1,0,1,0,0,0,0,0,0,0,1,0,0,0,3,1, , , , , , , , , , , , , , , , , , , , , 
P0873,0,0,0,0,0,0,0,0,0,1,4,4,4,4,2,4,5,2,2,0,0,0,0,0,0,0,1,0,0,0,0,0,0,0,0,1,3,3,1,1,1,2,1,2, ,0,0,0,0,0,0,1,0, , , , , , , , , , , , , , , , , , , , , , , , , , , , , , 
P0874,1,1,0,0,0,1,0,0,0,0,2,2,2,4,4,1,3,2,2,1,0,0,0,0,0,0,0,0,0,0,0,1,0,0,0,0,1,2,1,1,1,3,2,2, ,1,1,0,0,0,0,0,0,1,1,0,0,0,0,0,2,2, , , , , , , , , , , , , , , , , , , , , 
P0875,0,0,0,0,1,0,0,0,0,0,2,2,3,3,3,3,2,2,2,1,0,0,0,0,1,0,0,0,0,0,0,0,1,0,0,0,2,2,1,1,2,2,1, , ,1,1,0,0,0,0,0,0,0,0,1,0,1,0,0,2,1,0,0,0,1,0,1,0,0,0,0,0,0,0,2,2,3,1,3,1,1,2
P0876,1,0,1,0,0,1,0,0,0,0,2,1,2,4,3,2,4,2,3,1,0,0,0,0,0,0,0,0,0,0,0,0,1,0,0,0,1,1,1,1,1,2,1,1, ,0,0,0,1,0,0,0,0,1,1,0,0,0,0,0,2,2,0,0,1,0,0,0,0,0,0,0,0,0,0,2,2,1,1,3,1,1,1
P0877,0,0,0,0,1,0,0,0,0,0,2,2,2,2,2,2,2,2,5,1,0,0,0,0,0,0,0,0,1,0,0,0,0,0,0,0,1,5,3,1,1,1,3,3,3,0,0,0,0,0,0,0,1, , , , , , , , , , , , , , , , , , , , , , , , , , , , , , 
P0878,1,1,0,1,1,0,0,1,0,0,2,2,2,3,2,3,2,1,2,1,0,0,0,0,0,0,0,0,1,1,0,1,1,0,0,0,3,3,2,1,1,1,1,2,1,0,1,1,0,0,1,0,0,0,0,0,1,1,0,0,2,2,0,0,0,1,1,0,0,0,0,1,0,0,0,2,2,1,3,2,1,2,3
P0879,0,0,0,1,1,0,1,1,0,0,1,1,1,1,2,2,2,2,5,1,1,0,1,0,0,0,0,0,1,1,0,0,0,0,1,1,2,2,1,1,1,1,1,1,1,0,0,1,1,0,0,0,0,1,1,1,1,0,0,0,2,2,0,1,1,1,0,0,1,0,0,1,0,0,0,1,1,1,3,1,1,1,1
P0880,0,0,0,0,0,0,0,0,0,1,3,2,5,5,2,2,5,2,1, , , , , , , , , , , , , , , , , ,3,3,2,2,2,2, , , ,0,0,0,0,0,0,1,0, , , , , , , , , , , , , , , , , , , , , , , , , , , , , , 
P0881,1,1,1,0,1,0,0,0,0,0,3,2,2,4,2,2,5,3,2,1,0,0,0,0,0,0,0,0,0,0,0,0,0,1,0,0,3,3,2,1,1,2,1,1, ,1,0,1,1,1,1,0,0,0,1,0,0,0,0,0,2,2, , , , , , , , , , , , , , , , , , , , , 
P0882,1,0,0,1,1,0,0,1,0,0,1,1,2,2,1,2,1,2,5,1,0,0,1,1,0,0,0,0,1,1,0,0,1,0,0,0,2,2,1,1,1,1,1,1,1,0,0,0,1,0,0,0,0,0,0,1,1,0,0,0,2,2,1,0,1,0,0,0,0,0,0,0,1,0,0,2,2,1,1,1,2,2,3
P0883,1,1,0,0,0,0,0,0,0,0,2,2,2,2,3,2,2,2,2,0,0,0,1,0,0,0,0,0,0,0,0,0,1,0,0,1,3,3,2,2,1,2, ,2, ,0,0,0,0,0,0,1,0, , , , , , , , , ,1,0,1,0,1,0,0,0,0,0,0,0,0,2,2,2,4,3,3,3,3
P0884,0,1,1,0,1,1,0,0,0,0,2,1,1,2,2,2,2,2,3,1,0,0,0,0,0,0,0,0,0,0,0,1,1,1,0,0,1,1,1,1,1,1,2,2,2,0,0,1,0,1,0,0,0,0,1,0,0,0,0,0,2,2,1,0,0,0,1,0,0,0,0,0,0,0,0,2,2,2,4,3,3,3,3
P0885,1,0,0,0,0,0,0,0,0,0,2,5,2,5,5,2,5,2,1, , , , , , , , , , , , , , , , , ,4,5,2,2,2,2, , , ,0,0,0,0,0,0,1,0, , , , , , , , , , , , , , , , , , , , , , , , , , , , , , 
P0886,0,0,0,0,0,0,0,0,0,1,3,3,3,3,3,3,3,3,6, , , , , , , , , , , , , , , , , ,5,5,3,2,2,2, , , ,0,0,0,0,0,0,0,1, , , , , , , , , , , , , , , , , , , , , , , , , , , , , , 
P0887,1,0,0,0,0,0,0,0,0,0,2,3,3,3,3,3,3,3,1, , , , , , , , , , , , , , , , , ,2,2,2,1,1,3,2,2, ,1,0,0,0,0,0,0,0,0,1,0,0,0,0,0,2,2, , , , , , , , , , , , , , , , , , , , , 
P0888,1,0,0,0,1,0,0,0,0,0,3,4,4,4,4,4,4,4,3,1,0,0,0,0,0,0,0,0,0,0,0,0,0,1,0,0,3,2,2,2,2,2, , , ,0,0,0,0,0,0,0,1, , , , , , , , , , , , , , , , , , , , , , , , , , , , , , 
P0889,0,1,0,0,1,1,0,1,0,0,2,2,2,5,3,3,2,2,3,1,0,0,0,0,0,0,0,0,0,0,1,1,1,1,0,0,3,2,1,1,1,1,1,1,1,1,1,0,0,0,1,0,0,0,0,0,1,0,0,0,2,2,0,0,1,1,1,0,0,0,0,0,0,0,0,2,2,4,4,1,1,1,1
P0890,0,1,0,0,0,0,0,0,0,0,5,5,5,5,5,5,5,5,1, , , , , , , , , , , , , , , , , ,5,5,3,2,2,2, , , ,0,0,0,0,0,0,0,1, , , , , , , , , , , , , , , , , , , , , , , , , , , , , , 
P0891,0,1,0,0,1,0,0,0,0,0,3,3,3,3,3,3,3,2,2,0,0,0,0,0,0,0,0,1, , , , , , , , ,3,3,2,1,1,2,2,2, ,0,0,0,0,0,0,1,0, , , , , , , , , , , , , , , , , , , , , , , , , , , , , , 
P0892,1,1,0,1,1,0,1,1,0,0,1,1,1,2,1,2,2,1,4,1,0,0,0,0,0,0,0,0,0,0,0,1,0,1,1,0,1,1,2,1,1,1,2,2,2,1,1,0,1,0,0,0,0,1,1,1,0,0,0,0,2,2,0,0,1,0,1,0,0,1,0,0,0,0,0,1,1,3,2,1,1,1,1
P0893,0,0,0,0,0,0,0,0,0,1,4,2,3,4,3,2,3,3,6, , , , , , , , , , , , , , , , , ,3,4,3,2,2,2, , , ,0,0,0,0,0,0,1,0, , , , , , , , , , , , , , , , , , , , , , , , , , , , , , 
P0894,0,0,0,0,0,1,0,0,0,0,3,2,2,3,3,3,3,3,2,1,0,0,0,0,0,0,0,0,1,0,0,0,0,0,0,0,2,3,1,1,1,1,2,2,2,0,0,0,0,0,0,1,0, , , , , , , , , , , , , , , , , , , , , , , , , , , , , , 
P0895,0,1,0,0,0,0,0,0,0,0,4,3,3,4,4,3,4,4,1, , , , , , , , , , , , , , , , , ,4,3,2,2,2,2, , , ,0,0,0,0,0,0,1,0, , , , , , , , , , , , , , , , , , , , , , , , , , , , , , 
P0896,1,1,1,1,1,1,0,1,0,0,2,1,2,2,2,2,2,1,4,1,0,0,0,0,0,0,0,0,0,0,0,1,0,0,0,0,3,3,1,1,1,2,1,1, ,0,0,0,0,0,0,1,0, , , , , , , , , ,0,0,0,0,1,0,1,0,0,0,0,0,0,1,1,2,4,3,3,3,1
P0897,0,1,0,0,0,0,0,0,0,0,3,2,2,3,4,2,3,3,2,0,0,0,0,0,0,0,0,1, , , , , , , , ,4,2,2,2,2,2, , , ,0,0,0,0,0,0,1,0, , , , , , , , , , , , , , , , , , , , , , , , , , , , , , 
P0898,1,1,1,1,1,1,1,1,0,0,2,1,1,1,2,1,2,2,2,1,1,0,0,0,0,0,0,0,1,1,0,0,1,1,0,1,3,3,1,1,1,1,1,1,1,1,0,0,0,0,0,0,0,0,0,0,0,1,0,0,2,2,1,1,1,1,1,1,1,0,0,1,1,0,0,1,1,2,4,3,3,3,3
P0899,0,0,0,0,0,1,0,0,0,0,3,2,2,3,3,2,3,3,1, , , , , , , , , , , , , , , , , ,3,3,2,2,2,2, , , ,0,0,1,0,0,0,0,0,0,1,0,0,0,0,0,2,2, , , , , , , , , , , , , , , , , , , , , 
P0900,1,1,0,0,0,1,0,0,0,0,3,2,2,3,2,2,3,3,2,1,0,0,0,0,0,0,0,0,0,0,0,0,0,0,0,1,2,2,1,1,1,2,1,2, ,1,1,1,0,0,0,0,0,1,1,0,0,0,0,0,2,2, , , , , , , , , , , , , , , , , , , , , 
P0901,1,1,0,0,0,0,0,0,0,0,2,2,2,5,4,2,2,2,2,1,0,0,0,0,0,0,0,0,0,0,0,0,0,0,0,1,3,3,2,2,1,2, ,2, ,0,0,0,0,0,0,1,0, , , , , , , , , , , , , , , , , , , , , , , , , , , , , , 
P0902,1,1,0,1,1,1,0,1,0,0,2,2,2,2,2,2,2,2,4,1,0,0,0,0,0,0,0,0,1,1,0,1,1,0,0,0,1,1,2,1,1,1,2,2,2,1,0,1,1,1,0,0,0,1,0,1,1,1,0,0,2,2,1,0,1,1,1,0,1,1,0,1,0,0,0,2,2,2,4,3,3,3,3
P0903,1,1,1,0,0,0,0,0,0,0,2,2,2,2,2,1,2,1,2,1,0,0,0,0,0,0,0,0,0,0,0,0,0,1,0,0,3,4,1,1,1,2,2,2, ,0,0,0,0,0,0,1,0, , , , , , , , , , , , , , , , , , , , , , , , , , , , , , 
P0904,1,1,1,1,1,1,1,1,0,0,3,3,2,4,2,3,3,2,1, , , , , , , , , , , , , , , , , ,3,3,2,1,1,2,2,2, ,1,1,1,1,1,0,0,0,1,0,0,0,0,0,0,2,2,1,0,0,0,1,0,0,0,0,0,0,0,0,2,2,4,4,3,3,3,1
P0905,0,0,0,0,0,0,0,0,0,1,5,5,5,5,5,5,4,5,6, , , , , , , , , , , , , , , , , ,5,5,3,2,2,2, , , ,0,0,0,0,0,0,0,1, , , , , , , , , , , , , , , , , , , , , , , , , , , , , , 
P0906,0,0,0,0,1,1,0,0,0,0,3,4,3,2,4,3,3,1,1, , , , , , , , , , , , , , , , , ,2,2,1,1,2,1,1, ,1,0,1,1,0,0,1,0,0,1,0,0,0,0,0,0,2,2, , , , , , , , , , , , , , , , , , , , , 
P0907,1,1,0,0,1,1,0,1,0,0,2,2,2,5,2,2,2,2,2,0,0,0,0,0,0,0,0,1, , , , , , , , ,1,3,2,1,1,2,2,2, ,0,0,0,0,0,1,0,0,0,1,0,0,0,0,0,2,2, , , , , , , , , , , , , , , , , , , , , 
P0908,1,1,1,0,0,0,0,0,0,0,2,2,2,4,4,2,4,3,1, , , , , , , , , , , , , , , , , ,4,3,3,2,1,2, ,2, ,0,0,0,0,0,0,1,0, , , , , , , , , , , , , , , , , , , , , , , , , , , , , , 
P0909,1,0,1,0,1,0,1,0,0,0,1,2,2,1,1,2,2,2,3,1,1,0,1,0,0,0,0,0,0,0,1,0,1,0,1,0,2,2,1,1,2,1,1, ,1,0,0,1,0,0,1,0,0,1,0,0,1,0,0,0,2,2,1,0,0,0,1,1,0,0,0,0,0,0,0,2,2,2,1,1,1,2,1
P0910,1,1,1,1,0,0,1,1,0,0,1,1,2,1,1,3,2,1,4,1,1,1,0,0,0,1,0,0,0,1,1,0,0,0,0,1,1,2,1,1,1,1,1,1,1,1,0,1,1,0,1,0,0,0,0,1,1,1,0,0,2,2,1,0,0,1,1,0,1,1,1,1,0,0,0,1,1,2,1,1,1,1,1
P0911,0,0,0,0,1,0,0,1,0,0,2,2,2,2,2,2,2,2,1, , , , , , , , , , , , , , , , , ,5,2,1,1,3,2,2, , ,0,0,0,0,0,0,1,0, , , , , , , , , , , , , , , , , , , , , , , , , , , , , , 
P0912,0,1,0,1,0,0,0,1,0,0,1,1,2,2,2,1,2,1,3,1,0,0,0,0,0,0,0,0,0,0,0,0,1,0,0,1,1,1,2,1,1,1,1,1,1,1,1,0,0,0,0,0,0,1,1,1,0,0,0,0,2,2,1,0,0,0,1,0,0,0,0,0,0,0,0,1,2,3,3,2,1,1,3
P0913,1,1,1,0,1,1,0,1,0,0,3,1,2,3,2,1,2,2,3,1,0,0,0,0,0,0,0,0,1,0,0,1,1,0,0,0,1,1,1,1,1,1,1,1,1,1,1,1,1,1,1,0,0,1,1,0,1,1,0,0,2,2,1,0,0,0,1,0,0,0,0,0,0,0,0,1,2,2,3,1,3,2,1
P0914,0,1,0,0,0,0,0,0,0,0,2,1,2,2,3,2,3,2,1, , , , , , , , , , , , , , , , , ,3,3,2,2,1,2, ,2, ,0,0,0,0,0,0,1,0, , , , , , , , , , , , , , , , , , , , , , , , , , , , , , 
P0915,1,0,1,0,1,0,0,0,0,0,1,3,4,2,3,1,4,1,2,1,0,0,0,0,0,0,0,0,0,1,0,0,0,1,0,1,1,1,2,1,2,1,2, ,4,0,0,0,1,0,0,0,0,1,0,0,0,0,0,0,1,1, , , , , , , , , , , , , , , , , , , , , 
P0916,0,0,1,0,1,0,0,0,0,0,3,2,2,5,3,2,2,2,1, , , , , , , , , , , , , , , , , ,5,5,2,1,2,3,1, , ,0,0,0,0,0,0,1,0, , , , , , , , , , , , , , , , , , , , , , , , , , , , , , 
P0917,0,1,1,0,1,0,0,0,0,0,2,1,2,1,2,1,2,2,3,1,0,0,0,0,0,0,0,0,1,0,0,0,0,0,0,0,3,1,2,1,1,2,2,2, ,0,1,0,0,0,0,0,0,0,1,0,0,0,0,0,2,2, , , , , , , , , , , , , , , , , , , , , 
P0918,1,0,0,0,1,0,1,1,0,0,3,2,2,3,3,2,3,1,1, , , , , , , , , , , , , , , , , ,1,1,1,1,2,1,2, ,2,1,0,0,1,1,0,0,0,0,1,1,0,1,0,0,2,2, , , , , , , , , , , , , , , , , , , , , 
P0919,0,0,1,0,1,0,1,0,0,0,3,2,2,4,2,2,2,2,1, , , , , , , , , , , , , , , , , ,3,3,2,2,2,2, , , ,0,0,0,0,0,0,1,0, , , , , , , , , , , , , , , , , , , , , , , , , , , , , , 
P0920,0,0,1,0,1,0,0,1,0,0,2,4,1,2,2,2,2,3,3,1,0,0,0,0,0,0,0,0,0,0,0,0,1,0,0,0,3,2,1,2,1,1, ,2,3,1,0,0,0,0,0,0,0,1,0,0,0,0,0,0,2,2,0,0,0,0,0,0,1,0,0,1,0,0,0,2,3,1,1,2,3,2,3
P0921,0,1,0,0,0,0,0,0,0,0,2,2,2,4,4,2,4,3,1, , , , , , , , , , , , , , , , , ,4,3,2,2,1,3, ,2, ,0,0,0,0,0,0,1,0, , , , , , , , , , , , , , , , , , , , , , , , , , , , , , 
P0922,1,1,1,0,0,1,0,0,0,0,1,1,1,4,4,1,5,3,1, , , , , , , , , , , , , , , , , ,3,3,2,2,1,2, ,2, ,0,0,0,0,0,0,1,0, , , , , , , , , , , , , , , , , , , , , , , , , , , , , , 
P0923,0,1,0,1,0,0,0,1,0,0,1,1,1,1,1,1,1,1,5,1,1,0,0,1,0,0,0,0,0,0,0,1,1,0,1,0,1,1,1,1,1,1,1,1,1,1,0,1,0,1,0,0,0,1,0,1,1,1,0,0,2,2,1,0,0,0,0,1,0,0,0,1,0,0,0,1,1,1,1,1,1,1,1
P0924,0,0,0,0,0,0,0,0,0,1,2,5,2,2,3,1,5,2,1, , , , , , , , , , , , , , , , , ,4,3,2,2,2,2, , , ,0,0,0,0,0,0,1,0, , , , , , , , , , , , , , , , , , , , , , , , , , , , , , 
P0925,0,1,0,0,0,0,0,1,0,0,3,3,3,2,1,2,2,2,3,1,1,0,0,0,0,0,0,0,1,0,0,1,0,0,0,0,2,2,1,1,2,2,2, , ,0,0,0,0,0,1,0,0,0,1,1,0,0,0,0,1,1, , , , , , , , , , , , , , , , , , , , , 
P0926,1,1,1,1,1,0,1,1,0,0,2,2,2,2,2,2,2,2,5,1,0,0,1,0,0,0,0,0,0,0,1,0,1,1,1,0,1,3,1,1,1,2,1,2, ,1,0,0,0,0,0,0,0,1,1,1,1,0,0,0,2,2,1,1,1,1,1,1,0,1,0,0,0,0,0,1,1,3,2,1,2,1,1
P0927,0,0,0,0,0,0,0,0,0,1,3,3,2,4,4,2,5,2,1, , , , , , , , , , , , , , , , , ,3,5,3,2,2,2, , , ,0,0,0,0,0,0,1,0, , , , , , , , , , , , , , , , , , , , , , , , , , , , , , 
P0928,0,1,1,1,0,0,0,0,0,0,2,1,2,3,3,3,2,2,2,1,0,0,0,0,0,0,0,0,0,0,0,0,1,1,0,0,2,2,1,1,2,1,2, ,2,0,1,1,0,0,0,0,0,0,0,0,1,0,0,0,2,2,0,0,0,0,1,0,0,1,0,0,0,0,0,2,2,1,4,1,3,2,1
P0929,0,0,0,0,1,0,0,0,0,0,3,2,2,3,2,2,2,1,2,1,0,0,0,0,0,0,0,0,0,0,0,1,0,0,0,0,3,3,3,1,1,2,2,2, ,0,0,0,0,0,0,1,0, , , , , , , , , , , , , , , , , , , , , , , , , , , , , , 
P0930,1,1,1,0,0,1,0,0,0,0,2,2,2,5,3,2,2,2,1, , , , , , , , , , , , , , , , , ,2,2,2,2,2,2, , , ,0,0,0,0,0,0,1,0, , , , , , , , , , , , , , , , , , , , , , , , , , , , , , 
P0931,0,1,0,0,0,1,0,0,0,0,2,1,2,2,2,3,2,2,2,1,0,0,0,0,0,0,0,0,0,0,0,0,0,0,0,1,2,3,1,1,1,2,2,2, ,0,0,0,0,1,0,0,0,0,1,0,0,0,0,0,2,2, , , , , , , , , , , , , , , , , , , , , 
P0932,1,1,1,0,0,0,0,0,0,0,1,2,2,3,3,2,3,2,2,1,0,0,0,0,0,0,0,0,0,0,0,0,0,0,1,0,5,5,2,1,1,2,1,1, ,0,0,1,1,1,0,0,0,0,1,0,0,0,0,0,2,2, , , , , , , , , , , , , , , , , , , , , 
P0933,0,0,1,0,0,1,1,1,0,0,2,2,2,2,3,1,4,3,5,1,0,0,0,0,0,0,0,0,0,0,0,0,1,1,0,1,1,1,1,1,1,1,1,1,1,0,1,0,0,0,0,0,0,0,0,1,0,0,0,0,2,2,1,0,1,0,0,0,0,1,1,0,0,0,0,2,2,3,1,2,2,2,3
P0934,0,0,0,0,1,0,0,1,0,0,4,4,4,4,3,4,4,3,3,1,1,0,0,0,0,0,0,0,1,0,0,0,1,1,1,1,2,2,1,1,2,1,2, ,2,0,0,0,1,1,1,0,0,0,0,0,1,0,0,0,2,3,0,0,0,0,0,0,0,0,0,0,0,1,0,3,3,2,4,3,3,3,3
P0935,0,0,0,0,0,0,0,0,1,0,2,2,2,4,4,2,4,2,1, , , , , , , , , , , , , , , , , ,4,3,2,2,2,2, , , ,0,0,0,0,0,0,1,0, , , , , , , , , , , , , , , , , , , , , , , , , , , , , , 
P0936,1,1,0,0,1,0,0,0,0,0,4,2,2,5,3,2,2,3,1, , , , , , , , , , , , , , , , , ,1,3,2,1,1,2,1,1, ,0,0,1,0,1,1,0,0,1,0,0,0,1,0,0,2,2, , , , , , , , , , , , , , , , , , , , , 
P0937,0,0,0,0,0,0,0,0,0,1,3,3,3,4,2,3,3,3,1, , , , , , , , , , , , , , , , , ,5,5,2,2,2,2, , , ,0,0,0,0,0,0,1,0, , , , , , , , , , , , , , , , , , , , , , , , , , , , , , 
P0938,0,1,1,0,0,0,0,0,0,0,2,1,2,2,2,2,2,2,2,0,0,0,1,0,0,0,0,0,0,0,0,0,0,0,0,1,3,3,2,1,1,2,2,2, ,1,0,0,0,0,0,0,0,1,0,0,0,0,0,0,2,2, , , , , , , , , , , , , , , , , , , , , 
P0939,1,0,1,0,1,1,0,0,0,0,2,2,2,2,3,2,2,3,2,1,0,0,0,0,0,0,0,0,0,1,0,0,0,1,0,0,3,3,1,1,1,2,2,1, ,0,0,1,0,0,0,0,0,0,1,0,0,0,0,0,2,2, , , , , , , , , , , , , , , , , , , , , 
P0940,1,1,0,0,1,1,0,1,0,0,2,2,2,4,2,2,2,2,3,0,0,0,1,0,0,0,0,0,0,0,1,0,0,0,0,0,2,2,1,1,1,2,2,2, ,0,0,1,0,1,0,0,0,0,0,0,1,1,0,0,2,2, , , , , , , , , , , , , , , , , , , , , 
P0941,1,1,1,1,1,1,1,0,0,0,1,1,1,3,2,1,1,2,4,1,1,1,1,0,1,0,0,0,1,1,0,1,1,1,0,0,1,1,2,1,1,1,2,2,2,1,0,1,0,1,0,0,0,1,1,1,0,1,0,0,2,2,0,1,0,1,0,0,1,0,1,0,0,0,0,2,2,2,3,3,3,3,1
P0942,0,0,0,0,1,0,0,1,0,0,3,3,3,3,4,2,3,3,4,1,0,0,0,0,0,0,1,0,0,0,1,0,1,1,0,0,3,2,1,1,2,2,2, , ,1,0,1,1,0,0,0,0,1,0,1,0,0,0,0,2,2,0,0,1,0,0,0,0,0,0,1,1,0,0,2,2,2,4,2,3,3,1
P0943,1,1,0,0,1,0,0,0,0,0,1,2,1,2,1,2,2,2,3,1,1,1,1,0,0,0,0,0,0,0,0,1,0,1,0,1,1,1,1,1,1,1,1,1,1,1,1,1,0,0,1,0,0,0,1,1,0,1,0,0,2,2, , , , , , , , , , , , , , , , , , , , , 
P0944,1,1,0,0,0,1,0,1,0,0,2,1,2,2,3,2,2,2,3,1,1,0,0,0,0,0,0,0,0,0,0,0,1,1,0,0,3,1,2,2,1,1, ,2,2,0,0,0,1,0,0,0,0,1,0,0,0,0,0,0,2,2,1,0,0,0,0,0,0,0,0,0,0,0,0,2,2,2,4,3,3,3,3
P0945,0,1,1,0,0,0,0,0,0,0,2,2,2,4,2,2,2,2,1, , , , , , , , , , , , , , , , , ,2,5,3,2,2,1, , ,2,0,1,0,0,0,1,0,0,0,1,0,0,0,0,0,3,3, , , , , , , , , , , , , , , , , , , , , 
P0946,0,0,0,0,0,0,0,0,0,1,2,2,2,5,4,2,5,5,6, , , , , , , , , , , , , , , , , ,3,3,2,2,2,2, , , ,0,0,0,0,0,0,1,0, , , , , , , , , , , , , , , , , , , , , , , , , , , , , , 
P0947,0,1,1,0,0,1,0,0,0,0,3,2,2,5,3,2,5,2,2,0,0,0,0,0,0,0,0,1, , , , , , , , ,5,5,3,2,2,2, , , ,0,0,0,0,0,1,0,0,0,0,0,0,0,0,1,2,2, , , , , , , , , , , , , , , , , , , , , 
P0948,1,1,0,0,0,0,0,0,0,0,3,2,2,4,3,3,3,2,1, , , , , , , , , , , , , , , , , ,3,3,2,2,1,2, ,2, ,0,0,0,0,0,0,1,0, , , , , , , , , , , , , , , , , , , , , , , , , , , , , , 
P0949,0,1,0,0,0,1,0,0,0,0,3,1,1,5,4,1,5,2,3,1,0,0,0,0,0,0,0,0,0,0,0,0,0,0,1,0,5,5,3,2,2,3, , , ,1,0,0,0,0,0,0,0,1,1,0,0,0,0,0,2,2, , , , , , , , , , , , , , , , , , , , , 
P0950,1,1,1,0,0,1,0,1,0,0,2,2,2,4,4,1,4,3,1, , , , , , , , , , , , , , , , , ,4,3,2,2,1,2, ,2, ,0,0,0,0,0,1,0,0,0,0,0,0,0,1,0,1,2, , , , , , , , , , , , , , , , , , , , , 
P0951,0,0,0,0,1,0,0,0,0,0,4,4,4,4,4,4,4,4,6, , , , , , , , , , , , , , , , , ,3,3,2,2,2,2, , , ,0,0,0,0,0,0,1,0, , , , , , , , , , , , , , , , , , , , , , , , , , , , , , 
P0952,0,1,1,0,1,0,0,0,0,0,3,2,2,2,3,2,3,2,2,1,0,0,0,0,0,0,0,0,0,1,0,0,0,0,0,0,2,2,1,1,2,3,2, , ,0,0,1,0,0,0,0,0,0,0,0,0,1,0,0,2,2, , , , , , , , , , , , , , , , , , , , , 
P0953,1,0,0,0,1,1,0,1,0,0,2,2,2,2,2,2,2,1,2,0,0,0,0,0,0,0,0,1, , , , , , , , ,2,1,1,1,1,2,1,1, ,0,0,0,0,0,0,1,0, , , , , , , , , , , , , , , , , , , , , , , , , , , , , , 
P0954,0,1,1,0,0,0,0,0,0,0,2,1,2,2,2,2,3,3,3,0,0,0,1,0,0,0,0,0,0,0,0,0,0,1,0,0,1,1,2,1,1,1,1,1,1,0,0,0,1,0,0,0,0,0,0,0,0,1,0,0,2,2, , , , , , , , , , , , , , , , , , , , , 
P0955,1,1,1,0,0,1,0,0,0,0,1,1,1,3,2,1,3,2,1, , , , , , , , , , , , , , , , , ,2,4,2,2,1,3, ,2, ,0,0,0,0,0,0,1,0, , , , , , , , , , , , , , , , , , , , , , , , , , , , , , 
P0956,1,1,1,0,0,1,0,0,0,0,1,2,1,4,3,1,2,1,1, , , , , , , , , , , , , , , , , ,5,3,3,1,1,2,2,2, ,1,0,1,0,1,0,0,0,1,0,0,0,0,0,0,2,2, , , , , , , , , , , , , , , , , , , , , 
P0957,0,0,1,0,1,0,0,1,0,0,2,2,2,2,2,2,2,2,2,1,0,0,0,0,0,0,0,0,0,1,0,0,0,1,0,0,1,1,2,1,1,1,2,2,2,0,1,0,1,0,0,0,0,0,1,0,0,0,0,0,2,2, , , , , , , , , , , , , , , , , , , , , 
P0958,1,0,0,0,1,0,0,0,0,0,3,1,2,2,4,3,3,2,2,1,0,0,0,0,0,0,0,0,0,0,0,0,1,0,0,0,2,3,1,1,1,1,1,1,4,0,0,0,0,1,0,0,0,0,0,0,0,1,0,0,2,2,1,0,0,0,0,1,0,0,0,0,1,0,0,2,1,3,1,1,2,1,1
P0959,1,1,1,1,1,1,1,1,0,0,2,1,1,1,1,1,2,1,2,0,0,0,1,0,0,0,0,0,0,0,0,1,0,0,0,0,3,3,1,1,1,1,2,2,2,0,0,0,0,0,0,1,0, , , , , , , , , ,1,0,1,0,1,0,0,0,0,0,0,0,0,2,2,2,4,3,3,4,1
P0960,0,1,0,0,0,0,0,0,0,0,4,3,4,4,4,3,4,3,1, , , , , , , , , , , , , , , , , ,2,2,1,1,2,3,2, , ,0,0,0,0,0,0,1,0, , , , , , , , , , , , , , , , , , , , , , , , , , , , , , 
P0961,1,1,1,0,1,1,0,0,0,0,1,1,2,2,2,4,3,3,2,0,1,0,0,0,1,0,0,0,1,1,0,0,1,0,0,0,2,2,1,2,1,2, ,4, ,0,1,0,1,0,0,0,0,0,0,0,0,1,0,0,2,2,0,0,0,0,1,0,1,0,0,1,0,0,0,2,2,2,4,1,1,1,2
P0962,0,1,0,0,0,0,0,1,0,0,2,2,2,2,2,2,2,2,2,1,0,0,0,0,0,0,0,0,0,0,0,0,0,0,1,0,3,3,2,2,2,2, , , ,0,0,0,0,1,0,0,0,0,1,0,0,0,0,0,2,2, , , , , , , , , , , , , , , , , , , , , 
P0963,1,1,0,0,1,1,0,1,0,0,3,3,2,3,2,2,2,2,6, , , , , , , , , , , , , , , , , ,5,5,1,1,1,3,2,2, ,0,0,1,0,0,1,0,0,1,1,0,1,1,0,0,2,2, , , , , , , , , , , , , , , , , , , , , 
P0964,1,1,0,0,0,1,0,0,0,0,2,2,2,4,2,2,3,2,1, , , , , , , , , , , , , , , , , ,5,3,1,1,1,2,2,2, ,0,0,0,0,0,0,1,0, , , , , , , , , , , , , , , , , , , , , , , , , , , , , , 
P0965,0,1,1,0,1,1,0,0,0,0,4,1,2,3,2,2,3,2,1, , , , , , , , , , , , , , , , , ,2,3,1,1,2,2,2, , ,0,0,0,0,0,1,0,0,1,1,0,0,0,0,0,2,2, , , , , , , , , , , , , , , , , , , , , 
P0966,0,1,1,0,1,0,0,1,0,0,1,1,1,2,1,1,1,1,3,1,0,0,0,0,0,0,0,0,1,0,0,1,1,0,0,0,1,1,1,1,1,1,2,2,2,1,0,1,0,0,0,0,0,0,1,1,1,0,0,0,2,2,1,0,0,0,1,0,1,0,0,0,0,0,0,1,1,2,4,1,1,3,3
P0967,1,1,0,0,1,1,0,1,0,0,2,2,2,2,2,2,2,2,2,1,0,0,0,0,0,0,0,0,0,0,0,0,0,1,1,0,3,3,1,1,1,2,2,2, ,0,0,0,0,1,0,0,0,1,1,0,0,0,0,0,2,2, , , , , , , , , , , , , , , , , , , , , 
P0968,0,1,0,1,0,1,0,0,0,0,4,4,4,4,3,4,4,3,2,1,0,0,0,0,0,0,0,0,1,1,0,0,0,0,0,0,5,5,1,1,2,2,5, , ,1,0,0,1,0,0,0,0,0,1,0,0,0,0,0,2,2,0,0,0,0,1,0,0,0,0,0,0,0,0,3,2,2,4,3,3,3,3
P0969,0,0,0,0,0,1,0,1,0,0,4,2,2,3,3,2,3,2,1, , , , , , , , , , , , , , , , , ,3,2,2,2,1,3, ,2, ,0,0,0,0,0,0,1,0, , , , , , , , , , , , , , , , , , , , , , , , , , , , , , 
P0970,0,1,1,0,0,1,0,0,0,0,4,1,1,4,4,1,4,4,1, , , , , , , , , , , , , , , , , ,4,3,2,2,2,2, , , ,0,0,0,0,0,0,1,0, , , , , , , , , , , , , , , , , , , , , , , , , , , , , , 
P0971,0,0,1,0,1,0,0,0,0,0,2,1,1,3,2,1,2,1,1, , , , , , , , , , , , , , , , , ,3,3,2,1,1,2,2,2, ,1,0,0,0,0,0,0,0,0,0,0,0,1,0,0,2,2, , , , , , , , , , , , , , , , , , , , , 
P0972,1,1,1,0,1,1,0,1,0,0,2,2,2,4,2,2,3,2,1, , , , , , , , , , , , , , , , , ,3,3,2,1,1,2,2,2, ,0,0,0,0,1,0,0,0,0,0,0,0,1,0,0,2,2, , , , , , , , , , , , , , , , , , , , , 
P0973,1,1,1,1,1,1,1,1,0,0,1,1,1,2,2,1,2,2,5,1,1,0,1,0,0,0,0,0,1,0,0,1,1,1,0,0,2,2,1,1,1,1,1,1,1,1,0,1,0,0,0,0,0,0,1,1,0,1,0,0,2,2,1,0,1,1,0,1,1,0,1,0,1,0,0,2,2,2,4,3,3,3,1
P0974,0,0,0,0,0,1,0,0,0,0,2,2,2,2,4,2,5,2,1, , , , , , , , , , , , , , , , , ,3,3,1,2,1,2, ,2, ,0,0,0,1,0,0,0,0,1,0,0,0,0,0,0,2,2, , , , , , , , , , , , , , , , , , , , , 
P0975,1,0,1,1,1,0,1,1,0,0,2,1,1,1,2,1,2,2,4,1,1,0,0,0,0,0,0,0,0,0,0,1,1,1,0,0,1,1,1,1,1,1,1,2,1,0,1,1,1,0,0,0,0,1,1,1,1,0,0,0,2,2,1,0,1,0,0,1,1,0,0,0,0,0,0,1,1,2,4,3,1,2,1
P0976,1,1,1,0,0,0,0,0,0,0,2,1,2,5,3,2,5,5,2,0,0,0,0,0,0,0,0,1, , , , , , , , ,5,5,1,2,1,2, ,1, ,0,0,0,0,0,0,1,0, , , , , , , , , , , , , , , , , , , , , , , , , , , , , , 
P0977,0,1,0,0,0,0,0,0,0,0,3,2,2,5,3,2,5,2,2,1,0,0,0,0,0,0,0,0,0,0,0,0,0,0,0,1,3,3,1,2,2,3, , , ,0,0,0,0,0,0,1,0, , , , , , , , , , , , , , , , , , , , , , , , , , , , , , 
P0978,0,1,0,0,1,1,0,0,0,0,4,2,2,4,1,4,2,4,2,1,0,0,1,1,0,0,0,0,1,0,0,0,0,0,1,0,2,2,1,1,1,1,2,2,2,1,0,1,0,0,0,0,0,0,1,0,0,0,0,0,2,2, , , , , , , , , , , , , , , , , , , , , 
P0979,1,1,0,0,0,1,0,0,0,0,2,2,2,4,4,2,5,5,1, , , , , , , , , , , , , , , , , ,4,3,2,2,1,2, ,2, ,0,0,0,0,0,0,1,0, , , , , , , , , , , , , , , , , , , , , , , , , , , , , , 
P0980,0,0,0,0,0,0,0,0,0,1,3,3,3,3,3,3,3,3,1, , , , , , , , , , , , , , , , , ,1,1,2,2,2,2, , , ,0,0,0,0,0,0,1,0, , , , , , , , , , , , , , , , , , , , , , , , , , , , , , 
P0981,0,0,1,1,0,0,1,0,0,0,2,1,1,2,2,2,1,2,2,1,0,0,0,0,0,0,0,0,0,0,0,0,0,0,1,0,2,3,2,1,1,1,2,2,2,0,1,0,0,1,0,0,0,1,0,0,1,1,0,0,2,2,1,0,0,0,1,1,0,0,0,0,0,0,0,2,2,2,1,3,2,2,1
P0982,0,1,1,0,0,0,0,1,0,0,4,2,2,4,4,2,4,2,6, , , , , , , , , , , , , , , , , ,4,1,3,2,2,3, , , ,0,0,0,0,0,0,1,0, , , , , , , , , , , , , , , , , , , , , , , , , , , , , , 
P0983,1,1,1,0,1,0,0,1,0,0,2,2,1,2,2,1,2,2,2,1,1,0,1,0,0,0,0,0,1,0,0,1,1,1,0,0,3,3,1,1,1,2,2,2, ,1,1,1,1,1,0,0,0,1,1,0,1,1,0,0,2,2,1,1,1,1,1,1,1,0,0,0,0,0,0,2,2,2,3,3,3,3,3
P0984,0,0,1,0,1,0,0,0,0,0,4,4,2,2,2,4,3,2,3,0,0,0,0,0,0,0,0,1, , , , , , , , ,3,3,2,1,1,2,1,1, ,0,0,0,0,0,0,1,0, , , , , , , , , , , , , , , , , , , , , , , , , , , , , , 
P0985,0,1,0,0,0,0,0,0,0,0,3,2,5,4,2,2,5,2,1, , , , , , , , , , , , , , , , , ,3,4,2,2,2,2, , , ,0,0,0,0,0,0,1,0, , , , , , , , , , , , , , , , , , , , , , , , , , , , , , 
P0986,1,1,0,0,0,0,0,0,0,0,2,1,2,3,4,2,3,2,2,0,0,0,1,0,0,0,0,0,0,1,0,0,0,0,0,0,3,2,2,1,1,2,2,2, ,0,0,0,0,0,0,1,0, , , , , , , , , , , , , , , , , , , , , , , , , , , , , , 
P0987,1,1,0,0,0,0,0,0,0,0,2,2,2,3,4,2,5,3,1, , , , , , , , , , , , , , , , , ,3,3,2,1,1,2,2,2, ,0,0,0,0,0,0,1,0, , , , , , , , , , , , , , , , , , , , , , , , , , , , , , 
P0988,0,1,0,0,0,0,0,0,0,0,3,2,2,4,3,3,2,3,3,1,0,0,0,0,0,0,0,0,0,0,0,0,0,0,0,1,5,4,2,1,2,1,5, ,2,0,0,0,0,0,0,1,0, , , , , , , , , , , , , , , , , , , , , , , , , , , , , , 
P0989,0,1,0,1,0,0,0,0,0,0,1,1,1,1,1,1,1,1,4,1,1,0,0,0,0,0,0,0,0,0,0,0,0,1,0,0,1,1,1,2,2,1, , ,2,0,0,0,1,0,0,0,0,0,0,1,0,0,0,0,2,2,1,1,0,0,1,0,0,0,0,0,0,0,0,1,1,1,1,2,3,2,1
P0990,0,1,0,0,0,0,0,0,0,0,2,2,2,2,2,2,2,2,2,0,0,0,1,0,0,0,0,0,0,0,0,0,0,0,1,0,3,3,2,2,1,2, ,2, ,0,0,0,0,0,0,1,0, , , , , , , , , , , , , , , , , , , , , , , , , , , , , , 
P0991,0,1,0,0,0,0,0,0,0,0,3,4,3,4,3,2,3,2,2,0,1,0,0,0,0,0,0,0,0,0,0,1,0,1,0,0,3,3,1,1,2,1,3, ,3,0,1,0,0,0,0,0,0,1,0,0,0,0,0,0,2,2, , , , , , , , , , , , , , , , , , , , , 
P0992,0,1,1,0,0,0,0,0,0,0,2,1,1,5,4,2,5,2,1, , , , , , , , , , , , , , , , , ,4,3,2,2,1,2, ,2, ,1,0,0,0,0,0,0,0,0,0,0,0,1,0,0,2,2, , , , , , , , , , , , , , , , , , , , , 
P0993,0,1,0,0,1,1,0,0,0,0,2,2,2,4,2,1,2,3,3,1,0,0,0,0,0,0,0,0,0,1,0,0,0,0,0,1,2,3,2,1,1,2,3,3, ,1,0,1,0,0,1,0,0,1,1,0,0,1,0,0,2,2, , , , , , , , , , , , , , , , , , , , , 
P0994,0,0,1,0,0,0,0,0,0,0,2,2,1,3,3,1,3,3,1, , , , , , , , , , , , , , , , , ,4,3,2,2,2,2, , , ,0,0,0,0,0,0,1,0, , , , , , , , , , , , , , , , , , , , , , , , , , , , , , 
P0995,1,0,1,0,0,1,0,0,0,0,2,5,2,5,5,2,5,5,6, , , , , , , , , , , , , , , , , ,2,2,1,1,1,3,5,5, ,0,1,0,0,0,0,0,0,0,1,0,0,0,0,0,2,2, , , , , , , , , , , , , , , , , , , , , 
P0996,1,0,0,0,0,0,0,0,0,0,3,3,3,4,4,2,4,2,1, , , , , , , , , , , , , , , , , ,4,4,3,2,2,2, , , ,0,0,0,0,0,0,1,0, , , , , , , , , , , , , , , , , , , , , , , , , , , , , , 
P0997,0,1,0,0,0,0,0,0,0,0,2,1,2,3,2,2,2,1,1, , , , , , , , , , , , , , , , , ,1,2,1,1,1,2,2,2, ,1,0,0,0,0,0,0,0,0,0,0,1,0,0,0,2,2, , , , , , , , , , , , , , , , , , , , , 
P0998,0,1,0,0,0,0,0,0,1,0,2,2,2,2,3,1,2,2,2,0,0,0,0,0,0,0,1,0,0,0,1,0,0,0,0,0,3,3,2,2,1,2, ,1, ,0,0,0,0,0,0,1,0, , , , , , , , , , , , , , , , , , , , , , , , , , , , , , 
P0999,0,1,1,0,1,1,0,0,0,0,5,5,2,5,2,3,2,2,2,0,0,0,0,0,0,0,0,1, , , , , , , , ,5,5,1,1,1,3,2,2, ,0,0,0,0,0,0,1,0, , , , , , , , , , , , , , , , , , , , , , , , , , , , , , 
P1000,1,1,0,0,0,1,0,1,0,0,2,2,2,2,2,2,2,2,6, , , , , , , , , , , , , , , , , ,5,5,3,3,1,3, ,2, ,1,1,1,1,1,0,0,0,0,0,0,0,1,0,0,2,2, , , , , , , , , , , , , , , , , , , , , 
P1001,0,0,0,0,0,0,0,1,1,0,3,3,3,4,4,3,5,5,5,0,0,0,0,0,0,0,0,1, , , , , , , , ,4,5,2,2,2,2, , , ,0,0,0,0,0,0,1,0, , , , , , , , , , , , , , , , , , , , , , , , , , , , , , 
P1002,0,1,1,0,0,1,1,0,0,0,2,2,2,2,2,2,2,2,2,1,0,0,0,0,0,0,0,0,1,0,0,0,1,0,0,0,1,1,2,2,1,1, ,2,3,1,0,0,0,0,0,0,0,0,0,1,0,0,0,0,2,2,1,1,0,0,0,0,0,0,0,0,0,0,0,2,2,3,1,3,4,2,3
P1003,0,1,1,0,0,1,0,0,0,0,2,1,2,4,4,1,3,3,1, , , , , , , , , , , , , , , , , ,3,3,2,2,2,2, , , ,0,0,0,0,0,0,1,0, , , , , , , , , , , , , , , , , , , , , , , , , , , , , , 
P1004,1,1,0,0,1,1,0,1,0,0,2,2,2,1,1,1,1,2,3,1,1,1,0,0,0,0,0,0,0,0,0,1,1,1,0,1,1,1,1,1,2,1,1, ,1,0,1,1,1,1,0,0,0,1,1,1,0,1,0,0,2,2,1,1,0,0,1,0,0,0,0,0,0,0,0,1,2,2,4,1,2,2,1
P1005,1,0,0,0,1,1,1,1,1,0,1,1,1,1,1,1,1,1,2,1,1,0,0,0,0,0,0,0,0,1,0,1,1,1,1,1,3,2,1,2,1,1, ,2,2,1,1,1,1,1,1,0,0,0,1,1,1,1,0,0,2,2,1,0,1,0,1,0,1,0,0,1,0,0,0,1,1,1,2,3,2,1,1
P1006,1,0,0,1,1,1,0,0,0,0,2,2,2,1,2,1,1,2,2,1,0,0,0,0,0,0,0,0,0,0,0,0,1,0,0,0,2,2,1,1,1,1,2,1,2,0,0,0,1,0,0,0,0,0,0,1,0,0,0,0,2,2,0,0,1,0,0,0,0,0,0,0,0,0,0,2,1,1,4,2,1,2,1
P1007,0,1,0,0,0,0,0,0,0,0,2,2,2,5,3,2,5,5,1, , , , , , , , , , , , , , , , , ,3,3,2,2,3,3, , , ,0,0,0,0,0,0,1,0, , , , , , , , , , , , , , , , , , , , , , , , , , , , , , 
P1008,0,0,0,1,0,1,0,1,0,0,2,3,2,5,4,1,3,1,2,0,0,0,0,0,1,0,0,0,0,0,0,0,0,0,1,0,2,2,1,1,1,2,1,1, ,0,0,0,0,0,0,1,0, , , , , , , , , ,0,0,1,0,0,0,1,0,0,0,0,0,0,2,2,1,3,1,3,1,1
P1009,0,1,1,0,0,0,0,0,0,0,3,2,2,2,2,2,2,2,1, , , , , , , , , , , , , , , , , ,3,1,2,2,1,2, ,2, ,1,1,1,0,0,0,0,0,0,0,0,1,1,0,0,2,2, , , , , , , , , , , , , , , , , , , , , 
P1010,0,1,1,1,1,1,1,1,0,0,4,1,1,1,2,1,1,1,5,1,1,0,0,0,0,0,0,0,1,1,0,1,0,0,0,0,1,1,2,1,1,1,2,2,2,0,0,0,0,0,0,0,1, , , , , , , , , ,0,0,1,0,1,0,0,0,0,1,0,0,0,1,1,3,4,3,3,3,2
P1011,1,1,1,1,1,1,0,1,0,0,2,2,2,2,2,2,2,1,2,1,0,0,0,0,0,0,0,0,1,1,1,1,1,1,1,1,1,1,1,1,1,1,1,1,1,1,1,1,1,1,1,0,0,1,1,1,1,1,0,0,2,2,1,1,1,1,1,1,1,1,0,1,1,0,0,1,1,2,1,1,2,2,1
P1012,0,0,0,0,1,1,0,1,0,0,4,3,3,4,2,2,4,2,1, , , , , , , , , , , , , , , , , ,3,3,2,1,2,2,3, , ,0,0,0,0,0,0,1,0, , , , , , , , , , , , , , , , , , , , , , , , , , , , , , 
P1013,0,0,0,0,0,0,0,0,0,1,4,4,4,4,4,4,4,4,1, , , , , , , , , , , , , , , , , ,4,3,2,2,2,2, , , ,0,0,0,0,0,0,1,0, , , , , , , , , , , , , , , , , , , , , , , , , , , , , , 
P1014,0,0,0,0,0,0,0,0,0,1,2,2,2,2,3,2,3,2,2,0,0,0,0,0,0,0,0,1, , , , , , , , ,5,4,3,3,3,3, , , ,0,0,0,0,0,0,1,0, , , , , , , , , , , , , , , , , , , , , , , , , , , , , , 
P1015,0,0,0,0,0,1,0,0,0,0,5,2,2,3,3,1,5,1,2,0,0,0,0,0,0,0,0,1, , , , , , , , ,4,3,2,2,2,2, , , ,0,0,0,0,0,0,1,0, , , , , , , , , , , , , , , , , , , , , , , , , , , , , , 
P1016,1,0,0,0,1,0,0,1,0,0,2,2,1,2,2,2,2,2,2,0,0,0,0,0,0,1,0,0,0,0,0,0,0,0,0,1,3,3,2,1,1,1,1,1,1,0,0,0,0,1,0,0,0,0,0,0,0,1,0,0,2,2, , , , , , , , , , , , , , , , , , , , , 
P1017,0,1,0,0,1,0,0,0,0,0,1,1,2,1,1,1,2,1,3,0,0,0,0,0,0,0,1,0,1,0,0,0,0,0,1,0,3,5,1,1,1,2,1,2, ,1,0,0,0,0,0,0,0,0,1,0,1,1,0,0,2,2, , , , , , , , , , , , , , , , , , , , , 
P1018,0,0,0,1,0,0,0,0,0,0,2,1,1,3,3,2,1,2,1, , , , , , , , , , , , , , , , , ,2,2,1,1,1,2,1,1, ,0,0,0,1,0,0,0,0,0,1,0,0,0,0,0,2,2,0,0,0,0,1,0,0,0,0,0,0,0,0,1,1,2,1,2,1,3,2
P1019,1,1,0,0,0,0,1,0,0,0,2,2,2,2,2,2,2,2,1, , , , , , , , , , , , , , , , , ,1,3,2,1,1,1,2,2,2,1,0,0,0,0,0,0,0,1,0,0,0,0,0,0,2,2, , , , , , , , , , , , , , , , , , , , , 
P1020,0,1,1,0,0,1,0,0,0,0,3,2,2,4,4,2,2,3,1, , , , , , , , , , , , , , , , , ,3,3,2,2,1,3, ,2, ,0,0,0,0,0,0,1,0, , , , , , , , , , , , , , , , , , , , , , , , , , , , , , 
P1021,1,1,1,0,0,0,0,0,0,0,2,2,2,5,3,2,5,3,6, , , , , , , , , , , , , , , , , ,3,4,2,1,1,3,2,2, ,0,0,0,0,0,0,1,0, , , , , , , , , , , , , , , , , , , , , , , , , , , , , , 
P1022,0,1,1,0,1,0,1,1,0,0,2,2,2,2,2,2,2,2,2,1,0,0,0,0,0,0,0,0,0,0,0,1,0,0,0,0,2,2,1,1,1,1,2,2,2,0,0,0,0,0,1,0,0,0,1,0,0,0,0,0,2,2, , , , , , , , , , , , , , , , , , , , , 
P1023,1,1,1,1,1,1,0,1,0,0,1,1,1,1,3,1,4,2,5,1,0,0,1,0,0,0,0,0,0,1,0,0,0,0,0,0,1,1,1,3,1,1, ,2,2,0,0,0,0,0,0,0,1, , , , , , , , , ,0,0,0,0,1,0,0,0,0,0,0,0,0,1,1,1,1,4,4,3,4
P1024,0,1,1,0,1,1,0,0,0,0,2,2,2,2,2,2,2,2,2,1,0,0,0,0,0,0,0,0,0,0,0,0,0,0,0,1,3,3,2,2,2,2, , , ,0,0,0,0,0,0,1,0, , , , , , , , , , , , , , , , , , , , , , , , , , , , , , 
P1025,1,1,0,0,1,1,0,1,0,0,2,2,2,2,2,2,2,2,5,1,1,0,0,0,0,0,0,0,0,0,0,0,0,0,0,1,3,3,1,1,1,1,2,2,2,0,0,0,0,0,1,0,0,0,1,0,0,0,0,0,2,2, , , , , , , , , , , , , , , , , , , , , 
P1026,0,0,0,0,1,1,0,1,0,0,2,2,2,5,2,2,2,1,1, , , , , , , , , , , , , , , , , ,5,5,3,1,2,3,1, , ,0,1,0,0,0,0,0,0,0,1,0,1,0,0,0,2,2, , , , , , , , , , , , , , , , , , , , , 
P1027,0,1,1,0,1,0,1,1,0,0,2,2,2,2,2,2,2,2,2,1,0,0,0,0,0,0,0,0,0,0,0,0,0,0,0,1,2,2,1,1,1,1,1,1,1,0,0,0,0,1,0,0,0,0,0,0,0,1,0,0,2,2, , , , , , , , , , , , , , , , , , , , , 
P1028,1,0,1,0,0,0,0,1,0,0,2,1,1,1,2,1,3,3,4,1,0,0,0,0,0,0,0,0,0,1,0,1,0,0,0,0,2,2,1,1,1,2,1,1, ,1,0,0,0,0,1,0,0,1,1,0,0,0,0,0,2,2, , , , , , , , , , , , , , , , , , , , , 
P1029,1,1,0,1,0,0,0,1,0,0,2,2,2,3,3,2,3,2,2,1,0,0,1,0,0,0,0,0,0,0,0,1,1,0,0,0,2,5,1,2,1,1, ,2,2,0,0,1,1,0,1,0,0,0,1,0,0,0,0,0,2,2,1,0,0,0,1,0,0,0,0,0,0,0,0,2,2,2,4,3,3,3,3
P1030,0,1,0,0,0,1,0,0,0,0,3,2,2,4,2,2,2,3,1, , , , , , , , , , , , , , , , , ,5,5,3,1,2,3,2, , ,0,0,0,0,0,0,1,0, , , , , , , , , , , , , , , , , , , , , , , , , , , , , , 
P1031,1,1,1,1,1,0,1,1,0,0,2,2,1,2,2,2,1,2,2,1,0,0,1,0,0,0,0,0,0,1,0,0,1,0,0,0,2,2,2,1,1,2,2,1, ,1,0,0,0,1,0,0,0,0,1,0,0,0,0,0,2,2,0,0,1,0,0,0,1,0,0,0,0,0,0,2,1,1,3,3,3,3,3
P1032,0,0,0,1,1,1,0,1,0,0,2,1,2,3,1,2,2,2,5,1,0,0,0,0,0,0,0,0,1,0,0,1,1,1,1,0,1,3,2,1,1,1,1,1,2,1,1,1,0,1,0,0,0,0,1,0,1,0,0,0,2,2,1,0,0,0,0,1,1,0,0,0,0,0,0,1,2,2,3,3,3,1,1
P1033,1,0,1,0,1,1,0,1,0,0,3,2,2,4,2,2,5,2,1, , , , , , , , , , , , , , , , , ,5,5,2,1,1,3,1,1, ,0,0,1,0,0,0,0,0,1,0,0,0,0,0,0,2,2, , , , , , , , , , , , , , , , , , , , , 
P1034,0,1,0,0,1,1,0,1,0,0,2,2,2,4,3,2,2,2,1, , , , , , , , , , , , , , , , , ,1,1,1,1,2,2,2, , ,0,1,0,0,0,0,0,0,0,1,0,0,0,0,0,2,2, , , , , , , , , , , , , , , , , , , , , 
P1035,0,0,0,0,0,0,0,0,0,1,1,2,1,4,4,2,2,2,1, , , , , , , , , , , , , , , , , ,4,4,2,2,2,2, , , ,0,0,0,0,0,0,1,0, , , , , , , , , , , , , , , , , , , , , , , , , , , , , , 
P1036,0,1,0,0,1,0,0,1,0,0,2,2,2,4,1,2,3,1,1, , , , , , , , , , , , , , , , , ,3,3,2,1,1,2,2,2, ,0,1,0,1,0,0,0,0,0,1,0,1,1,0,0,2,2, , , , , , , , , , , , , , , , , , , , , 
P1037,0,0,1,0,1,0,0,1,0,0,4,4,4,4,3,4,3,3,6, , , , , , , , , , , , , , , , , ,5,5,1,1,1,3,2,2, ,0,0,0,0,0,0,1,0, , , , , , , , , , , , , , , , , , , , , , , , , , , , , , 
P1038,0,0,0,0,0,1,0,0,0,0,1,2,1,2,2,1,5,1,2,1,0,0,0,0,0,0,0,0,0,1,0,0,0,0,0,0,4,2,1,3,2,1, , ,4,0,1,0,0,0,0,0,0,0,0,0,1,0,0,0,2,2, , , , , , , , , , , , , , , , , , , , , 
P1039,0,1,0,0,0,0,0,0,0,0,4,2,2,4,4,2,4,2,1, , , , , , , , , , , , , , , , , ,3,4,2,2,2,2, , , ,0,0,1,0,0,0,0,0,0,1,0,0,0,0,0,2,2, , , , , , , , , , , , , , , , , , , , , 
P1040,0,0,0,0,0,0,0,0,0,1,4,4,4,4,4,4,4,3,1, , , , , , , , , , , , , , , , , ,4,4,3,2,2,2, , , ,0,0,0,0,0,0,1,0, , , , , , , , , , , , , , , , , , , , , , , , , , , , , , 
P1041,1,1,1,0,1,1,0,1,0,0,2,1,1,3,2,1,2,1,3,1,0,0,0,0,0,0,0,0,0,0,0,1,0,0,0,0,3,3,2,1,1,3,1,1, ,0,0,1,0,1,1,0,0,0,0,0,1,1,0,0,2,2, , , , , , , , , , , , , , , , , , , , , 
P1042,0,1,0,0,0,1,0,0,0,0,2,1,1,2,3,1,2,2,2,0,0,0,0,0,0,0,0,1, , , , , , , , ,3,3,2,1,2,2,2, , ,0,0,0,0,0,1,0,0,0,0,0,0,1,0,0,2,2, , , , , , , , , , , , , , , , , , , , , 
P1043,0,1,0,0,0,0,0,0,0,0,2,2,4,4,2,3,5,3,1, , , , , , , , , , , , , , , , , ,3,3,3,2,1,2, ,1, ,0,0,0,0,0,0,1,0, , , , , , , , , , , , , , , , , , , , , , , , , , , , , , 
P1044,0,0,0,0,1,0,0,0,0,0,2,2,1,3,1,1,2,1,6, , , , , , , , , , , , , , , , , ,2,2,1,1,2,1,2, ,2,0,0,0,1,0,0,0,0,0,0,0,0,1,0,0,2,2, , , , , , , , , , , , , , , , , , , , , 
P1045,0,1,0,0,0,1,0,1,0,0,3,3,3,4,4,3,2,2,1, , , , , , , , , , , , , , , , , ,2,2,1,1,1,2,2,2, ,0,1,0,1,0,0,0,0,0,1,0,0,1,0,0,2,2, , , , , , , , , , , , , , , , , , , , , 
P1046,1,1,1,1,1,1,0,1,0,0,1,1,1,2,3,2,2,2,3,1,1,0,0,0,0,0,0,0,0,1,0,0,1,0,0,0,3,1,2,1,1,1,2,2,2,1,0,1,0,0,0,0,0,0,1,0,0,0,0,0,2,2,1,0,0,0,1,0,1,0,0,0,0,0,0,2,1,2,4,3,3,3,3
P1047,1,1,0,0,0,1,1,1,0,0,2,2,2,2,2,1,2,2,3,1,0,0,0,0,0,0,0,0,1,0,0,1,1,0,0,1,3,3,2,1,1,2,1,1, ,0,1,0,0,0,1,0,0,1,0,0,1,1,0,0,2,2,1,0,0,1,1,0,0,0,0,0,0,0,0,2,2,3,4,3,3,3,1
P1048,0,0,1,0,1,0,0,0,0,0,3,3,3,3,3,3,3,3,2,0,0,0,0,0,0,0,0,1, , , , , , , , ,3,3,2,1,2,2,2, , ,0,0,0,0,0,1,0,0,1,0,0,0,0,0,0,2,2, , , , , , , , , , , , , , , , , , , , , 
P1049,0,1,0,1,1,0,1,0,0,0,1,1,2,4,3,3,2,2,2,1,0,1,1,0,0,0,0,0,0,0,0,1,0,1,0,1,1,1,2,1,2,2,1, , ,1,0,1,0,0,0,0,0,0,0,0,0,1,0,0,2,2,0,0,0,1,0,1,0,0,0,0,0,0,0,2,1,2,3,3,3,1,1
P1050,1,0,0,0,1,0,0,1,0,0,4,3,2,4,3,2,1,1,2,0,0,1,0,0,0,0,0,0,1,0,0,0,0,0,1,0,3,2,1,2,1,2, ,2, ,1,1,1,0,0,0,0,0,1,0,0,0,1,0,0,2,2, , , , , , , , , , , , , , , , , , , , , 
P1051,0,0,0,0,0,0,0,0,0,1,5,5,5,5,5,5,5,5,1, , , , , , , , , , , , , , , , , ,5,4,2,2,2,2, , , ,0,0,0,0,0,0,1,0, , , , , , , , , , , , , , , , , , , , , , , , , , , , , , 
P1052,1,0,0,0,1,0,0,0,0,0,1,2,3,3,2,2,2,2,2,1,0,0,0,0,0,0,0,0,0,0,0,0,1,0,1,0,2,3,1,2,2,2, , , ,0,0,1,0,0,1,0,0,1,0,0,0,0,0,0,2,1,0,0,1,0,0,1,1,0,0,0,0,0,0,2,2,2,3,1,2,3,1
P1053,0,0,0,0,0,0,0,1,0,0,2,3,2,4,4,2,2,2,1, , , , , , , , , , , , , , , , , ,3,3,2,2,2,2, , , ,0,1,0,0,0,0,0,0,0,0,0,0,0,0,1,3,1, , , , , , , , , , , , , , , , , , , , , 
P1054,0,0,0,1,1,0,0,1,0,0,4,2,2,2,2,4,2,3,5,1,0,1,0,0,0,0,0,0,0,0,0,1,0,0,0,0,2,5,3,1,1,1,1,3,1,1,0,1,0,0,0,0,0,1,1,1,1,0,0,0,2,2,1,0,1,1,1,0,0,1,0,1,1,0,0,1,1,2,4,4,4,4,4
P1055,0,0,0,0,0,1,0,0,0,0,1,1,2,2,1,1,1,1,3,0,0,0,0,0,0,0,0,1, , , , , , , , ,2,2,1,1,1,1,2,2,2,0,0,0,1,1,1,0,0,1,0,0,1,0,0,0,1,1, , , , , , , , , , , , , , , , , , , , , 
P1056,0,1,0,0,1,0,0,1,0,0,2,1,1,2,1,1,3,1,2,1,0,0,0,0,0,0,0,0,0,1,0,0,0,0,0,0,2,3,1,1,2,2,1, , ,1,1,1,1,1,0,0,0,0,1,0,0,0,0,0,2,2, , , , , , , , , , , , , , , , , , , , , 
P1057,0,1,0,1,1,0,0,1,0,0,2,1,1,1,2,1,1,1,5,0,1,0,0,0,0,0,0,0,0,0,0,0,1,1,0,0,1,1,1,1,1,1,1,1,1,0,0,0,1,0,0,0,0,1,0,0,1,0,0,0,2,2,0,0,0,0,0,1,0,0,1,0,1,0,0,1,1,3,1,2,2,2,3
P1058,0,1,0,0,1,1,0,0,0,0,3,2,3,4,3,3,4,2,1, , , , , , , , , , , , , , , , , ,3,3,2,1,2,2,2, , ,0,0,0,0,0,0,1,0, , , , , , , , , , , , , , , , , , , , , , , , , , , , , , 
P1059,0,0,0,0,0,1,0,1,0,0,2,2,3,2,3,3,2,2,1, , , , , , , , , , , , , , , , , ,2,2,3,1,2,1,2, ,2,1,0,0,1,0,0,0,0,0,0,1,0,0,0,0,2,2, , , , , , , , , , , , , , , , , , , , , 
P1060,1,1,1,0,0,0,0,0,0,0,2,2,2,3,3,4,3,2,2,1,0,0,1,0,0,0,0,0,0,1,0,1,1,0,0,0,4,3,2,2,1,3, ,2, ,0,0,0,0,1,0,0,0,0,1,0,0,0,0,0,2,2,1,0,0,1,0,0,0,0,0,0,0,0,0,2,2,2,4,3,3,3,3
P1061,0,0,0,0,0,1,0,0,0,0,2,1,2,4,4,1,4,2,2,0,0,0,0,0,0,0,0,1, , , , , , , , ,4,3,2,2,2,2, , , ,0,0,0,0,0,0,1,0, , , , , , , , , , , , , , , , , , , , , , , , , , , , , , 
P1062,0,1,1,0,0,0,0,0,0,0,3,2,2,3,3,2,2,3,3,1,0,0,0,0,0,0,0,0,0,0,0,1,0,0,0,0,3,3,2,1,2,2,2, , ,0,0,0,1,0,0,0,0,1,0,0,0,0,0,0,2,2, , , , , , , , , , , , , , , , , , , , , 
P1063,0,1,0,0,1,0,0,1,0,0,3,3,2,4,3,3,2,2,1, , , , , , , , , , , , , , , , , ,3,3,2,1,1,1,2,1,1,0,0,0,0,0,0,0,1, , , , , , , , , , , , , , , , , , , , , , , , , , , , , , 
P1064,0,0,1,0,0,1,1,0,0,0,2,3,2,3,2,4,2,3,2,1,0,0,0,0,0,0,0,0,0,0,0,0,1,1,0,0,3,2,1,1,1,1,4,3,2,1,0,0,0,0,1,0,0,0,0,1,0,0,0,0,2,2,0,0,1,1,0,1,0,1,0,0,0,0,0,2,2,3,1,2,3,2,2
P1065,1,1,0,0,1,0,0,1,0,0,1,1,2,3,1,2,2,2,4,1,0,0,0,0,0,0,0,0,0,0,0,0,0,1,0,0,3,3,1,1,1,2,2,2, ,1,0,0,0,0,0,0,0,0,1,0,0,0,0,0,2,2, , , , , , , , , , , , , , , , , , , , , 
P1066,1,0,0,1,1,1,1,0,0,0,1,4,1,3,2,1,4,1,3,0,0,1,1,0,0,0,0,0,1,0,0,1,1,1,0,0,1,3,1,1,1,1,1,2,2,0,1,0,1,1,0,0,0,0,1,0,1,1,0,0,2,2,1,1,0,0,0,1,0,1,0,1,0,0,0,1,2,2,1,2,3,1,3
P1067,0,1,0,0,1,0,0,0,0,0,4,2,3,2,2,2,2,2,3,1,0,0,0,0,0,0,0,0,1,1,0,0,0,0,0,1,3,3,2,1,2,2,2, , ,0,0,0,0,0,0,1,0, , , , , , , , , , , , , , , , , , , , , , , , , , , , , , 
P1068,1,1,0,0,1,0,0,0,0,0,2,2,1,3,2,3,5,2,6, , , , , , , , , , , , , , , , , ,5,5,3,3,1,3, ,2, ,0,0,0,0,0,0,1,0, , , , , , , , , , , , , , , , , , , , , , , , , , , , , , 
P1069,1,1,0,0,0,1,0,0,0,0,3,3,3,4,4,3,5,3,1, , , , , , , , , , , , , , , , , ,4,3,2,2,1,2, ,2, ,0,0,0,0,0,0,1,0, , , , , , , , , , , , , , , , , , , , , , , , , , , , , , 
P1070,1,1,0,0,1,1,0,0,0,0,2,1,2,3,3,3,4,2,2,0,0,0,0,0,0,0,1,0,0,0,1,0,0,0,0,0,3,3,1,1,1,2,2,2, ,0,0,0,0,0,0,1,0, , , , , , , , , , , , , , , , , , , , , , , , , , , , , , 
P1071,1,1,0,0,1,0,0,0,0,0,2,2,2,2,2,3,2,2,2,1,0,0,0,0,0,0,0,0,0,0,0,0,1,1,1,0,2,2,1,1,1,1,1,1,1,1,1,1,0,0,0,0,0,0,1,1,0,0,0,0,2,2,1,1,0,1,1,0,0,1,0,1,0,0,0,2,2,1,1,1,1,2,1
P1072,1,1,1,1,1,0,0,0,0,0,3,2,1,2,3,2,2,4,3,1,1,0,0,0,0,0,0,0,0,0,0,1,1,0,0,0,2,3,2,2,1,2, ,2, ,0,1,1,0,0,0,0,0,1,0,1,0,0,0,0,2,2,1,0,0,1,0,0,0,1,0,0,1,0,0,2,1,1,4,1,3,2,1
P1073,0,0,0,0,1,1,0,0,0,0,2,2,2,2,2,2,2,2,2,1,0,0,0,0,0,0,0,0,0,0,0,0,0,1,0,0,5,5,3,1,2,1,1, ,1,0,0,0,0,0,0,1,0, , , , , , , , , , , , , , , , , , , , , , , , , , , , , , 
P1074,0,0,0,0,0,0,0,1,0,0,3,2,2,2,3,2,2,2,1, , , , , , , , , , , , , , , , , ,4,3,2,2,2,2, , , ,0,0,0,0,0,0,1,0, , , , , , , , , , , , , , , , , , , , , , , , , , , , , , 
P1075,1,1,0,0,1,0,0,0,0,0,1,1,2,3,2,1,3,2,3,1,0,0,0,0,0,0,0,0,0,0,0,1,0,0,0,0,3,3,2,1,1,2,2,1, ,0,0,0,0,0,0,1,0, , , , , , , , , , , , , , , , , , , , , , , , , , , , , , 
P1076,1,0,0,0,1,1,0,1,0,0,2,2,2,4,3,1,4,2,1, , , , , , , , , , , , , , , , , ,3,1,1,1,1,2,2,2, ,0,0,0,0,0,0,1,0, , , , , , , , , , , , , , , , , , , , , , , , , , , , , , 
P1077,0,0,1,0,1,0,0,0,0,0,2,1,3,2,1,1,4,4,2,0,1,0,1,0,0,0,0,0,1,0,0,1,1,0,0,0,1,2,1,2,1,1, ,4,2,0,1,0,0,0,0,0,0,0,0,0,1,0,0,0,3,1,0,0,0,1,0,0,0,1,0,0,0,0,0,1,1,2,4,1,2,1,2
P1078,1,1,1,0,0,0,0,0,0,0,2,2,2,3,4,2,2,2,6, , , , , , , , , , , , , , , , , ,4,4,2,2,1,2, ,2, ,0,0,0,0,0,0,1,0, , , , , , , , , , , , , , , , , , , , , , , , , , , , , , 
P1079,1,1,0,0,1,0,0,0,0,0,1,1,2,2,1,1,2,2,5,0,0,0,1,0,0,0,0,0,0,0,0,0,0,1,0,0,1,2,1,1,1,1,1,1,1,0,1,1,1,0,0,0,0,1,1,0,0,0,0,0,2,2, , , , , , , , , , , , , , , , , , , , , 
P1080,0,1,1,0,0,1,0,0,0,0,3,2,2,3,2,2,3,2,2,0,0,0,0,0,0,0,0,1, , , , , , , , ,2,2,1,1,1,2,2,2, ,0,0,0,0,0,0,1,0, , , , , , , , , , , , , , , , , , , , , , , , , , , , , , 
P1081,0,0,1,0,1,0,0,0,0,0,2,2,2,2,3,2,2,2,1, , , , , , , , , , , , , , , , , ,3,3,1,1,2,2,1, , ,0,0,0,0,0,0,1,0, , , , , , , , , , , , , , , , , , , , , , , , , , , , , , 
P1082,1,1,1,1,1,1,1,1,0,0,2,2,2,2,2,2,2,2,2,1,0,0,1,0,0,1,0,0,1,0,0,1,0,0,0,1,1,1,1,1,1,1,1,1,1,1,1,1,1,0,0,0,0,1,1,0,1,1,0,0,2,2,1,0,1,1,1,0,0,0,0,0,0,0,0,2,2,2,4,3,3,3,1
P1083,0,1,1,0,0,0,1,0,0,0,2,1,2,3,2,2,1,1,5,1,0,0,1,0,0,0,0,0,1,0,0,0,1,1,0,0,1,2,1,1,2,1,2, ,1,1,0,0,0,1,1,0,0,1,0,0,0,1,0,0,2,2,1,1,1,0,1,0,0,0,0,0,0,0,0,2,1,1,2,1,1,1,1
P1084,0,0,0,0,1,1,0,1,0,0,2,2,2,2,3,1,2,2,1, , , , , , , , , , , , , , , , , ,2,2,1,1,1,2,1,1, ,0,0,0,0,0,0,1,0, , , , , , , , , , , , , , , , , , , , , , , , , , , , , , 
P1085,0,1,0,0,1,0,0,1,0,0,1,1,1,1,1,1,2,1,2,1,0,0,0,0,1,0,0,0,0,1,0,0,1,0,0,1,1,1,1,1,1,1,1,1,1,0,0,1,0,0,0,0,0,0,1,0,1,1,0,0,2,2,1,0,1,0,0,0,1,0,0,0,1,0,0,1,1,3,3,1,1,2,1
P1086,1,1,0,0,1,1,0,0,0,0,1,1,1,1,1,1,1,1,2,1,1,0,0,0,0,1,0,0,1,0,1,1,1,0,0,1,1,1,1,1,1,1,1,1,1,1,1,1,1,0,0,0,0,1,1,1,0,1,0,0,2,2,1,0,1,0,1,1,1,1,0,1,1,0,0,1,2,2,4,2,3,3,1
P1087,0,1,1,0,1,0,0,0,0,0,2,2,1,4,2,2,2,2,1, , , , , , , , , , , , , , , , , ,5,3,2,2,1,2, ,2, ,0,0,0,0,0,0,1,0, , , , , , , , , , , , , , , , , , , , , , , , , , , , , , 
P1088,1,1,0,0,1,0,0,1,0,0,1,2,4,4,4,2,3,2,5,1,0,0,0,0,0,0,0,0,1,0,1,1,1,1,0,0,1,1,1,1,1,1,2,2,2,0,1,0,1,0,1,0,0,0,1,0,1,0,0,0,2,2,1,0,1,0,0,0,0,0,0,0,1,0,0,3,2,1,1,3,1,2,3
P1089,0,0,0,0,0,0,0,1,0,0,3,3,3,2,3,3,2,2,2,1,0,0,0,0,0,0,0,0,0,0,0,0,0,0,1,0,5,5,3,1,1,2,2,2, ,0,0,0,0,0,0,1,0, , , , , , , , , , , , , , , , , , , , , , , , , , , , , , 
P1090,0,1,0,0,0,0,0,0,0,0,3,2,2,2,2,2,2,3,1, , , , , , , , , , , , , , , , , ,3,5,2,1,2,2,2, , ,0,0,0,0,0,0,1,0, , , , , , , , , , , , , , , , , , , , , , , , , , , , , , 
P1091,1,1,0,0,0,0,0,0,0,0,2,3,3,4,4,3,4,2,1, , , , , , , , , , , , , , , , , ,3,3,3,2,1,2, ,2, ,0,0,0,0,0,0,1,0, , , , , , , , , , , , , , , , , , , , , , , , , , , , , , 
P1092,1,0,0,0,0,0,0,1,0,0,2,2,2,2,2,2,2,2,1, , , , , , , , , , , , , , , , , ,4,1,2,2,1,2, ,2, ,0,0,0,0,0,0,1,0, , , , , , , , , , , , , , , , , , , , , , , , , , , , , , 
P1093,0,1,0,0,1,1,0,0,0,0,1,2,2,2,2,1,2,2,2,1,0,0,0,0,0,0,0,0,0,1,0,1,0,0,0,0,1,1,2,1,1,1,1,1,1,0,0,0,1,0,0,0,0,0,0,0,1,1,0,0,2,2, , , , , , , , , , , , , , , , , , , , , 
P1094,1,1,1,0,1,0,1,1,0,0,2,2,2,3,2,2,2,1,2,1,0,0,0,0,0,0,0,0,0,1,0,0,1,0,1,0,2,2,1,1,1,1,2,1,2,1,0,1,0,1,0,0,0,1,1,0,1,1,0,0,2,2,0,0,0,0,1,1,0,1,0,1,1,0,0,2,2,3,1,1,2,1,2
P1095,0,0,1,0,0,1,0,0,0,0,1,1,1,1,2,2,1,1,1, , , , , , , , , , , , , , , , , ,1,1,1,1,1,1,1,1,2,0,0,0,0,1,0,0,0,0,1,0,1,1,0,0,2,2, , , , , , , , , , , , , , , , , , , , , 
P1096,0,1,0,0,1,0,0,0,0,0,2,2,2,2,2,2,2,2,6, , , , , , , , , , , , , , , , , ,3,1,2,2,1,2, ,1, ,1,0,0,0,0,0,0,0,0,0,0,1,0,0,0,2,2, , , , , , , , , , , , , , , , , , , , , 
P1097,0,0,0,0,0,0,0,0,0,1,3,4,5,4,3,5,4,2,1, , , , , , , , , , , , , , , , , ,3,5,3,2,2,2, , , ,0,0,0,0,0,0,0,1, , , , , , , , , , , , , , , , , , , , , , , , , , , , , , 
P1098,1,1,1,0,1,0,0,1,0,0,1,5,1,1,1,1,5,3,2,0,0,0,0,0,0,0,0,1, , , , , , , , ,5,5,2,3,1,1, ,5,5,0,0,0,0,0,0,0,1, , , , , , , , , , , , , , , , , , , , , , , , , , , , , , 
P1099,1,1,0,0,0,1,0,1,0,0,3,3,2,1,1,2,3,2,2,0,0,0,1,0,0,0,0,0,1,0,0,1,1,0,0,0,5,5,2,1,1,3,2,2, ,1,0,0,1,1,0,0,0,0,0,0,0,1,0,0,2,2,0,0,1,0,0,0,0,0,0,0,0,0,0,3,3,4,4,3,3,3,1
P1100,0,1,0,0,1,1,0,0,0,0,2,2,2,3,3,2,2,2,2,0,0,1,0,0,0,0,0,0,0,0,0,1,0,0,0,0,1,3,3,1,1,3,1,1, ,0,0,0,0,0,1,0,0,0,0,0,0,1,0,0,1,1, , , , , , , , , , , , , , , , , , , , , 
P1101,1,0,0,0,0,0,0,0,0,0,2,3,3,4,4,3,4,4,6, , , , , , , , , , , , , , , , , ,4,4,2,2,1,2, ,2, ,0,0,0,0,0,0,1,0, , , , , , , , , , , , , , , , , , , , , , , , , , , , , , 
P1102,1,1,1,0,0,1,1,0,0,0,2,2,2,5,2,2,1,3,1, , , , , , , , , , , , , , , , , ,4,3,2,2,1,2, ,1, ,0,0,1,0,0,0,0,0,0,1,0,0,0,0,0,2,2, , , , , , , , , , , , , , , , , , , , , 
P1103,1,0,0,0,1,0,1,0,0,0,2,1,1,2,1,1,2,2,3,0,0,1,0,0,0,0,0,0,0,0,0,0,1,0,0,0,2,2,1,1,1,1,2,1,3,0,0,0,0,1,0,0,0,1,0,1,1,0,0,0,2,2,0,0,1,0,0,1,1,0,0,0,0,0,0,1,2,3,3,2,2,2,3
P1104,0,0,0,0,0,0,0,0,0,1,2,2,2,3,2,2,3,3,2,1,0,0,0,0,0,0,0,0,0,0,0,0,0,1,0,0,2,2,1,2,3,2, , , ,1,0,0,0,0,0,0,0,0,0,0,1,0,0,0,2,3, , , , , , , , , , , , , , , , , , , , , 
P1105,1,1,1,1,1,1,1,1,0,0,2,1,2,1,1,1,1,1,3,1,0,0,0,0,0,0,0,0,1,0,0,0,0,0,0,1,4,1,1,2,1,2, ,2, ,0,0,0,0,0,0,1,0, , , , , , , , , ,1,0,0,0,0,0,0,0,0,0,0,0,0,2,1,2,4,3,3,3,3
P1106,0,0,0,0,1,0,0,0,0,0,1,2,5,5,2,2,4,2,2,0,0,0,0,0,0,0,0,1, , , , , , , , ,3,3,2,1,1,2,1,1, ,0,0,0,0,1,0,0,0,0,1,0,0,0,0,0,2,2, , , , , , , , , , , , , , , , , , , , , 
P1107,1,1,0,0,0,0,0,0,0,0,2,2,2,3,3,2,3,2,2,1,0,0,0,0,0,0,0,0,0,1,0,0,0,0,0,0,3,3,2,1,1,3,2,2, ,0,0,0,0,0,0,1,0, , , , , , , , , , , , , , , , , , , , , , , , , , , , , , 
P1108,0,0,0,1,1,1,0,1,0,0,4,4,4,3,2,3,3,4,4,1,0,0,0,0,0,0,0,0,1,0,1,1,1,1,1,1,1,1,3,1,2,1,1, ,1,0,1,1,0,0,0,0,0,0,0,1,0,0,0,0,2,2,0,0,0,1,1,0,0,0,0,1,0,0,0,1,1,1,5,1,4,4,1
P1109,0,0,0,0,0,1,0,0,0,0,2,2,3,3,2,3,2,2,3,0,0,0,0,1,0,0,0,0,0,0,0,0,0,1,0,0,1,2,2,1,1,3,2,2, ,0,0,1,0,0,0,0,0,0,0,1,0,0,0,0,2,1, , , , , , , , , , , , , , , , , , , , , 
P1110,0,1,0,0,1,0,0,0,0,0,2,2,2,2,2,2,2,2,2,1,0,0,0,0,0,0,0,0,0,0,0,0,0,0,1,0,3,3,2,1,1,2,2,2, ,0,0,0,0,1,0,0,0,1,0,0,0,0,0,0,2,2, , , , , , , , , , , , , , , , , , , , , 
P1111,1,1,1,0,1,0,0,0,0,0,3,2,2,3,3,2,2,2,2,0,0,0,0,0,0,0,1,0,0,0,0,0,0,0,0,1,1,1,2,1,1,3,2,2, ,1,1,1,1,1,1,0,0,1,0,0,1,1,0,0,2,2, , , , , , , , , , , , , , , , , , , , , 
P1112,1,1,1,1,1,1,1,1,0,0,1,1,1,2,2,2,1,1,4,1,1,1,1,1,1,1,0,0,1,1,1,1,1,1,0,1,2,1,1,1,1,1,1,1,1,1,1,1,0,1,0,0,0,1,1,1,1,1,0,0,2,2,1,1,0,0,1,0,1,1,1,1,1,0,0,1,1,3,3,1,2,1,3
P1113,0,0,0,0,1,0,0,0,0,0,1,1,3,1,1,1,2,1,2,1,0,0,0,0,0,0,0,0,0,0,0,0,1,0,0,0,1,2,1,1,1,1,1,1,1,1,0,0,0,0,0,0,0,0,0,0,1,1,0,0,2,2,0,0,0,0,0,0,1,0,0,0,0,0,0,2,1,3,2,1,2,2,1
P1114,0,0,1,0,0,0,0,1,0,0,2,2,3,4,4,3,4,3,2,1,0,0,0,0,0,0,0,0,0,0,0,1,0,0,0,0,3,2,1,2,1,2, ,2, ,0,0,0,0,0,0,1,0, , , , , , , , , , , , , , , , , , , , , , , , , , , , , , 
P1115,0,1,0,0,0,0,0,0,0,0,3,2,2,5,4,2,3,2,1, , , , , , , , , , , , , , , , , ,4,3,2,2,2,2, , , ,0,0,0,0,0,0,1,0, , , , , , , , , , , , , , , , , , , , , , , , , , , , , , 
P1116,1,1,1,0,1,1,0,1,0,0,2,2,2,4,3,1,1,3,2,0,1,0,1,0,0,0,0,0,0,0,0,1,1,1,0,1,1,1,3,1,1,1,1,1,2,1,1,1,1,1,1,0,0,1,1,0,1,1,0,0,2,2,1,0,1,1,1,1,1,1,0,1,0,0,0,2,2,2,3,3,3,3,1
P1117,0,1,0,0,0,1,0,0,0,0,2,2,2,5,5,2,5,2,3,0,0,0,0,0,0,0,0,1, , , , , , , , ,5,5,1,2,1,2, ,2, ,0,0,0,0,0,0,1,0, , , , , , , , , , , , , , , , , , , , , , , , , , , , , , 
P1118,0,0,1,0,1,0,1,0,0,0,3,2,2,2,3,2,2,2,2,1,0,0,0,0,0,0,0,0,0,0,0,0,1,0,0,1,5,4,1,1,1,1,2,2,1,0,0,0,0,1,1,0,0,0,1,0,0,0,0,0,2,2,0,1,0,0,0,0,0,0,0,0,1,0,0,2,2,2,4,4,3,3,2
P1119,0,1,1,1,1,1,0,1,0,0,3,1,1,2,3,2,2,2,3,0,1,0,1,0,0,0,0,0,0,0,1,0,1,0,1,1,1,1,2,1,2,1,2, ,2,0,0,1,0,0,1,0,0,0,1,1,0,1,0,0,2,2,0,0,1,0,0,0,1,0,1,0,0,0,0,2,2,2,4,3,3,3,3
P1120,0,1,0,0,0,0,0,1,0,0,3,1,2,4,4,5,4,2,1, , , , , , , , , , , , , , , , , ,3,3,2,2,1,2, ,2, ,1,0,0,0,0,0,0,0,0,1,0,0,0,0,0,2,2, , , , , , , , , , , , , , , , , , , , , 
P1121,0,1,0,0,1,0,0,0,0,0,4,1,1,3,2,4,2,1,2,0,0,0,0,0,0,0,0,1, , , , , , , , ,3,4,3,1,2,3,1, , ,1,0,0,0,0,0,0,0,0,1,0,0,0,0,0,2,2, , , , , , , , , , , , , , , , , , , , , 
P1122,1,1,1,0,0,1,1,1,0,0,1,2,1,3,3,2,1,2,1, , , , , , , , , , , , , , , , , ,2,5,2,1,1,3,2,2, ,0,0,0,0,0,0,1,0, , , , , , , , , , , , , , , , , , , , , , , , , , , , , , 
P1123,0,1,0,1,1,1,0,1,0,0,3,2,2,3,3,2,4,2,2,1,0,0,0,0,0,0,0,0,0,0,0,1,1,1,0,0,2,2,1,1,1,1,1,1,1,1,1,0,0,0,0,0,0,0,1,0,0,0,0,0,2,2,1,0,0,0,1,0,1,0,0,0,0,0,0,2,2,2,4,3,3,3,1
P1124,1,1,0,0,0,0,0,0,0,0,2,2,2,4,4,2,5,3,1, , , , , , , , , , , , , , , , , ,3,3,2,2,1,2, ,2, ,0,0,0,0,0,0,1,0, , , , , , , , , , , , , , , , , , , , , , , , , , , , , , 
P1125,1,0,0,0,0,1,0,0,1,0,2,2,2,3,3,2,3,2,1, , , , , , , , , , , , , , , , , ,3,3,1,1,1,2,1,1, ,0,0,0,0,0,0,1,0, , , , , , , , , , , , , , , , , , , , , , , , , , , , , , 
P1126,0,0,0,0,1,0,0,0,0,0,3,2,2,3,2,2,2,2,2,0,0,0,0,0,0,0,0,1, , , , , , , , ,3,3,1,1,2,2,2, , ,1,0,0,0,0,0,0,0,0,1,0,0,0,0,0,2,2, , , , , , , , , , , , , , , , , , , , , 
P1127,1,0,0,0,1,1,0,1,0,0,2,2,2,2,2,1,2,1,2,1,0,0,0,0,0,0,0,0,0,1,0,0,0,0,1,0,3,3,2,1,1,1,2,2,2,0,0,0,0,0,0,1,0, , , , , , , , , , , , , , , , , , , , , , , , , , , , , , 
P1128,0,1,1,0,0,1,0,0,0,0,3,2,2,4,4,2,4,2,2,0,0,0,0,0,0,0,0,1, , , , , , , , ,4,5,2,2,2,2, , , ,0,0,0,0,0,0,1,0, , , , , , , , , , , , , , , , , , , , , , , , , , , , , , 
P1129,0,1,1,0,0,0,0,0,0,0,2,2,2,4,4,1,3,2,6, , , , , , , , , , , , , , , , , ,5,5,3,2,1,3, ,2, ,0,0,0,0,0,0,1,0, , , , , , , , , , , , , , , , , , , , , , , , , , , , , , 
P1130,0,0,0,0,1,0,0,0,0,0,3,2,3,5,3,3,3,3,2,0,0,0,0,0,0,0,0,1, , , , , , , , ,5,4,2,1,2,2,1, , ,0,0,0,0,0,0,1,0, , , , , , , , , , , , , , , , , , , , , , , , , , , , , , 
P1131,1,0,0,0,0,1,0,0,0,0,2,2,2,5,5,2,5,2,2,0,0,0,0,0,0,0,0,1, , , , , , , , ,2,2,2,2,2,2, , , ,0,0,0,0,0,0,0,1, , , , , , , , , , , , , , , , , , , , , , , , , , , , , , 
P1132,0,1,1,0,1,0,0,0,0,0,4,2,2,4,2,3,2,3,2,0,0,0,0,0,0,0,1,0,0,0,0,0,0,0,0,1,2,3,1,1,2,2,2, , ,0,0,0,0,0,1,0,0,0,0,0,1,0,0,0,2,2, , , , , , , , , , , , , , , , , , , , , 
P1133,1,0,1,0,0,1,0,0,0,0,2,4,3,1,4,2,2,2,4,0,0,0,0,0,0,0,0,1, , , , , , , , ,1,3,1,1,1,2,4,2, ,0,0,1,0,0,1,0,0,0,0,0,1,0,0,0,2,2, , , , , , , , , , , , , , , , , , , , , 
P1134,1,1,1,0,0,0,0,0,0,0,2,2,2,4,3,2,5,3,2,0,0,0,0,0,0,0,0,1, , , , , , , , ,5,5,3,1,1,3,2,2, ,0,0,0,0,0,0,1,0, , , , , , , , , , , , , , , , , , , , , , , , , , , , , , 
P1135,1,1,1,1,1,1,0,1,0,0,3,2,2,1,2,2,3,1,2,1,0,0,0,0,0,0,0,0,0,0,0,0,1,0,0,0,3,2,2,1,1,1,2,2,2,1,0,1,0,0,0,0,0,1,1,1,0,0,0,0,2,2,0,1,1,0,1,0,0,0,0,0,0,0,0,1,1,2,2,3,3,3,2
P1136,0,0,0,0,0,0,0,1,0,0,3,2,2,3,2,1,2,3,2,1,0,0,0,0,0,0,0,0,0,1,0,1,0,0,0,0,2,2,1,1,2,2,1, , ,0,1,0,0,0,0,0,0,1,0,0,0,0,0,0,2,2, , , , , , , , , , , , , , , , , , , , , 
P1137,0,0,0,0,0,0,0,1,0,0,1,2,2,1,1,1,1,1,1, , , , , , , , , , , , , , , , , ,2,2,1,1,1,1,2,2,3,1,0,0,0,0,0,0,0,1,0,0,1,0,0,0,2,1, , , , , , , , , , , , , , , , , , , , , 
P1138,0,1,1,0,0,0,1,0,0,0,2,1,2,4,5,1,2,3,2,1,0,0,0,0,0,0,0,0,0,1,0,1,0,0,0,0,1,4,1,1,1,2,1,5, ,0,1,0,0,0,0,0,0,0,1,0,1,0,0,0,2,3, , , , , , , , , , , , , , , , , , , , , 
P1139,0,0,0,0,1,1,0,1,0,0,2,1,1,3,3,2,2,2,2,0,0,0,0,0,0,0,0,1, , , , , , , , ,3,3,2,1,1,2,1,2, ,0,0,1,0,0,0,0,0,0,1,0,0,0,0,0,2,2, , , , , , , , , , , , , , , , , , , , , 
P1140,0,1,0,0,0,1,0,1,0,0,3,2,2,4,3,2,5,1,2,0,0,0,0,0,0,0,0,1, , , , , , , , ,3,1,2,2,1,2, ,2, ,1,0,1,0,0,0,0,0,0,1,0,0,0,0,0,2,2, , , , , , , , , , , , , , , , , , , , , 
P1141,1,1,1,0,1,1,1,0,0,0,1,1,1,2,1,1,1,1,2,1,0,0,0,0,0,0,0,0,0,0,0,0,0,0,0,1,3,4,1,1,1,2,2,2, ,0,0,0,0,0,0,1,0, , , , , , , , , , , , , , , , , , , , , , , , , , , , , , 
P1142,0,0,0,0,1,0,0,0,0,0,3,2,2,3,2,3,3,3,1, , , , , , , , , , , , , , , , , ,3,4,2,2,2,2, , , ,0,0,0,0,0,0,0,1, , , , , , , , , , , , , , , , , , , , , , , , , , , , , , 
P1143,0,0,0,0,1,0,0,0,0,0,2,2,2,1,1,1,2,2,3,1,0,0,0,0,0,0,0,0,0,0,0,0,0,1,0,0,3,3,2,2,2,2, , , ,0,0,0,0,0,0,1,0, , , , , , , , , , , , , , , , , , , , , , , , , , , , , , 
P1144,1,1,0,0,0,1,0,0,0,0,3,2,3,4,4,2,2,2,2,0,0,0,1,0,0,0,0,0,0,0,0,0,1,0,0,0,3,3,2,1,1,2,2,2, ,0,0,0,0,0,1,0,0,0,1,0,0,0,0,0,1,2,0,0,0,0,0,0,0,0,0,0,0,1,0,4,4,2,4,3,3,3,3
P1145,0,0,0,1,1,0,0,0,0,0,2,2,2,3,3,1,2,3,2,1,0,0,0,0,0,0,0,0,0,0,0,1,0,0,0,0,1,1,1,2,1,2, ,2, ,0,0,0,0,1,0,0,0,1,0,0,0,0,0,0,2,2,0,0,0,0,0,0,0,0,0,0,0,1,0,2,2,2,4,3,3,3,3
P1146,1,1,1,0,0,1,0,1,0,0,2,2,2,2,3,2,2,1,2,1,0,0,0,0,0,0,0,0,0,0,0,0,0,0,0,1,3,3,1,2,2,2, , , ,0,0,1,0,0,0,0,0,0,1,0,0,1,0,0,2,2, , , , , , , , , , , , , , , , , , , , , 
P1147,0,1,1,0,1,0,0,0,0,0,4,4,3,4,3,3,4,3,1, , , , , , , , , , , , , , , , , ,3,5,2,2,3,2, , , ,1,0,0,0,0,0,0,0,0,0,0,0,1,0,0,2,2, , , , , , , , , , , , , , , , , , , , , 
P1148,0,0,0,0,0,0,0,0,0,1,4,2,2,4,2,4,2,2,2,1,0,0,0,0,0,0,0,0,1,0,0,1,0,0,1,0,5,5,1,1,2,2,2, , ,0,0,0,0,0,0,0,1, , , , , , , , , , , , , , , , , , , , , , , , , , , , , , 
P1149,1,1,0,0,1,0,0,0,0,0,3,2,2,3,3,2,3,2,2,1,0,0,0,0,0,0,0,0,0,0,0,0,0,1,0,0,3,3,3,1,1,3,2,2, ,0,0,0,0,0,0,1,0, , , , , , , , , , , , , , , , , , , , , , , , , , , , , , 
P1150,1,0,1,0,1,1,0,1,0,0,3,3,2,4,3,2,4,2,1, , , , , , , , , , , , , , , , , ,5,5,3,1,1,3,3,3, ,1,0,0,0,0,0,0,0,0,1,0,0,0,0,0,2,2, , , , , , , , , , , , , , , , , , , , , 
P1151,1,1,1,0,1,1,0,1,0,0,2,2,2,4,2,2,3,2,1, , , , , , , , , , , , , , , , , ,2,3,2,1,1,2,2,2, ,0,0,0,0,0,1,0,0,1,1,0,1,1,0,0,2,1, , , , , , , , , , , , , , , , , , , , , 
P1152,0,1,0,1,1,1,1,1,0,0,4,3,3,3,3,2,3,2,2,1,0,0,0,0,0,1,0,0,1,0,0,0,0,0,0,0,3,3,2,1,2,2,1, , ,1,1,0,0,0,0,0,0,1,0,0,1,0,0,0,2,2,1,0,0,0,1,0,0,0,0,0,0,0,0,1,2,2,3,1,2,3,3
P1153,1,1,1,0,0,1,0,1,0,0,2,1,2,4,3,1,1,2,5,1,0,0,1,0,0,0,0,0,0,0,0,1,0,0,0,0,3,1,1,2,1,1, ,2,2,0,0,0,0,0,0,1,0, , , , , , , , , , , , , , , , , , , , , , , , , , , , , , 
P1154,0,1,1,0,1,1,1,0,0,0,1,2,2,3,2,1,2,3,2,1,0,0,1,0,0,0,0,0,0,0,0,1,0,1,1,1,3,3,1,1,1,2,2,1, ,1,1,1,0,1,0,0,0,1,0,0,0,0,0,0,2,2, , , , , , , , , , , , , , , , , , , , , 
P1155,1,0,0,1,0,1,1,0,0,0,3,2,1,5,1,2,3,3,2,1,0,0,0,0,0,0,0,0,0,1,0,0,0,0,0,0,2,3,3,2,2,2, , , ,0,1,0,0,0,0,0,0,0,0,1,0,0,0,0,2,2,0,0,0,0,0,0,1,0,0,0,0,0,0,2,3,2,3,2,1,3,3
P1156,1,1,1,0,0,1,0,0,0,0,2,1,2,4,4,1,4,2,2,0,0,0,0,0,0,0,0,1, , , , , , , , ,3,3,2,2,1,2, ,2, ,0,0,0,0,0,0,1,0, , , , , , , , , , , , , , , , , , , , , , , , , , , , , , 
P1157,1,1,0,0,0,0,1,0,0,0,2,2,2,4,4,2,2,3,1, , , , , , , , , , , , , , , , , ,3,3,2,2,1,2, ,2, ,0,0,0,0,0,0,1,0, , , , , , , , , , , , , , , , , , , , , , , , , , , , , , 
P1158,0,0,0,0,0,0,0,0,0,1,4,4,4,4,4,4,4,4,6, , , , , , , , , , , , , , , , , ,4,4,3,2,2,2, , , ,0,0,0,0,0,0,1,0, , , , , , , , , , , , , , , , , , , , , , , , , , , , , , 
P1159,0,1,1,0,1,1,1,1,0,0,2,2,2,2,2,2,2,2,4,1,0,0,1,0,0,0,0,0,1,1,0,0,1,0,0,0,3,3,2,1,2,1,2, ,2,0,0,1,0,0,1,0,0,0,1,0,1,0,0,0,2,2,0,0,0,1,1,0,0,0,0,0,0,0,0,2,2,4,4,3,4,3,4
P1160,0,0,0,0,1,0,0,0,0,0,2,2,2,2,2,3,2,2,2,1,0,0,0,0,0,0,0,0,0,0,0,1,0,0,0,0,1,1,1,1,1,1,1,1,1,1,0,0,1,0,0,0,0,1,0,0,1,0,0,0,2,2, , , , , , , , , , , , , , , , , , , , , 
P1161,0,1,0,0,1,1,0,0,0,0,3,2,2,3,3,2,2,2,1, , , , , , , , , , , , , , , , , ,5,1,1,1,1,2,2,2, ,0,0,0,0,0,1,0,0,0,1,0,0,0,0,0,2,2, , , , , , , , , , , , , , , , , , , , , 
P1162,1,1,1,0,1,1,0,0,0,0,2,2,2,2,3,2,5,3,5,0,0,0,1,0,0,0,0,0,0,0,0,0,0,0,0,1,3,3,3,1,1,2,2,2, ,0,0,0,0,0,0,1,0, , , , , , , , , , , , , , , , , , , , , , , , , , , , , , 
P1163,0,0,0,0,0,0,0,0,0,1,5,5,5,5,5,5,5,5,6, , , , , , , , , , , , , , , , , ,5,5,3,3,3,3, , , ,0,0,0,0,0,0,0,1, , , , , , , , , , , , , , , , , , , , , , , , , , , , , , 
P1164,0,0,0,0,1,0,1,1,0,0,1,2,1,3,2,1,1,1,4,1,1,0,0,0,0,0,0,0,0,1,0,1,1,1,1,1,2,2,1,1,1,1,2,2,2,1,0,1,1,1,0,0,0,0,1,0,1,1,0,0,2,2,1,0,0,0,0,0,0,0,0,0,0,0,0,2,2,3,3,3,1,2,1
P1165,0,0,0,0,0,0,0,0,0,1,2,3,3,3,3,3,3,3,1, , , , , , , , , , , , , , , , , ,3,3,3,2,2,2, , , ,0,0,0,0,0,0,1,0, , , , , , , , , , , , , , , , , , , , , , , , , , , , , , 
P1166,0,1,1,0,0,0,1,1,0,0,1,1,1,1,1,1,1,1,3,1,1,0,1,0,0,0,0,0,1,1,1,0,1,0,0,0,1,2,1,1,1,2,3,1, ,0,1,1,1,0,0,0,0,1,0,1,1,1,0,0,2,2,0,0,1,0,1,0,0,1,1,0,0,0,0,1,2,1,3,3,2,2,1
P1167,0,1,1,0,1,0,0,0,0,0,4,3,2,3,3,3,3,2,2,0,0,0,0,0,0,0,0,1, , , , , , , , ,3,3,2,1,2,3,2, , ,0,0,0,0,0,0,1,0, , , , , , , , , , , , , , , , , , , , , , , , , , , , , , 
P1168,0,0,0,0,0,0,1,0,0,0,2,2,2,1,2,1,2,1,2,1,0,0,0,0,0,0,0,0,0,0,0,1,1,0,0,0,3,4,1,1,2,1,1, ,2,0,0,0,0,1,0,0,0,1,0,0,0,0,0,0,2,2,0,1,0,0,0,0,0,0,0,0,0,0,0,2,2,3,1,2,1,3,1
P1169,1,1,1,0,0,1,1,1,0,0,3,2,2,5,5,2,2,2,1, , , , , , , , , , , , , , , , , ,5,5,1,2,1,3, ,2, ,0,0,0,0,0,1,0,0,0,1,0,0,1,0,0,2,2, , , , , , , , , , , , , , , , , , , , , 
P1170,0,0,1,0,0,1,0,0,0,0,5,5,5,5,4,2,5,5,1, , , , , , , , , , , , , , , , , ,4,3,2,2,2,2, , , ,0,0,0,0,0,0,1,0, , , , , , , , , , , , , , , , , , , , , , , , , , , , , , 
P1171,0,1,0,0,0,0,0,1,0,0,2,2,2,3,4,2,3,2,2,0,0,0,0,0,0,0,0,1, , , , , , , , ,4,5,1,2,2,3, , , ,0,0,0,0,0,1,0,0,0,0,0,0,0,1,0,2,2, , , , , , , , , , , , , , , , , , , , , 
P1172,0,0,0,0,0,0,0,1,0,0,2,3,3,3,3,2,4,1,1, , , , , , , , , , , , , , , , , ,2,2,3,2,2,2, , , ,0,0,0,0,0,0,1,0, , , , , , , , , , , , , , , , , , , , , , , , , , , , , , 
P1173,1,1,0,0,1,1,0,0,0,0,2,2,3,4,2,2,2,2,1, , , , , , , , , , , , , , , , , ,3,3,2,1,1,2,1,2, ,0,0,0,0,0,0,1,0, , , , , , , , , , , , , , , , , , , , , , , , , , , , , , 
P1174,0,1,0,0,0,0,0,0,0,0,2,1,2,3,3,5,5,2,1, , , , , , , , , , , , , , , , , ,4,4,1,1,2,2,3, , ,0,0,0,0,0,0,1,0, , , , , , , , , , , , , , , , , , , , , , , , , , , , , , 
P1175,1,1,1,0,1,1,0,1,0,0,2,2,1,2,2,1,1,2,2,0,0,0,1,0,0,0,0,0,0,1,0,1,1,0,1,0,1,1,1,1,1,1,2,1,2,0,1,0,0,0,1,0,0,0,1,0,1,1,0,0,2,2,0,0,1,0,1,0,1,0,0,0,0,0,0,2,2,2,1,3,2,3,1
P1176,1,1,1,0,0,1,0,0,0,0,2,1,1,4,4,2,3,1,2,1,0,0,0,0,0,0,0,0,0,0,1,0,1,0,0,0,3,3,1,1,1,3,2,2, ,0,0,0,0,0,0,1,0, , , , , , , , , ,0,0,0,0,0,1,1,0,0,1,0,0,0,2,2,2,4,3,3,3,3
P1177,0,0,0,0,0,0,0,1,0,0,2,2,2,2,2,2,2,2,2,0,0,0,0,0,0,0,0,1, , , , , , , , ,3,4,2,2,2,2, , , ,0,0,1,0,0,0,0,0,0,1,0,0,0,0,0,2,2, , , , , , , , , , , , , , , , , , , , , 
P1178,1,1,1,1,1,1,1,1,0,0,1,2,1,2,2,2,1,1,5,1,1,0,1,0,0,0,0,0,0,0,1,1,1,1,1,0,1,2,1,1,1,1,1,1,1,0,1,0,0,1,1,0,0,1,1,0,1,1,0,0,2,2,1,1,0,1,1,0,0,0,0,1,1,0,0,1,2,2,1,1,1,1,1
P1179,0,1,0,0,0,1,0,0,0,0,2,1,2,3,2,1,2,2,3,1,0,0,0,0,0,0,0,0,0,0,0,0,0,1,0,0,3,3,2,2,1,2, ,2, ,1,1,0,0,0,0,0,0,0,1,0,0,0,0,0,2,2, , , , , , , , , , , , , , , , , , , , , 
P1180,0,0,1,0,1,0,0,0,0,0,4,3,3,4,2,3,2,2,1, , , , , , , , , , , , , , , , , ,3,3,1,1,2,2,2, , ,0,0,0,0,0,0,1,0, , , , , , , , , , , , , , , , , , , , , , , , , , , , , , 
P1181,1,1,0,0,1,1,0,1,0,0,1,2,1,4,3,2,3,3,3,1,0,0,1,0,0,0,0,0,0,1,0,1,0,1,0,0,2,1,1,1,1,2,3,2, ,1,1,0,0,1,1,0,0,1,1,0,1,1,0,0,2,1, , , , , , , , , , , , , , , , , , , , , 
P1182,0,0,0,0,0,0,0,0,0,1,2,2,2,4,4,2,4,2,1, , , , , , , , , , , , , , , , , ,3,3,2,2,1,2, ,5, ,0,0,0,0,0,0,1,0, , , , , , , , , , , , , , , , , , , , , , , , , , , , , , 
P1183,0,0,0,0,0,0,0,0,0,1,5,2,2,4,4,4,4,2,1, , , , , , , , , , , , , , , , , ,3,3,2,2,2,2, , , ,0,0,0,0,0,0,0,1, , , , , , , , , , , , , , , , , , , , , , , , , , , , , , 
P1184,1,1,1,0,0,0,0,1,0,0,4,3,3,3,4,3,4,3,2,0,0,0,0,0,0,0,1,0,0,0,1,0,0,0,0,0,2,2,2,2,1,2, ,2, ,0,0,0,0,0,1,0,0,0,1,0,0,0,0,0,2,2, , , , , , , , , , , , , , , , , , , , , 
P1185,0,0,0,0,0,0,0,1,0,0,4,2,3,4,3,2,4,3,2,1,0,0,0,0,0,0,0,0,0,0,0,0,0,0,1,0,3,3,2,2,1,3, ,2, ,0,0,0,0,0,0,1,0, , , , , , , , , , , , , , , , , , , , , , , , , , , , , , 
P1186,0,0,0,0,0,1,0,0,0,0,2,2,2,2,2,2,2,2,2,0,0,0,1,0,0,0,0,0,0,0,0,0,0,0,1,0,3,2,3,2,1,2, ,2, ,0,0,0,0,0,0,1,0, , , , , , , , , , , , , , , , , , , , , , , , , , , , , , 
P1187,0,0,0,0,0,0,0,0,0,1,5,5,5,5,5,5,5,5,6, , , , , , , , , , , , , , , , , ,5,4,3,2,2,2, , , ,0,0,0,0,0,0,1,0, , , , , , , , , , , , , , , , , , , , , , , , , , , , , , 
P1188,0,0,0,1,0,0,0,0,1,0,1,2,2,2,2,1,3,3,2,1,0,0,0,0,0,0,0,0,0,0,0,1,0,1,0,0,3,3,1,1,2,2,2, , ,0,0,0,0,0,0,1,0, , , , , , , , , ,1,0,0,0,0,0,1,0,0,0,0,0,0,2,2,2,4,3,3,3,3
P1189,0,0,0,0,1,1,1,1,0,0,2,2,2,2,3,2,2,2,2,0,0,0,1,0,0,0,0,0,0,0,0,0,0,1,1,0,3,3,2,1,1,2,2,2, ,0,0,0,0,0,0,1,0, , , , , , , , , , , , , , , , , , , , , , , , , , , , , , 
P1190,1,1,1,1,1,1,1,0,0,0,2,1,1,1,3,1,2,3,2,1,0,0,0,1,0,0,0,0,0,0,0,0,1,1,1,0,1,1,2,1,1,1,1,1,1,1,1,1,0,1,0,0,0,1,1,0,0,1,0,0,2,2,1,0,1,0,0,1,0,1,0,1,1,0,0,1,1,3,2,1,1,3,1
P1191,0,0,0,1,1,0,1,1,0,0,1,2,1,1,3,1,4,2,2,1,0,0,0,0,0,0,0,0,1,0,0,0,0,0,1,1,3,3,1,1,2,1,3, ,2,0,1,0,0,1,0,0,0,0,1,1,1,0,0,0,2,2,1,0,0,1,1,0,0,0,1,1,0,0,0,1,1,2,1,2,1,2,3
P1192,1,1,1,1,1,1,1,1,0,0,1,1,2,2,2,1,2,2,5,1,1,0,0,1,1,0,0,0,1,0,0,1,1,0,0,0,1,2,1,1,1,1,1,1,1,1,0,1,0,0,1,0,0,1,1,1,1,1,0,0,2,2,0,0,0,0,1,0,0,1,0,0,0,0,0,1,2,2,2,3,3,3,1
P1193,1,0,0,0,0,0,0,0,0,0,2,3,3,3,4,2,3,3,1, , , , , , , , , , , , , , , , , ,3,3,3,2,1,2, ,1, ,1,0,1,0,0,0,0,0,1,0,0,0,0,0,0,2,2, , , , , , , , , , , , , , , , , , , , , 
P1194,0,0,1,0,0,1,0,1,0,0,3,2,2,5,4,2,3,1,1, , , , , , , , , , , , , , , , , ,3,3,2,3,1,2, ,2, ,0,0,0,0,0,0,1,0, , , , , , , , , , , , , , , , , , , , , , , , , , , , , , 
P1195,1,0,0,1,1,0,0,0,0,0,1,1,1,1,1,1,1,1,5,1,1,0,0,0,0,0,0,0,0,0,0,0,1,0,0,0,3,3,2,1,2,2,2, , ,1,0,0,0,0,0,0,0,0,1,0,0,0,0,0,2,2,0,0,1,0,0,0,0,0,0,0,0,0,0,1,1,1,3,2,3,3,3
P1196,0,0,0,0,0,0,0,0,0,1,2,2,2,5,3,2,5,2,1, , , , , , , , , , , , , , , , , ,5,4,3,2,2,3, , , ,0,0,0,0,0,0,0,1, , , , , , , , , , , , , , , , , , , , , , , , , , , , , , 
P1197,1,1,0,0,0,0,0,0,0,0,2,2,2,3,4,2,2,2,1, , , , , , , , , , , , , , , , , ,2,2,3,1,1,3,2,2, ,1,0,0,0,0,0,0,0,1,0,0,0,0,0,0,2,2, , , , , , , , , , , , , , , , , , , , , 
P1198,0,1,1,0,0,1,1,1,0,0,2,1,1,4,4,2,1,2,1, , , , , , , , , , , , , , , , , ,3,3,2,2,1,2, ,2, ,0,0,0,0,1,0,0,0,0,1,0,0,0,0,0,2,2, , , , , , , , , , , , , , , , , , , , , 
P1199,0,0,0,0,1,0,0,0,0,0,2,2,2,3,3,2,5,2,2,0,0,0,0,0,0,0,0,1, , , , , , , , ,3,3,3,1,2,2,2, , ,0,0,0,0,0,0,1,0, , , , , , , , , , , , , , , , , , , , , , , , , , , , , , 
P1200,1,0,0,0,1,0,0,1,0,0,2,5,5,5,2,5,5,2,2,1,0,0,0,0,0,0,1,0,0,0,0,0,0,0,0,1,5,5,2,1,1,2,1,2, ,0,0,0,0,0,1,0,0,0,1,0,0,0,0,0,2,2, , , , , , , , , , , , , , , , , , , , , 
P1201,0,0,0,0,0,0,0,0,0,1,3,5,3,4,3,3,5,5,2,0,0,0,0,0,0,0,0,1, , , , , , , , ,2,2,1,1,1,3,1,1, ,1,0,0,0,0,0,0,0,1,1,0,0,0,0,0,2,2, , , , , , , , , , , , , , , , , , , , , 
P1202,0,0,1,0,0,0,0,0,0,0,2,2,2,2,1,2,2,1,2,0,0,1,0,0,0,0,0,0,0,1,0,0,0,0,0,0,3,2,1,2,3,2, , , ,0,0,1,0,1,0,0,0,0,1,0,0,0,0,0,1,2, , , , , , , , , , , , , , , , , , , , , 
P1203,1,0,0,0,0,0,0,1,0,0,2,2,2,3,2,2,3,2,2,1,0,0,0,0,0,0,0,0,0,1,0,0,0,0,0,0,2,1,1,1,1,2,2,2, ,0,0,0,0,0,0,1,0, , , , , , , , , , , , , , , , , , , , , , , , , , , , , , 
P1204,1,1,1,0,0,1,0,1,0,0,2,2,2,5,4,2,3,2,2,0,1,0,0,0,0,0,0,0,0,0,0,0,1,1,0,0,3,3,2,1,1,3,1,1, ,0,0,0,0,0,1,0,0,0,1,0,0,1,0,0,2,2,0,0,0,0,0,1,0,0,0,0,0,1,0,1,1,2,4,3,3,3,1
P1205,1,1,1,1,1,1,1,1,0,0,1,3,1,2,2,1,2,1,4,1,0,0,0,0,0,0,0,0,0,0,0,0,0,1,0,0,2,2,1,1,2,1,2, ,1,0,1,1,0,0,0,0,0,0,0,0,1,1,0,0,1,2,0,0,0,0,0,0,0,0,0,1,0,0,0,2,1,3,2,1,2,1,1
P1206,0,0,1,0,1,1,0,0,0,0,2,1,1,3,4,1,2,2,2,0,0,0,1,0,0,0,0,0,0,1,0,0,0,1,0,0,3,3,2,1,2,2,2, , ,0,0,0,0,0,0,1,0, , , , , , , , , , , , , , , , , , , , , , , , , , , , , , 
P1207,0,0,0,0,0,0,0,1,0,0,4,4,4,4,4,4,4,4,1, , , , , , , , , , , , , , , , , ,4,5,2,2,1,3, ,2, ,0,0,0,0,0,0,1,0, , , , , , , , , , , , , , , , , , , , , , , , , , , , , , 
P1208,1,1,0,0,0,0,0,1,0,0,2,1,1,4,3,1,4,2,1, , , , , , , , , , , , , , , , , ,4,3,2,2,1,2, ,1, ,0,0,0,0,0,0,1,0, , , , , , , , , , , , , , , , , , , , , , , , , , , , , , 
P1209,1,0,1,0,0,0,1,0,0,0,1,1,1,1,1,1,1,1,5,0,0,1,0,0,1,0,0,0,0,0,0,1,0,0,0,1,2,1,1,1,1,1,1,1,1,1,0,0,0,0,0,0,0,0,0,1,0,0,0,0,2,2, , , , , , , , , , , , , , , , , , , , , 
P1210,1,1,0,1,0,1,0,1,0,0,2,1,2,2,3,2,2,2,3,1,0,0,0,0,0,0,0,0,0,0,0,0,1,0,1,0,3,3,2,2,1,1, ,1,1,0,1,0,0,0,0,0,0,0,0,1,0,0,0,0,2,2,0,0,1,0,0,0,1,0,0,0,0,0,0,2,2,2,1,1,3,3,1
P1211,0,0,0,0,0,0,0,0,0,1,5,5,3,4,4,4,3,5,1, , , , , , , , , , , , , , , , , ,3,5,3,2,2,2, , , ,0,0,0,0,0,0,1,0, , , , , , , , , , , , , , , , , , , , , , , , , , , , , , 
P1212,0,1,0,0,0,0,0,0,0,0,3,2,2,5,3,5,3,2,4,0,0,0,0,0,0,0,1,0,0,0,0,0,0,0,0,1,1,3,3,2,2,2, , , ,0,0,0,0,0,0,1,0, , , , , , , , , , , , , , , , , , , , , , , , , , , , , , 
P1213,0,0,0,0,1,0,0,0,0,0,4,4,1,1,1,1,3,1,1, , , , , , , , , , , , , , , , , ,1,1,1,1,1,1,1,1,1,0,0,0,0,0,0,0,1, , , , , , , , , , , , , , , , , , , , , , , , , , , , , , 
P1214,1,1,1,0,0,1,1,1,0,0,2,2,1,4,4,2,2,2,4,1,0,0,0,0,0,0,0,0,0,0,0,0,0,1,0,0,2,2,1,1,1,1,1,1,3,1,1,1,1,1,0,0,0,0,1,0,0,1,0,0,2,2, , , , , , , , , , , , , , , , , , , , , 
P1215,1,1,1,0,0,0,1,0,0,0,2,1,1,3,4,1,2,2,2,0,0,0,0,0,0,0,1,0,0,0,0,0,0,0,0,1,2,2,1,1,1,2,2,2, ,0,0,0,0,0,0,1,0, , , , , , , , , , , , , , , , , , , , , , , , , , , , , , 
P1216,0,1,0,0,0,0,0,0,0,0,2,2,2,2,3,2,5,2,2,0,0,0,0,0,0,0,0,1, , , , , , , , ,3,3,1,1,2,3,2, , ,0,0,0,0,0,0,1,0, , , , , , , , , , , , , , , , , , , , , , , , , , , , , , 
P1217,1,1,1,1,1,0,0,0,0,0,2,2,2,2,3,2,2,2,2,0,1,0,1,0,0,0,0,0,0,1,1,0,1,0,0,0,1,1,1,1,1,1,2,2,2,0,1,1,0,1,0,0,0,1,1,1,1,0,0,0,2,2,0,0,0,0,0,0,0,1,0,1,0,0,0,2,2,2,1,1,3,3,3
P1218,0,1,1,0,1,1,0,0,0,0,3,3,2,2,3,2,2,5,2,0,0,0,0,0,0,0,0,1, , , , , , , , ,3,5,2,1,2,3,2, , ,0,0,0,0,0,1,0,0,0,1,0,0,0,0,0,1,3, , , , , , , , , , , , , , , , , , , , , 
P1219,0,0,1,0,1,1,1,0,0,0,2,1,1,2,2,1,1,2,3,1,0,0,0,0,0,0,0,0,0,0,0,0,0,0,0,1,2,2,1,1,1,2,2,2, ,0,0,0,0,0,0,1,0, , , , , , , , , , , , , , , , , , , , , , , , , , , , , , 
P1220,0,1,0,0,0,0,0,0,0,0,2,5,2,5,2,2,2,5,6, , , , , , , , , , , , , , , , , ,5,1,2,2,1,2, ,2, ,0,0,0,0,0,0,0,1, , , , , , , , , , , , , , , , , , , , , , , , , , , , , , 
P1221,0,0,0,0,0,0,0,0,0,1,4,4,3,3,3,4,3,2,5,1,0,0,0,0,0,0,0,0,0,0,0,0,1,0,1,0,4,3,2,2,2,1, , ,2,1,0,0,0,0,1,0,0,0,0,0,0,1,0,0,2,2,1,0,0,0,0,1,0,0,0,0,0,0,0,3,2,2,2,3,1,1,3
P1222,0,0,0,0,0,0,0,0,0,1,2,2,2,2,2,2,2,2,1, , , , , , , , , , , , , , , , , ,5,5,3,2,2,2, , , ,0,0,0,0,0,0,1,0, , , , , , , , , , , , , , , , , , , , , , , , , , , , , , 
P1223,1,1,0,0,0,1,0,0,0,0,3,2,2,3,3,2,3,3,2,0,0,0,1,0,0,0,0,0,0,1,1,0,0,0,0,0,3,3,2,1,1,2,2,2, ,0,0,0,0,0,0,1,0, , , , , , , , , , , , , , , , , , , , , , , , , , , , , , 
P1224,1,1,1,1,1,1,1,1,0,0,1,1,1,2,2,1,3,2,5,1,1,1,1,1,1,1,0,0,1,1,1,1,1,1,1,1,2,1,1,1,1,1,2,2,2,0,1,1,1,1,0,0,0,1,1,1,1,1,0,0,2,2,1,0,0,1,1,1,1,1,1,1,1,0,0,1,2,2,4,2,2,3,1
P1225,1,1,0,0,1,0,0,1,0,0,1,1,1,5,1,1,5,1,1, , , , , , , , , , , , , , , , , ,5,5,2,1,1,2,1,1, ,1,0,1,0,0,0,0,0,0,0,0,1,0,0,0,2,2, , , , , , , , , , , , , , , , , , , , , 
P1226,1,1,1,0,0,0,0,0,0,0,2,2,2,5,5,2,5,5,6, , , , , , , , , , , , , , , , , ,3,5,3,2,1,3, ,2, ,0,0,0,0,0,0,1,0, , , , , , , , , , , , , , , , , , , , , , , , , , , , , , 
P1227,0,0,0,0,1,0,0,1,0,0,2,3,3,5,2,2,2,2,4,1,1,0,0,0,0,0,1,0,0,0,0,0,0,1,0,0,3,3,2,1,2,2,2, , ,0,0,0,0,0,1,0,0,0,0,0,0,1,0,0,2,2, , , , , , , , , , , , , , , , , , , , , 
P1228,1,1,1,0,0,1,0,0,0,0,2,2,2,2,4,2,5,3,2,1,0,0,0,0,0,0,0,0,0,0,0,1,0,1,0,0,4,3,2,2,1,2, ,2, ,1,0,0,0,0,0,0,0,1,0,0,0,0,0,0,2,2, , , , , , , , , , , , , , , , , , , , , 
P1229,0,1,0,0,0,0,0,0,0,0,3,1,2,4,4,1,3,2,1, , , , , , , , , , , , , , , , , ,4,4,2,2,2,2, , , ,0,0,0,0,0,0,1,0, , , , , , , , , , , , , , , , , , , , , , , , , , , , , , 
P1230,1,1,0,0,0,0,1,0,0,0,2,2,2,3,3,2,2,1,1, , , , , , , , , , , , , , , , , ,3,3,1,2,1,2, ,2, ,0,0,0,0,0,0,1,0, , , , , , , , , , , , , , , , , , , , , , , , , , , , , , 
P1231,1,1,1,1,1,1,1,1,0,0,1,1,1,1,1,1,1,1,4,1,1,0,0,0,0,0,0,0,0,0,0,0,1,0,0,1,3,3,2,1,1,1,1,1,1,0,1,1,0,0,1,0,0,0,0,1,1,1,0,0,2,2,1,0,0,0,0,1,0,0,0,0,0,0,0,1,1,2,4,3,3,3,1
P1232,0,0,0,1,1,1,0,1,0,0,3,3,3,1,1,3,2,2,3,1,1,0,0,0,0,0,0,0,0,0,0,1,0,1,0,0,1,1,1,1,1,1,1,1,1,0,0,0,0,0,0,1,0, , , , , , , , , ,0,0,0,0,1,0,0,1,0,0,0,0,0,1,1,2,1,3,2,2,4
P1233,0,1,1,0,0,0,0,1,0,0,2,2,2,2,2,2,2,1,3,1,0,0,0,0,0,0,0,0,0,1,0,0,1,1,0,0,1,5,2,1,1,1,5,2,2,1,0,0,0,1,0,0,0,1,0,0,0,0,0,0,2,2,0,0,0,0,0,1,0,0,0,1,1,0,0,2,2,4,4,3,3,3,4
P1234,0,0,0,0,1,1,0,1,0,0,3,2,2,4,2,2,2,2,1, , , , , , , , , , , , , , , , , ,3,3,1,1,2,2,1, , ,0,0,0,0,0,0,1,0, , , , , , , , , , , , , , , , , , , , , , , , , , , , , , 
P1235,0,0,0,0,1,0,0,0,0,0,2,2,2,3,2,2,2,1,1, , , , , , , , , , , , , , , , , ,3,3,2,2,1,2, ,2, ,1,0,0,0,0,0,0,0,1,0,0,0,0,0,0,2,2, , , , , , , , , , , , , , , , , , , , , 
P1236,1,1,1,0,0,0,0,1,0,0,2,2,2,5,3,2,5,1,1, , , , , , , , , , , , , , , , , ,1,1,1,1,1,3,2,2, ,0,0,0,0,0,0,1,0, , , , , , , , , , , , , , , , , , , , , , , , , , , , , , 
P1237,0,1,0,0,1,0,0,0,0,0,3,4,2,3,5,2,5,1,4,0,0,1,0,1,0,0,0,0,0,0,0,0,1,0,0,0,3,1,1,1,1,2,4,2, ,0,1,0,0,0,0,0,0,0,1,0,0,1,0,0,1,2,1,0,0,1,0,0,0,0,0,0,0,0,0,2,3,2,1,1,2,1,2
P1238,1,0,1,0,1,0,0,1,0,0,1,2,2,2,2,2,1,1,2,1,0,0,0,0,0,0,0,0,1,0,1,0,1,0,0,0,1,1,2,1,1,1,1,1,1,0,0,0,1,1,0,0,0,0,0,0,1,1,0,0,2,2,1,0,1,0,0,0,0,1,0,0,0,0,0,1,2,2,1,1,1,1,1
P1239,0,0,0,1,1,0,0,0,0,0,2,2,2,2,2,1,2,1,2,1,0,0,0,0,0,0,0,0,1,0,0,0,1,0,1,0,2,2,1,2,2,1, , ,2,1,0,0,0,0,0,0,0,0,1,0,0,0,0,0,1,1,0,0,0,0,1,0,0,0,0,0,0,0,0,2,2,3,1,2,4,3,3
P1240,0,0,0,0,1,0,0,1,0,0,1,1,1,1,1,1,1,1,2,1,0,0,0,0,0,0,0,0,0,0,0,0,1,0,0,0,1,3,2,1,1,1,1,1,2,0,0,0,1,0,0,0,0,0,1,0,0,0,0,0,2,2,0,0,0,0,0,0,1,0,0,0,0,0,0,1,2,2,1,2,2,2,1
P1241,1,1,1,0,0,0,0,0,0,0,1,1,1,5,3,1,5,2,1, , , , , , , , , , , , , , , , , ,3,3,2,1,1,1,2,2,2,0,0,0,0,0,0,1,0, , , , , , , , , , , , , , , , , , , , , , , , , , , , , , 
P1242,0,1,0,0,0,1,0,1,0,0,3,2,2,4,4,2,3,2,2,1,0,0,0,0,0,0,0,0,0,0,0,0,0,0,1,0,3,3,2,2,1,2, ,2, ,1,1,0,1,1,0,0,0,0,1,0,0,0,0,0,2,2, , , , , , , , , , , , , , , , , , , , , 
P1243,0,1,0,1,0,0,0,0,0,0,2,2,2,2,2,2,2,2,4,1,1,0,0,1,0,0,0,0,0,1,1,0,0,0,0,0,3,1,2,1,1,1,2,2,2,1,0,0,0,0,0,0,0,1,0,1,0,0,0,0,2,2,0,0,1,0,1,0,0,0,0,1,0,0,0,2,2,2,3,3,3,3,3
P1244,0,0,0,0,0,1,0,1,0,0,2,2,2,2,3,1,1,2,2,1,1,0,1,0,0,0,0,0,0,0,0,1,0,0,1,0,2,2,1,2,1,2, ,2, ,0,0,0,0,0,1,0,0,1,0,0,0,0,0,0,2,2, , , , , , , , , , , , , , , , , , , , , 
P1245,1,1,0,0,0,1,1,0,0,0,4,1,1,1,3,1,2,3,3,1,0,0,0,0,0,0,0,0,1,0,0,0,0,0,0,0,3,3,2,1,1,2,2,2, ,0,0,0,0,0,0,1,0, , , , , , , , , , , , , , , , , , , , , , , , , , , , , , 
P1246,0,1,0,0,0,0,0,0,0,0,3,1,2,3,4,1,4,3,2,1,0,0,0,0,0,0,0,0,1,0,1,0,0,0,0,0,4,4,1,3,2,2, , , ,1,0,0,0,0,1,0,0,0,1,0,0,0,0,0,2,2, , , , , , , , , , , , , , , , , , , , , 
P1247,0,0,1,1,1,0,1,0,0,0,2,3,4,3,2,2,2,3,2,1,1,0,0,0,0,0,0,0,0,0,0,0,0,0,1,0,5,5,3,3,3,3, , , ,0,0,1,0,0,0,0,0,0,1,0,0,0,0,0,3,3,0,0,1,0,0,1,0,1,0,0,0,0,0,2,2,3,5,4,4,4,4
P1248,0,0,0,0,0,0,0,0,0,1,2,2,3,2,2,2,3,2,1, , , , , , , , , , , , , , , , , ,3,3,2,2,2,2, , , ,0,0,0,0,0,0,0,1, , , , , , , , , , , , , , , , , , , , , , , , , , , , , , 
P1249,1,0,0,0,0,0,0,0,0,0,3,3,2,2,2,3,3,2,2,1,0,0,1,0,0,0,0,0,0,0,0,0,1,0,0,0,1,1,1,3,2,1, , ,5,0,0,0,0,0,0,0,1, , , , , , , , , ,0,1,0,0,0,0,0,0,0,0,0,0,0,2,2,1,4,4,4,4,4
P1250,1,0,0,1,1,0,0,0,0,0,1,2,2,1,2,2,3,2,4,1,0,0,0,0,0,0,0,0,0,1,1,0,1,0,1,0,3,2,1,1,1,2,2,2, ,0,1,0,0,1,1,0,0,1,1,1,1,0,0,0,2,2,0,0,0,0,0,0,1,1,0,0,1,0,0,1,1,2,2,2,1,1,1
P1251,1,1,0,0,1,1,0,1,0,0,1,2,2,2,2,2,2,2,3,1,1,0,1,1,1,0,0,0,0,1,0,1,1,1,0,1,1,2,1,1,1,1,1,1,2,0,0,1,1,1,1,0,0,1,1,0,1,1,0,0,2,2,1,0,1,1,1,1,0,0,0,1,0,0,0,2,2,2,3,3,1,3,3
P1252,0,0,0,0,0,0,0,0,0,1,5,5,5,5,4,5,5,5,1, , , , , , , , , , , , , , , , , ,3,4,2,2,2,2, , , ,0,0,0,0,0,0,1,0, , , , , , , , , , , , , , , , , , , , , , , , , , , , , , 
P1253,0,0,0,0,0,1,0,0,0,0,4,2,2,4,4,2,4,2,1, , , , , , , , , , , , , , , , , ,3,3,1,2,2,2, , , ,0,0,0,0,0,0,1,0, , , , , , , , , , , , , , , , , , , , , , , , , , , , , , 
P1254,1,1,0,1,1,1,0,1,0,0,1,2,2,1,1,2,1,1,2,1,1,0,1,0,0,1,0,0,0,0,1,1,1,0,0,1,3,4,3,1,1,3,2,2, ,0,0,0,0,0,0,1,0, , , , , , , , , ,0,0,1,1,0,0,0,0,1,1,0,0,0,1,1,2,4,3,3,3,1
P1255,0,1,0,0,1,0,1,0,0,0,4,4,4,4,2,4,2,2,1, , , , , , , , , , , , , , , , , ,3,4,2,1,2,2,2, , ,0,0,0,0,0,0,1,0, , , , , , , , , , , , , , , , , , , , , , , , , , , , , , 
P1256,0,0,1,0,0,0,0,0,0,0,4,2,2,3,4,2,2,3,6, , , , , , , , , , , , , , , , , ,4,5,1,2,2,3, , , ,0,0,0,0,0,0,1,0, , , , , , , , , , , , , , , , , , , , , , , , , , , , , , 
P1257,0,0,0,0,1,0,0,0,0,0,4,4,4,4,2,4,2,5,3,0,0,0,0,0,0,0,0,1, , , , , , , , ,5,5,1,1,2,2,2, , ,0,0,0,0,0,1,0,0,0,1,0,0,0,0,0,2,2, , , , , , , , , , , , , , , , , , , , , 
P1258,0,1,0,0,1,1,0,0,0,0,3,3,2,4,2,2,3,2,2,1,0,0,0,0,0,0,0,0,0,0,0,1,0,0,0,0,3,2,1,1,2,2,1, , ,1,1,1,1,1,0,0,0,1,1,0,0,1,0,0,2,2, , , , , , , , , , , , , , , , , , , , , 
P1259,0,1,0,0,0,0,0,0,0,0,3,2,2,3,3,2,3,3,6, , , , , , , , , , , , , , , , , ,3,5,1,1,2,1,2, ,2,0,1,0,0,0,0,0,0,0,0,0,1,0,0,0,2,2, , , , , , , , , , , , , , , , , , , , , 
P1260,1,1,1,0,1,0,0,0,0,0,2,2,1,1,1,3,1,1,5,1,1,0,0,0,0,1,0,0,1,1,0,0,1,0,1,0,1,3,1,1,1,2,1,3, ,0,0,1,0,0,1,0,0,1,1,1,0,0,0,0,2,2,1,1,1,0,0,1,0,0,0,0,0,0,0,1,2,1,1,3,3,1,1
P1261,0,0,0,0,1,0,0,0,0,0,5,2,2,3,3,2,3,2,1, , , , , , , , , , , , , , , , , ,5,5,1,1,2,2,2, , ,0,0,0,0,0,0,1,0, , , , , , , , , , , , , , , , , , , , , , , , , , , , , , 
P1262,0,0,0,0,1,1,0,1,0,0,2,4,2,4,3,2,3,3,2,1,0,0,0,0,0,0,0,0,0,0,0,1,1,0,0,0,2,2,1,1,1,2,1,1, ,1,1,1,0,0,0,0,0,0,1,0,0,0,0,0,2,2,1,0,0,0,0,0,0,0,0,0,1,0,0,2,2,2,3,3,3,3,1
P1263,1,1,1,0,0,1,0,0,0,0,2,3,3,5,3,3,2,3,1, , , , , , , , , , , , , , , , , ,3,3,3,1,1,2,2,2, ,1,0,0,0,0,0,0,0,0,1,0,0,0,0,0,2,2, , , , , , , , , , , , , , , , , , , , , 
P1264,0,1,0,0,0,0,0,0,0,0,2,1,1,3,4,2,4,3,6, , , , , , , , , , , , , , , , , ,3,3,2,2,2,2, , , ,0,0,0,0,0,0,1,0, , , , , , , , , , , , , , , , , , , , , , , , , , , , , , 
P1265,1,1,0,0,1,1,0,1,0,0,3,2,2,3,3,2,3,3,2,0,1,0,0,0,0,0,0,0,1,0,0,0,1,0,0,0,3,3,2,1,1,2,2,2, ,1,0,0,0,1,0,0,0,0,1,0,0,0,0,0,2,2,0,0,1,1,1,0,0,0,0,0,0,0,0,2,2,2,4,3,3,3,3
P1266,0,1,0,0,0,0,0,1,0,0,4,4,3,3,3,4,4,2,2,1,0,0,0,0,0,0,0,0,0,1,0,0,1,0,0,0,2,2,1,2,2,2, , , ,1,0,0,0,0,0,0,0,1,0,0,0,0,0,0,2,2,0,0,0,0,1,0,1,1,1,0,0,0,0,2,2,2,4,3,3,3,3
P1267,0,0,0,0,1,0,0,0,0,0,4,4,2,5,2,4,2,4,2,1,0,0,0,0,0,0,0,0,0,0,0,0,0,0,1,0,3,3,1,1,1,2,2,2, ,1,0,1,0,0,0,0,0,0,0,0,1,0,0,0,2,2, , , , , , , , , , , , , , , , , , , , , 
P1268,0,1,0,0,1,1,0,0,0,0,2,1,2,2,2,1,3,1,2,0,0,0,0,0,0,0,1,0,0,0,0,0,0,0,1,0,5,5,1,1,2,2,2, , ,0,0,0,0,0,0,1,0, , , , , , , , , , , , , , , , , , , , , , , , , , , , , , 
P1269,1,1,1,0,1,0,0,0,0,0,3,2,2,4,3,2,5,2,3,1,0,0,1,0,0,0,0,0,1,0,0,0,0,0,0,1,3,3,1,3,1,2, ,2, ,0,0,0,0,0,1,0,0,0,1,0,0,1,0,0,1,2, , , , , , , , , , , , , , , , , , , , , 
P1270,0,1,0,0,0,0,0,1,0,0,3,2,2,4,3,2,4,2,2,1,0,0,0,0,0,0,0,0,0,0,0,0,0,0,1,0,5,5,1,1,1,2,2,2, ,0,0,0,0,0,0,1,0, , , , , , , , , , , , , , , , , , , , , , , , , , , , , , 
P1271,1,1,0,1,1,0,1,1,0,0,2,3,4,2,3,1,3,2,3,1,0,0,0,0,0,0,0,0,0,0,0,0,0,1,1,1,1,2,1,2,1,2, ,2, ,1,0,0,0,1,1,0,0,0,0,0,1,1,0,0,2,2,1,0,1,0,1,0,1,0,0,1,0,0,0,2,1,1,1,2,1,1,1
P1272,0,0,0,0,1,0,0,1,0,0,4,4,4,4,1,4,2,2,2,1,0,0,0,0,0,0,0,0,0,0,0,1,0,1,0,0,3,4,2,1,2,2,1, , ,0,1,0,0,0,0,0,0,0,0,0,1,0,0,0,2,2, , , , , , , , , , , , , , , , , , , , , 
P1273,0,1,0,0,1,0,0,1,0,0,4,4,4,4,4,4,3,4,2,0,0,0,0,0,0,0,0,1, , , , , , , , ,3,3,2,2,1,2, ,2, ,1,0,0,1,0,0,0,0,1,0,0,0,0,0,0,1,3, , , , , , , , , , , , , , , , , , , , , 
P1274,0,1,1,0,0,0,0,0,0,0,3,2,2,3,4,2,3,3,1, , , , , , , , , , , , , , , , , ,4,4,2,2,2,2, , , ,0,0,0,0,0,0,1,0, , , , , , , , , , , , , , , , , , , , , , , , , , , , , , 
P1275,0,0,0,0,1,0,0,0,0,0,2,2,2,2,2,1,2,3,3,1,0,0,1,0,0,0,0,0,0,1,1,1,0,0,0,0,2,3,1,1,2,1,2, ,4,1,0,0,0,0,0,0,0,0,0,1,0,0,0,0,2,1, , , , , , , , , , , , , , , , , , , , , 
P1276,1,1,0,1,1,0,1,1,0,0,1,1,1,1,1,1,1,1,5,1,1,0,1,1,0,0,0,0,1,1,1,1,1,1,1,1,2,1,1,1,1,1,1,1,1,1,1,1,1,1,0,0,0,1,0,1,1,1,0,0,2,2,1,0,0,1,1,1,1,1,1,1,1,0,0,1,1,2,1,1,1,2,1
P1277,0,1,1,0,0,1,0,0,0,0,2,1,1,3,3,1,5,2,2,0,0,0,1,0,0,0,0,0,0,1,0,0,0,0,0,1,4,3,2,2,2,2, , , ,0,0,0,0,0,0,1,0, , , , , , , , , , , , , , , , , , , , , , , , , , , , , , 
P1278,0,1,0,0,1,1,0,0,0,0,3,2,2,3,3,2,2,3,2,1,0,0,0,0,0,0,0,0,0,0,0,0,0,1,0,0,3,2,1,1,2,2,2, , ,1,0,1,0,1,0,0,0,1,0,0,0,0,0,0,2,2, , , , , , , , , , , , , , , , , , , , , 
P1279,0,0,0,0,1,0,0,0,0,0,4,2,2,4,2,3,4,2,1, , , , , , , , , , , , , , , , , ,3,4,3,1,2,2,2, , ,1,1,1,0,1,0,0,0,0,1,0,0,0,0,0,2,2, , , , , , , , , , , , , , , , , , , , , 
P1280,0,0,0,0,1,0,0,0,0,0,2,2,2,3,2,3,2,2,3,1,1,0,0,0,0,0,0,0,1,0,0,0,0,0,0,1,2,2,2,2,2,2, , , ,0,0,0,0,1,0,0,0,0,0,0,1,0,0,0,2,2, , , , , , , , , , , , , , , , , , , , , 
P1281,1,0,0,0,0,0,0,0,0,0,1,2,1,2,3,2,3,2,3,1,0,0,0,0,0,0,0,0,0,1,0,0,0,0,0,0,3,3,2,2,1,2, ,2, ,0,0,0,0,0,0,1,0, , , , , , , , , , , , , , , , , , , , , , , , , , , , , , 
P1282,1,1,1,0,0,1,0,0,0,0,2,2,2,5,4,2,5,2,6, , , , , , , , , , , , , , , , , ,3,3,2,1,1,2,2,2, ,0,0,0,0,0,0,1,0, , , , , , , , , , , , , , , , , , , , , , , , , , , , , , 
P1283,0,0,0,0,1,1,0,0,0,0,2,2,2,2,3,2,2,1,2,1,0,0,0,0,0,0,0,0,0,0,0,1,0,0,0,0,3,3,3,2,2,2, , , ,0,0,0,0,0,1,0,0,0,1,0,0,0,0,0,2,2, , , , , , , , , , , , , , , , , , , , , 
P1284,0,1,1,1,0,0,0,0,0,0,3,3,2,4,4,2,2,2,4,0,0,0,0,0,0,0,0,1, , , , , , , , ,2,2,2,2,2,2, , , ,0,0,0,0,0,0,1,0, , , , , , , , , ,0,0,0,0,1,0,0,0,0,0,0,0,0,3,5,4,4,3,2,3,1
P1285,0,1,0,0,1,1,0,1,0,0,2,2,3,3,2,2,3,2,2,1,0,0,0,0,0,0,0,0,1,0,0,0,0,0,0,0,3,3,1,1,1,2,3,3, ,1,1,0,0,0,0,0,0,0,1,0,0,0,0,0,2,2, , , , , , , , , , , , , , , , , , , , , 
P1286,0,1,0,0,0,1,0,1,0,0,2,1,1,2,3,1,2,1,2,0,1,0,0,0,0,0,0,0,0,0,0,0,1,0,0,0,3,3,2,2,2,3, , , ,1,0,0,0,0,0,0,0,0,1,0,0,0,0,0,2,2,1,0,0,0,0,0,0,0,0,0,0,0,0,2,2,2,4,3,3,3,2
P1287,0,0,1,0,0,0,0,0,1,0,4,3,2,2,4,3,5,2,6, , , , , , , , , , , , , , , , , ,5,4,3,2,2,2, , , ,0,0,0,0,0,1,0,0,0,1,0,0,0,0,0,2,3, , , , , , , , , , , , , , , , , , , , , 
P1288,0,1,0,0,0,0,0,0,0,0,2,2,2,5,5,2,5,2,1, , , , , , , , , , , , , , , , , ,3,4,2,2,2,2, , , ,0,0,0,0,0,0,1,0, , , , , , , , , , , , , , , , , , , , , , , , , , , , , , 
P1289,1,1,0,1,1,1,0,0,0,0,2,3,2,2,3,2,3,2,5,1,0,0,0,0,0,0,0,0,0,0,0,1,0,1,0,0,2,2,2,2,2,2, , , ,1,0,0,0,0,0,0,0,1,0,0,0,0,0,0,2,2,0,0,0,0,0,0,0,0,0,1,0,0,0,2,2,2,4,3,3,3,1
P1290,1,1,0,0,1,1,1,0,0,0,1,2,2,1,2,1,1,1,2,1,1,0,0,0,0,0,0,0,1,1,0,1,0,1,0,0,3,3,1,1,1,2,2,1, ,0,0,1,0,0,0,0,0,1,0,0,0,0,0,0,2,2, , , , , , , , , , , , , , , , , , , , , 
P1291,1,1,0,0,0,1,1,1,0,0,2,2,2,3,3,2,2,2,2,1,0,0,0,0,0,0,0,0,0,0,0,1,0,0,1,0,3,3,2,2,1,3, ,2, ,0,0,0,0,0,1,0,0,0,0,0,0,1,0,0,2,2, , , , , , , , , , , , , , , , , , , , , 
P1292,0,0,0,0,1,0,0,0,0,0,2,3,2,1,1,1,3,2,3,0,0,0,1,0,0,0,0,0,0,0,0,0,0,0,1,0,1,1,1,1,2,1,1, ,1,1,0,0,0,0,0,0,0,0,1,0,0,0,0,0,2,2, , , , , , , , , , , , , , , , , , , , , 
P1293,0,1,0,0,0,0,0,1,0,0,2,1,2,4,4,2,4,2,1, , , , , , , , , , , , , , , , , ,4,4,2,2,2,3, , , ,0,0,0,0,0,1,0,0,0,1,0,0,0,0,0,2,2, , , , , , , , , , , , , , , , , , , , , 
P1294,0,1,1,0,1,0,0,0,0,0,4,1,1,5,2,1,5,1,3,0,0,0,0,0,0,0,0,1, , , , , , , , ,3,3,2,1,2,2,2, , ,0,0,0,0,0,0,1,0, , , , , , , , , , , , , , , , , , , , , , , , , , , , , , 
P1295,0,1,0,0,0,1,0,0,0,0,2,2,2,4,4,2,4,3,2,0,0,0,0,0,0,1,0,0,0,0,0,0,0,0,0,1,3,3,3,2,1,2, ,2, ,0,0,0,0,0,0,1,0, , , , , , , , , , , , , , , , , , , , , , , , , , , , , , 
P1296,1,1,1,1,1,1,0,1,0,0,2,2,2,2,2,2,2,2,3,0,1,0,0,0,0,0,0,0,0,0,0,1,0,0,0,0,3,3,2,1,1,1,2,2,2,0,0,1,0,0,0,0,0,0,0,0,1,0,0,0,2,2,0,1,0,0,0,0,0,0,0,0,0,0,0,2,2,2,4,1,1,1,1
P1297,0,1,0,0,0,0,0,0,0,0,2,2,5,4,4,5,4,3,1, , , , , , , , , , , , , , , , , ,4,5,3,2,1,3, ,2, ,0,0,0,0,0,0,1,0, , , , , , , , , , , , , , , , , , , , , , , , , , , , , , 
P1298,0,0,0,0,0,0,0,0,0,1,3,3,3,3,3,3,3,3,6, , , , , , , , , , , , , , , , , ,5,5,3,2,2,2, , , ,0,0,0,0,0,0,0,1, , , , , , , , , , , , , , , , , , , , , , , , , , , , , , 
P1299,0,0,0,0,0,0,0,1,0,0,2,2,3,4,3,2,3,2,3,1,0,0,0,0,0,0,0,0,1,0,1,0,0,0,0,0,4,3,1,1,1,2,2,2, ,0,0,0,0,0,0,1,0, , , , , , , , , , , , , , , , , , , , , , , , , , , , , , 
P1300,1,0,1,0,0,1,1,1,0,0,2,2,2,4,3,2,2,2,1, , , , , , , , , , , , , , , , , ,5,5,2,2,1,2, ,2, ,1,1,1,0,0,0,0,0,0,0,0,0,1,0,0,2,2, , , , , , , , , , , , , , , , , , , , , 
P1301,1,1,0,0,0,0,0,1,0,0,3,2,2,5,3,2,2,2,4,1,0,0,0,0,0,0,0,0,0,0,1,0,1,0,0,0,2,2,1,1,1,1,1,1,1,1,0,1,0,1,0,0,0,0,1,0,0,0,0,0,2,2,0,1,0,1,0,0,0,0,0,0,0,0,0,1,1,2,3,2,2,2,2
P1302,1,1,1,0,1,1,0,0,0,0,1,1,2,2,2,1,2,2,4,1,0,0,1,0,0,0,0,0,0,0,0,1,1,0,1,0,1,3,1,1,1,1,1,1,1,1,0,1,1,1,0,0,0,0,0,1,1,0,0,0,2,2,1,0,0,0,1,0,1,0,1,0,0,0,0,1,3,2,4,3,3,3,3
P1303,1,0,0,0,1,0,0,1,0,0,3,4,4,5,3,3,3,4,3,0,1,0,0,0,1,1,0,0,1,0,0,0,0,0,1,0,2,2,1,1,1,1,2,2,2,0,0,1,1,0,1,0,0,0,0,1,1,0,0,0,1,1, , , , , , , , , , , , , , , , , , , , , 
P1304,0,0,0,0,0,1,1,0,0,0,3,2,2,4,4,2,2,2,2,1,0,0,0,0,0,0,0,0,0,0,0,0,0,0,1,0,3,3,2,1,2,2,1, , ,0,0,0,0,1,0,0,0,0,1,0,0,0,0,0,2,2, , , , , , , , , , , , , , , , , , , , , 
P1305,1,0,1,0,0,1,0,1,0,0,3,2,2,4,4,2,3,2,2,1,0,0,0,0,0,0,0,0,0,0,0,1,0,0,0,0,5,2,3,1,1,3,3,1, ,0,1,0,0,0,0,0,0,0,0,0,0,1,0,0,2,3, , , , , , , , , , , , , , , , , , , , , 
P1306,1,0,0,0,0,0,0,0,0,0,2,2,1,3,4,2,3,2,2,1,0,0,0,0,0,0,0,0,0,0,0,0,0,0,0,1,4,4,2,2,1,3, ,3, ,0,0,0,0,0,0,1,0, , , , , , , , , , , , , , , , , , , , , , , , , , , , , , 
P1307,0,1,0,0,0,0,0,0,0,0,5,5,5,5,5,5,5,5,6, , , , , , , , , , , , , , , , , ,5,4,3,2,2,2, , , ,0,0,0,0,0,0,1,0, , , , , , , , , , , , , , , , , , , , , , , , , , , , , , 
P1308,0,1,0,0,0,1,0,0,0,0,3,1,3,4,4,1,2,2,2,0,0,0,0,0,0,0,0,1, , , , , , , , ,2,2,2,2,1,2, ,2, ,0,0,0,0,0,0,1,0, , , , , , , , , , , , , , , , , , , , , , , , , , , , , , 
P1309,0,0,0,0,0,0,0,0,1,0,2,2,5,3,2,2,2,3,2,1,0,0,0,0,0,0,0,0,0,0,0,0,0,0,1,0,3,4,1,1,2,2,2, , ,0,0,0,0,0,1,0,0,1,0,0,1,0,0,0,2,2, , , , , , , , , , , , , , , , , , , , , 
P1310,0,0,0,0,1,1,0,0,0,0,5,5,5,5,5,5,5,5,2,0,0,0,0,0,0,0,0,1, , , , , , , , ,5,5,3,3,3,3, , , ,0,0,0,0,0,0,0,1, , , , , , , , , , , , , , , , , , , , , , , , , , , , , , 
P1311,0,1,0,0,0,0,0,0,0,0,2,1,2,2,2,3,2,1,1, , , , , , , , , , , , , , , , , ,3,3,2,1,1,2,2,2, ,0,0,0,0,0,0,1,0, , , , , , , , , , , , , , , , , , , , , , , , , , , , , , 
P1312,0,1,0,0,1,1,1,1,0,0,2,2,2,4,3,2,2,2,1, , , , , , , , , , , , , , , , , ,2,2,2,1,2,2,2, , ,0,0,0,0,0,1,0,0,1,1,0,0,0,0,0,2,2, , , , , , , , , , , , , , , , , , , , , 
P1313,1,1,1,0,0,0,0,1,0,0,2,2,2,4,4,2,2,2,2,1,0,0,0,0,0,0,0,0,0,0,0,1,0,0,0,0,4,3,2,2,1,2, ,2, ,0,0,0,0,0,0,1,0, , , , , , , , , , , , , , , , , , , , , , , , , , , , , , 
P1314,0,1,1,0,0,0,1,0,0,0,2,1,1,4,4,2,2,3,1, , , , , , , , , , , , , , , , , ,4,4,3,2,2,3, , , ,0,0,1,0,0,0,0,0,1,0,0,0,0,0,0,2,2, , , , , , , , , , , , , , , , , , , , , 
P1315,1,1,0,0,1,0,0,0,0,0,2,3,2,3,3,5,3,3,2,0,0,0,0,0,0,0,0,1, , , , , , , , ,3,3,1,1,1,3,2,2, ,0,0,0,0,0,0,1,0, , , , , , , , , , , , , , , , , , , , , , , , , , , , , , 
P1316,0,0,0,0,1,0,0,1,0,0,2,2,2,2,2,2,2,2,2,0,0,0,0,0,0,1,0,0,0,0,1,0,0,0,0,1,5,5,2,2,2,2, , , ,0,0,0,0,0,0,1,0, , , , , , , , , , , , , , , , , , , , , , , , , , , , , , 
P1317,1,0,0,0,1,0,0,0,0,0,1,2,1,3,1,2,1,3,4,1,0,0,0,0,0,0,0,0,0,0,0,0,1,0,0,0,1,1,1,1,1,1,2,2,2,0,0,0,1,0,0,0,0,0,0,0,1,0,0,0,2,2,0,1,1,0,0,0,0,0,0,0,0,0,0,1,1,1,3,2,2,2,2
P1318,0,0,0,0,1,0,0,0,0,0,5,3,2,4,1,2,3,2,3,1,0,0,0,0,0,0,0,0,0,1,0,0,0,1,0,0,3,3,1,1,2,2,2, , ,0,1,0,1,0,0,0,0,0,0,0,1,0,0,0,2,2, , , , , , , , , , , , , , , , , , , , , 
P1319,0,1,0,0,0,0,0,0,0,0,2,2,2,5,5,2,5,2,1, , , , , , , , , , , , , , , , , ,5,5,3,2,2,2, , , ,0,0,0,0,0,0,1,0, , , , , , , , , , , , , , , , , , , , , , , , , , , , , , 
P1320,0,0,1,0,0,0,0,0,0,0,4,4,4,4,4,4,4,4,1, , , , , , , , , , , , , , , , , ,4,4,2,2,2,2, , , ,0,0,0,0,0,0,1,0, , , , , , , , , , , , , , , , , , , , , , , , , , , , , , 
P1321,1,1,1,0,0,0,0,0,0,0,1,1,1,3,4,1,5,5,1, , , , , , , , , , , , , , , , , ,4,4,2,2,1,2, ,2, ,0,0,0,0,0,0,1,0, , , , , , , , , , , , , , , , , , , , , , , , , , , , , , 
P1322,0,0,0,0,0,0,0,0,0,1,3,4,3,4,3,3,3,3,2,0,0,0,0,0,0,0,0,1, , , , , , , , ,5,5,3,2,2,3, , , ,0,0,0,0,0,0,1,0, , , , , , , , , , , , , , , , , , , , , , , , , , , , , , 
P1323,0,0,0,0,0,0,0,0,0,1,4,2,4,4,3,4,4,4,6, , , , , , , , , , , , , , , , , ,4,4,3,2,2,3, , , ,0,0,0,0,0,0,1,0, , , , , , , , , , , , , , , , , , , , , , , , , , , , , , 
P1324,1,1,0,1,1,0,0,1,0,0,1,1,1,1,2,1,1,1,4,0,1,0,0,0,0,0,0,0,1,0,0,0,0,0,1,0,2,2,1,1,1,1,2,1,1,0,1,1,1,0,0,0,0,0,1,0,1,1,0,0,2,2,1,0,1,0,0,0,0,0,0,1,1,0,0,1,2,1,2,3,1,2,1
P1325,0,1,0,0,1,0,1,1,0,0,2,2,2,2,2,2,2,2,1, , , , , , , , , , , , , , , , , ,5,5,2,1,1,1,2,2,2,0,0,0,0,1,0,0,0,1,0,0,1,0,0,0,2,2, , , , , , , , , , , , , , , , , , , , , 
P1326,1,0,0,0,1,1,0,0,0,0,4,2,2,4,4,3,3,3,1, , , , , , , , , , , , , , , , , ,2,2,1,1,1,1,1,1,2,0,0,0,0,1,0,0,0,1,0,0,0,1,0,0,2,1, , , , , , , , , , , , , , , , , , , , , 
P1327,0,0,0,0,0,0,0,0,0,1,3,2,3,3,3,2,3,2,1, , , , , , , , , , , , , , , , , ,5,5,3,2,1,2, ,2, ,0,0,0,0,0,0,1,0, , , , , , , , , , , , , , , , , , , , , , , , , , , , , , 
P1328,0,0,1,0,0,1,0,0,0,0,2,3,2,3,4,2,2,3,1, , , , , , , , , , , , , , , , , ,4,2,3,2,1,3, ,2, ,0,0,0,0,0,0,1,0, , , , , , , , , , , , , , , , , , , , , , , , , , , , , , 
P1329,0,0,1,0,0,0,0,0,0,0,2,2,2,3,2,2,2,2,2,1,0,0,0,0,0,0,0,0,0,0,0,0,0,0,0,1,2,2,2,2,2,2, , , ,0,0,0,0,0,0,0,1, , , , , , , , , , , , , , , , , , , , , , , , , , , , , , 
P1330,0,0,1,0,0,0,0,0,0,0,4,4,2,5,5,5,5,5,1, , , , , , , , , , , , , , , , , ,5,3,2,2,2,2, , , ,0,0,0,0,0,0,1,0, , , , , , , , , , , , , , , , , , , , , , , , , , , , , , 
P1331,0,0,1,0,0,0,1,0,0,0,1,1,1,1,1,1,1,1,6, , , , , , , , , , , , , , , , , ,5,5,3,1,1,2,2,2, ,0,0,0,0,0,0,0,1, , , , , , , , , , , , , , , , , , , , , , , , , , , , , , 
P1332,1,1,1,0,0,0,1,0,0,0,2,2,2,2,2,2,2,2,2,1,0,0,1,0,0,0,0,0,0,0,0,0,0,0,0,1,3,2,1,2,1,3, ,2, ,0,0,0,0,0,0,1,0, , , , , , , , , , , , , , , , , , , , , , , , , , , , , , 
P1333,0,0,0,1,0,0,0,0,0,0,2,5,1,3,4,4,2,3,4,1,0,0,0,0,0,0,0,0,1,0,0,0,0,1,1,0,3,3,3,1,2,3,2, , ,1,1,1,0,0,0,0,0,1,0,1,0,1,0,0,3,2,0,0,0,1,1,0,1,1,0,0,1,0,0,2,2,3,1,2,3,1,2
P1334,1,0,0,0,1,0,1,1,0,0,2,1,2,2,1,1,3,2,2,1,1,0,0,0,0,0,0,0,0,0,0,1,1,1,0,0,2,2,1,1,1,1,2,2,3,1,1,0,0,1,0,0,0,1,1,1,1,1,0,0,2,2,1,0,0,1,1,0,1,1,0,0,0,0,0,2,1,2,1,1,1,2,3
P1335,1,1,0,0,1,1,0,1,0,0,3,3,3,4,2,3,3,2,1, , , , , , , , , , , , , , , , , ,3,3,2,1,1,2,1,1, ,1,0,0,0,0,1,0,0,0,1,0,0,0,0,0,2,2, , , , , , , , , , , , , , , , , , , , , 
P1336,0,1,0,0,0,0,0,0,0,0,2,2,2,4,4,2,4,3,1, , , , , , , , , , , , , , , , , ,4,4,2,2,1,2, ,2, ,0,0,0,0,0,0,1,0, , , , , , , , , , , , , , , , , , , , , , , , , , , , , , 
P1337,0,1,0,0,0,1,0,0,0,0,2,2,2,3,3,2,2,2,1, , , , , , , , , , , , , , , , , ,3,3,2,2,1,2, ,1, ,0,0,0,0,0,0,1,0, , , , , , , , , , , , , , , , , , , , , , , , , , , , , , 
P1338,1,1,1,1,1,1,1,1,0,0,1,1,1,1,1,1,1,1,5,1,0,0,1,1,1,1,0,0,0,1,1,1,1,1,0,0,1,1,1,1,1,1,1,1,1,1,1,1,1,1,0,0,0,1,1,1,1,1,0,0,2,2,1,0,1,0,1,1,1,1,0,1,1,0,0,1,1,2,3,1,1,1,1
P1339,0,1,0,0,0,0,0,0,0,0,2,2,2,3,2,2,3,2,2,1,0,0,0,0,0,0,0,0,0,0,0,0,0,0,1,0,3,3,2,1,1,2,1,1, ,1,0,0,0,0,0,0,0,0,1,0,0,0,0,0,2,2, , , , , , , , , , , , , , , , , , , , , 
P1340,1,0,0,0,1,1,0,1,0,0,4,3,3,4,2,3,4,2,1, , , , , , , , , , , , , , , , , ,3,3,2,1,1,2,2,2, ,1,0,0,0,0,0,0,0,1,1,0,0,1,0,0,2,2, , , , , , , , , , , , , , , , , , , , , 
P1341,0,1,1,0,0,0,0,0,0,0,3,3,2,5,4,3,4,4,1, , , , , , , , , , , , , , , , , ,4,4,2,2,2,2, , , ,0,0,0,0,0,0,1,0, , , , , , , , , , , , , , , , , , , , , , , , , , , , , , 
P1342,0,0,0,0,0,1,0,0,0,0,3,2,2,3,4,2,2,2,4,1,0,0,0,0,0,0,0,0,0,1,0,0,0,0,0,0,4,5,2,2,2,2, , , ,0,0,0,0,0,0,1,0, , , , , , , , , , , , , , , , , , , , , , , , , , , , , , 
P1343,0,0,0,0,0,0,0,0,0,1,3,2,2,3,2,2,5,2,6, , , , , , , , , , , , , , , , , ,1,1,1,1,2,2,1, , ,0,0,0,0,0,0,1,0, , , , , , , , , , , , , , , , , , , , , , , , , , , , , , 
P1344,1,1,0,1,1,1,1,1,0,0,1,1,1,1,1,2,1,1,2,1,0,0,1,0,0,0,0,0,0,0,1,1,0,0,0,1,1,1,1,1,1,1,5,1,1,0,0,0,1,0,0,0,0,0,1,0,0,0,0,0,2,2,0,1,1,0,0,0,0,0,0,0,1,0,0,2,2,3,3,1,1,2,1
P1345,1,1,1,0,1,1,1,1,0,0,1,2,2,2,2,2,2,2,5,1,1,0,0,0,0,0,0,0,0,1,0,0,1,0,0,0,3,3,1,1,1,1,2,2,2,1,1,1,0,0,0,0,0,0,1,0,0,1,0,0,2,2,0,0,0,0,1,1,1,0,0,0,0,0,0,1,1,2,4,3,3,3,3
P1346,0,1,1,0,0,0,0,0,0,0,2,2,2,5,4,2,2,2,6, , , , , , , , , , , , , , , , , ,3,3,2,2,2,2, , , ,0,0,0,0,0,0,1,0, , , , , , , , , , , , , , , , , , , , , , , , , , , , , , 
P1347,0,1,0,0,1,0,0,1,0,0,2,2,2,2,2,2,2,2,2,1,0,0,0,0,0,0,0,0,0,0,0,0,0,0,1,0,3,3,1,1,1,1,1,1,1,1,1,0,0,0,0,0,0,0,0,0,0,1,0,0,2,2, , , , , , , , , , , , , , , , , , , , , 
P1348,1,1,1,0,1,1,0,1,0,0,3,2,3,5,3,2,5,2,2,1,0,0,1,0,0,0,0,0,0,0,0,1,1,1,1,0,1,1,1,1,1,1,1,1,1,0,0,0,0,0,1,0,0,1,1,0,1,1,0,0,2,2,0,0,0,0,1,0,0,1,0,1,0,0,0,2,2,2,3,3,3,2,1
P1349,1,0,1,0,1,0,1,1,0,0,3,1,1,2,2,2,1,2,2,1,0,0,0,0,0,1,0,0,0,0,0,0,1,0,1,1,2,1,2,1,2,1,1, ,2,0,1,1,0,0,0,0,0,1,1,1,1,0,0,0,2,2,1,1,1,1,1,0,0,1,0,0,0,0,0,2,2,2,3,1,1,2,1
P1350,0,0,0,1,1,0,1,1,0,0,2,2,2,2,3,2,2,2,3,1,0,0,0,0,0,0,0,0,0,0,0,1,0,0,1,0,3,3,2,1,1,2,2,1, ,1,0,0,0,0,0,0,0,1,1,0,0,1,0,0,2,2,1,0,1,0,0,0,1,0,0,0,0,0,0,2,2,2,3,3,3,3,2
P1351,1,1,1,0,1,1,0,1,0,0,1,1,2,4,3,1,2,2,2,0,0,0,1,0,0,0,0,0,0,0,0,0,1,0,0,0,2,1,1,1,1,1,2,2,2,1,0,0,0,0,0,0,0,0,1,0,0,0,0,0,3,1,1,0,0,0,0,0,0,0,0,0,0,0,0,2,5,4,4,2,3,3,2
P1352,0,1,0,0,1,0,0,0,0,0,1,1,2,2,2,2,2,2,2,0,0,0,1,0,0,0,0,0,0,1,0,0,0,0,0,0,3,3,2,1,2,2,2, , ,0,1,0,0,0,0,0,0,0,0,0,1,1,0,0,2,2, , , , , , , , , , , , , , , , , , , , , 
P1353,0,0,0,0,0,1,0,0,0,0,1,3,3,4,3,3,3,3,2,0,0,0,1,0,0,0,0,0,0,0,0,0,0,0,0,1,2,2,2,3,3,3, , , ,1,0,0,0,0,0,0,0,0,0,0,0,1,0,0,2,2, , , , , , , , , , , , , , , , , , , , , 
P1354,0,0,1,0,0,0,0,0,0,0,1,1,1,3,1,1,1,1,1, , , , , , , , , , , , , , , , , ,1,1,1,1,2,1,1, ,1,0,1,0,0,0,0,0,0,0,0,0,0,1,0,0,2,2, , , , , , , , , , , , , , , , , , , , , 
P1355,0,0,0,0,0,0,0,0,0,1,3,2,2,2,3,2,4,2,3,0,0,0,0,0,0,1,0,0,0,0,0,0,0,0,1,0,3,5,2,2,2,2, , , ,0,0,0,0,0,0,0,1, , , , , , , , , , , , , , , , , , , , , , , , , , , , , , 
P1356,0,1,0,0,0,0,0,0,0,0,2,1,2,5,3,2,5,2,2,0,0,0,0,0,0,0,0,1, , , , , , , , ,1,4,1,1,1,2,2,2, ,0,0,0,0,0,0,1,0, , , , , , , , , , , , , , , , , , , , , , , , , , , , , , 
P1357,1,0,0,0,1,0,0,1,0,0,1,1,1,1,1,1,1,1,4,1,0,0,0,0,0,0,0,0,1,0,0,1,1,0,0,0,1,1,1,1,1,1,2,2,2,1,0,1,0,1,0,0,0,0,1,0,0,1,0,0,2,2,0,0,0,0,0,0,0,0,1,1,1,0,0,1,1,2,2,1,2,1,2
P1358,0,1,1,0,1,0,1,0,0,0,1,2,2,2,2,1,2,2,3,1,1,0,1,0,0,1,0,0,0,0,1,1,0,0,1,0,2,2,1,1,2,1,2, ,2,1,0,0,0,0,0,0,0,0,0,1,0,1,0,0,2,2, , , , , , , , , , , , , , , , , , , , , 
P1359,1,0,0,1,0,0,1,1,0,0,2,2,2,2,2,1,1,1,3,1,0,0,0,0,0,0,0,0,1,1,1,0,1,0,1,0,2,4,1,1,1,1,1,1,1,0,1,0,0,0,0,0,0,0,0,1,1,0,0,0,2,2,0,0,1,1,1,0,0,0,0,0,1,0,0,1,1,3,1,2,1,2,2
P1360,0,0,1,0,0,1,0,1,0,0,2,2,4,3,2,2,4,1,4,1,0,0,0,1,0,0,0,0,1,0,0,0,0,0,0,0,2,1,1,2,1,2, ,2, ,0,1,1,0,0,0,0,0,0,0,1,0,1,0,0,2,1, , , , , , , , , , , , , , , , , , , , , 
P1361,1,1,0,0,0,0,0,0,0,0,2,2,2,2,3,2,3,2,2,1,0,0,0,0,0,0,0,0,0,1,0,0,1,0,0,0,3,2,2,2,1,1, ,1,2,0,0,1,0,0,0,0,0,0,1,0,0,0,0,0,2,2,1,0,1,1,0,0,0,0,0,0,0,0,0,1,1,2,4,3,3,3,3
P1362,0,1,0,0,1,0,0,1,0,0,1,3,1,2,2,3,2,1,2,1,0,0,1,0,0,1,0,0,1,0,0,1,1,1,0,0,1,2,1,1,2,1,2, ,2,1,0,1,0,0,1,0,0,0,1,1,0,0,0,0,1,2,0,0,0,0,0,0,0,1,0,1,1,0,0,4,3,2,4,3,3,3,3
P1363,1,1,1,0,0,1,0,0,0,0,2,2,2,2,3,2,3,2,1, , , , , , , , , , , , , , , , , ,2,3,1,1,1,3,2,1, ,0,0,0,0,0,0,1,0, , , , , , , , , , , , , , , , , , , , , , , , , , , , , , 
P1364,0,1,1,0,1,0,0,1,0,0,4,4,4,4,4,4,4,4,5,0,0,0,0,0,0,0,0,1, , , , , , , , ,2,2,3,1,1,3,2,2, ,0,0,0,0,0,1,0,0,0,0,0,1,0,0,0,2,2, , , , , , , , , , , , , , , , , , , , , 
P1365,0,1,0,0,0,0,0,0,0,0,4,2,2,5,4,2,4,3,1, , , , , , , , , , , , , , , , , ,5,3,2,2,2,2, , , ,0,0,0,0,0,0,1,0, , , , , , , , , , , , , , , , , , , , , , , , , , , , , , 
P1366,0,0,0,1,1,0,0,0,0,0,1,1,1,2,1,1,5,1,5,1,0,0,0,0,0,0,0,0,1,1,1,1,0,1,1,0,1,1,2,1,1,1,2,2,2,0,0,0,0,0,1,0,0,0,1,1,1,0,0,0,2,2,1,0,1,0,1,0,0,0,0,0,0,0,0,2,2,2,5,3,3,3,2
P1367,1,0,0,0,0,0,0,1,0,0,2,2,2,2,3,2,4,2,2,1,0,0,0,0,0,0,0,0,0,0,0,1,0,0,0,0,3,3,1,1,1,3,1,1, ,0,0,1,0,0,0,0,0,1,1,0,0,0,0,0,2,2, , , , , , , , , , , , , , , , , , , , , 
P1368,0,1,1,0,1,1,0,0,0,0,2,2,2,2,2,2,2,2,3,1,1,0,0,0,0,0,0,0,0,0,0,0,0,1,0,0,3,3,3,2,1,3, ,2, ,0,0,1,0,0,0,0,0,1,0,0,0,0,0,0,2,2, , , , , , , , , , , , , , , , , , , , , 
P1369,1,1,0,0,0,0,0,0,0,0,1,1,1,4,4,1,5,1,6, , , , , , , , , , , , , , , , , ,4,3,2,2,1,2, ,2, ,0,0,0,0,0,0,1,0, , , , , , , , , , , , , , , , , , , , , , , , , , , , , , 
P1370,1,0,1,0,1,0,0,0,0,0,1,2,1,1,1,2,2,1,3,1,0,0,1,0,1,0,0,0,1,0,1,0,1,0,0,0,2,1,1,1,1,2,1,1, ,0,1,0,0,0,0,0,0,0,0,0,1,0,0,0,2,2,0,0,0,1,0,1,1,0,0,1,0,0,0,1,2,3,3,1,1,2,1
P1371,0,0,0,0,1,0,0,0,0,0,3,2,4,3,4,3,4,4,3,1,1,0,0,0,0,0,0,0,0,0,0,0,1,0,0,0,3,2,1,1,2,2,2, , ,0,0,1,0,0,0,0,0,0,0,0,1,0,0,0,2,2,0,0,0,0,1,0,0,0,0,0,0,0,0,2,3,3,2,1,1,3,3
P1372,0,0,0,0,0,0,0,0,0,1,5,2,5,4,4,2,5,5,1, , , , , , , , , , , , , , , , , ,3,4,2,2,3,2, , , ,0,0,0,0,0,0,1,0, , , , , , , , , , , , , , , , , , , , , , , , , , , , , , 
P1373,1,1,1,1,1,1,1,1,0,0,2,2,2,3,3,2,2,2,4,1,0,0,1,0,0,1,0,0,1,0,1,1,1,1,1,0,2,2,1,1,1,1,2,2,2,0,0,1,0,0,1,0,0,1,1,1,0,1,0,0,2,2,1,0,0,1,0,1,1,0,0,1,0,0,0,2,2,2,3,3,1,1,1
P1374,0,0,0,0,1,1,1,0,0,0,2,2,2,3,2,2,2,2,5,1,0,0,0,0,0,0,0,0,0,0,0,0,0,0,1,0,3,3,1,1,1,2,3,3, ,0,0,1,0,0,0,0,0,0,0,0,1,0,0,0,2,2, , , , , , , , , , , , , , , , , , , , , 
P1375,0,1,1,0,1,1,0,0,0,0,3,2,2,2,2,2,2,2,3,1,0,0,0,0,0,0,0,0,0,0,0,0,0,0,0,1,2,2,1,1,3,3,2, , ,0,0,0,0,0,0,1,0, , , , , , , , , , , , , , , , , , , , , , , , , , , , , , 
P1376,0,0,0,0,1,0,0,0,0,0,3,3,3,1,3,1,2,2,3,1,0,0,0,0,0,0,0,0,0,0,0,0,0,0,1,0,2,3,1,1,2,1,1, ,2,0,0,1,0,0,0,0,0,1,0,0,0,1,0,0,2,1, , , , , , , , , , , , , , , , , , , , , 
P1377,1,0,0,0,0,0,0,0,0,0,3,3,2,2,2,3,2,1,2,1,0,0,0,0,0,0,0,0,0,0,0,0,0,0,1,0,2,1,1,1,1,2,1,3, ,1,0,0,0,0,0,0,0,0,1,0,0,0,0,0,2,2, , , , , , , , , , , , , , , , , , , , , 
P1378,0,0,0,0,1,1,0,0,0,0,3,2,1,3,3,1,2,2,2,1,0,0,0,0,0,0,0,0,0,0,0,1,0,0,0,0,1,1,1,1,2,2,2, , ,1,0,0,1,0,0,0,0,0,1,0,0,0,0,0,2,2, , , , , , , , , , , , , , , , , , , , , 
P1379,0,1,0,0,0,0,0,0,0,0,2,2,2,5,3,2,2,2,1, , , , , , , , , , , , , , , , , ,3,3,1,2,1,2, ,2, ,1,0,0,0,0,0,0,0,0,1,0,0,0,0,0,2,2, , , , , , , , , , , , , , , , , , , , , 
P1380,0,0,1,0,0,0,0,0,0,0,2,2,2,3,2,3,2,2,6, , , , , , , , , , , , , , , , , ,3,5,3,2,1,2, ,5, ,0,0,0,0,0,0,0,1, , , , , , , , , , , , , , , , , , , , , , , , , , , , , , 
P1381,1,1,1,0,1,1,0,1,0,0,1,2,2,4,2,1,1,1,2,1,0,0,0,0,0,0,0,0,0,0,0,1,0,0,0,0,3,2,1,1,1,1,3,3,3,1,1,1,1,1,0,0,0,1,1,0,0,1,0,0,1,1, , , , , , , , , , , , , , , , , , , , , 
P1382,0,1,1,0,1,0,0,0,0,0,1,1,1,1,1,1,1,1,4,1,0,0,0,0,0,0,0,0,0,0,0,0,1,0,0,1,1,1,1,1,1,1,1,1,1,0,0,0,0,1,0,0,0,1,0,0,1,0,0,0,2,2,0,0,0,0,1,0,0,1,0,0,1,0,0,1,1,2,2,1,1,1,1
P1383,1,1,1,1,1,0,0,1,0,0,1,2,2,2,2,1,5,1,3,1,1,0,0,0,0,0,0,0,1,0,0,0,1,1,1,0,1,1,1,1,1,1,1,2,2,1,1,0,1,0,1,0,0,1,1,1,1,1,0,0,2,2,0,0,0,1,1,0,1,0,0,0,1,0,0,2,1,2,3,3,2,3,1
P1384,1,1,0,0,0,1,0,0,0,0,3,2,2,3,3,1,2,2,2,0,0,0,0,0,0,0,0,1, , , , , , , , ,3,3,1,2,1,2, ,2, ,0,0,0,0,0,0,1,0, , , , , , , , , , , , , , , , , , , , , , , , , , , , , , 
P1385,0,0,0,0,0,0,0,1,0,0,2,2,4,1,5,3,3,1,1, , , , , , , , , , , , , , , , , ,1,1,1,1,2,1,1, ,1,0,1,0,0,0,0,0,0,0,0,0,1,0,0,0,2,2, , , , , , , , , , , , , , , , , , , , , 
P1386,1,1,0,0,1,0,0,0,0,0,2,1,2,4,3,2,2,1,4,1,0,0,0,0,0,0,0,0,0,0,0,0,0,1,0,0,3,3,2,1,1,1,2,3,2,0,0,0,0,0,0,1,0, , , , , , , , , , , , , , , , , , , , , , , , , , , , , , 
P1387,1,1,0,0,1,0,0,0,0,0,2,1,1,3,2,2,2,2,1, , , , , , , , , , , , , , , , , ,3,3,3,1,1,2,2,2, ,0,0,0,0,0,0,1,0, , , , , , , , , , , , , , , , , , , , , , , , , , , , , , 
P1388,0,0,0,0,1,0,0,0,0,0,5,3,2,4,2,3,5,2,6, , , , , , , , , , , , , , , , , ,3,3,2,3,3,3, , , ,1,0,0,0,0,0,0,0,0,1,0,0,0,0,0,3,2, , , , , , , , , , , , , , , , , , , , , 
P1389,0,1,0,0,1,0,0,0,0,0,3,2,2,3,2,3,3,2,2,1,0,0,0,0,0,0,0,0,0,0,0,0,0,1,0,0,3,3,2,1,1,2,2,2, ,0,0,0,0,0,0,1,0, , , , , , , , , , , , , , , , , , , , , , , , , , , , , , 
P1390,0,1,0,0,0,0,0,1,0,0,3,2,2,5,2,2,5,2,2,0,0,0,0,0,0,0,0,1, , , , , , , , ,3,3,2,1,1,2,2,2, ,0,0,0,0,0,0,1,0, , , , , , , , , , , , , , , , , , , , , , , , , , , , , , 
P1391,0,1,1,0,0,0,0,1,0,0,2,2,2,5,3,2,5,2,2,1,0,0,0,0,0,0,0,0,0,0,0,0,0,0,0,1,3,3,2,1,1,2,2,2, ,0,0,0,0,0,0,1,0, , , , , , , , , , , , , , , , , , , , , , , , , , , , , , 
P1392,1,1,0,0,1,0,0,1,0,0,1,1,1,2,3,1,2,2,2,0,0,0,1,0,0,0,0,0,0,0,0,0,1,0,0,0,1,1,2,1,1,1,1,1,1,1,0,1,0,0,0,0,0,1,0,1,0,1,0,0,2,2,0,0,0,0,0,0,1,0,0,1,1,0,0,2,2,2,4,4,3,3,1
P1393,0,1,0,0,0,0,0,0,0,0,2,2,2,2,3,2,2,2,1, , , , , , , , , , , , , , , , , ,4,4,2,1,2,2,2, , ,0,0,0,0,1,0,0,0,1,0,0,0,0,0,0,2,2, , , , , , , , , , , , , , , , , , , , , 
P1394,0,0,1,0,0,1,0,0,0,0,4,2,2,3,4,1,3,3,1, , , , , , , , , , , , , , , , , ,3,3,2,1,2,2,2, , ,0,0,0,0,0,0,1,0, , , , , , , , , , , , , , , , , , , , , , , , , , , , , , 
P1395,0,1,1,0,0,0,1,0,0,0,2,2,2,3,3,2,2,2,3,0,1,0,0,0,0,0,0,0,0,0,0,0,1,0,0,0,3,3,2,1,1,1,2,2,2,0,0,0,1,0,0,0,0,1,0,0,0,1,0,0,2,2,0,0,1,0,1,0,1,0,0,0,0,0,0,2,2,2,4,3,3,3,1
P1396,0,1,1,0,0,1,0,0,0,0,3,1,2,4,4,2,5,3,2,0,0,0,0,0,0,0,0,1, , , , , , , , ,4,3,2,2,2,2, , , ,0,0,0,0,0,0,1,0, , , , , , , , , , , , , , , , , , , , , , , , , , , , , , 
P1397,0,1,1,0,1,0,0,0,0,0,3,5,5,5,2,3,5,5,2,0,0,0,1,0,0,0,0,0,1,0,0,0,0,0,0,0,3,5,3,1,1,2,2,2, ,0,0,0,0,0,0,1,0, , , , , , , , , , , , , , , , , , , , , , , , , , , , , , 
P1398,0,0,0,0,0,1,1,0,0,0,2,2,2,2,2,2,2,2,2,1,0,0,0,0,0,0,0,0,0,0,0,0,0,0,0,1,2,2,1,1,1,1,1,1,2,0,1,0,0,0,0,0,0,0,0,0,0,1,0,0,2,2, , , , , , , , , , , , , , , , , , , , , 
P1399,0,0,0,0,1,0,1,0,0,0,4,4,3,4,3,4,2,2,1, , , , , , , , , , , , , , , , , ,3,4,2,1,2,2,1, , ,0,0,0,0,0,0,1,0, , , , , , , , , , , , , , , , , , , , , , , , , , , , , , 
P1400,0,1,0,0,0,0,1,1,0,0,2,1,2,2,2,2,2,1,4,0,1,0,0,0,0,0,0,0,0,1,0,0,1,1,0,0,1,1,2,1,1,1,1,1,1,1,1,1,0,0,0,0,0,1,1,0,0,0,0,0,2,2,0,0,0,0,1,0,1,0,1,0,0,0,0,2,2,2,1,3,3,3,1
P1401,0,0,1,0,1,1,0,1,0,0,3,3,2,3,2,2,2,1,6, , , , , , , , , , , , , , , , , ,3,3,2,1,2,2,2, , ,0,0,0,0,0,0,1,0, , , , , , , , , , , , , , , , , , , , , , , , , , , , , , 
P1402,0,1,0,0,1,1,1,1,0,0,1,2,1,2,2,2,2,2,5,0,0,0,0,0,0,1,0,0,1,0,1,0,0,1,0,1,1,1,1,1,1,1,1,1,1,0,1,1,0,1,1,0,0,1,1,1,1,1,0,0,2,2, , , , , , , , , , , , , , , , , , , , , 
P1403,1,1,0,0,0,0,0,0,0,0,1,1,1,1,1,1,1,1,2,0,1,0,0,0,0,0,0,0,0,0,0,1,0,0,0,0,1,1,2,1,1,1,1,1,1,1,0,0,0,0,0,0,0,0,0,0,0,1,0,0,2,2, , , , , , , , , , , , , , , , , , , , , 
P1404,0,0,1,0,1,1,0,0,0,0,1,2,2,5,1,1,2,2,1, , , , , , , , , , , , , , , , , ,3,3,2,1,1,3,1,1, ,0,0,0,0,1,0,0,0,1,0,0,0,0,0,0,2,2, , , , , , , , , , , , , , , , , , , , , 
P1405,0,1,1,1,1,1,1,1,0,0,3,2,1,2,2,3,1,2,2,1,0,0,0,0,0,1,0,0,1,1,0,0,1,0,0,1,2,2,1,1,1,1,2,2,2,0,0,0,0,0,0,1,0, , , , , , , , , ,0,0,1,1,0,0,1,0,0,0,0,0,0,1,2,2,1,3,3,3,3
P1406,0,0,0,0,1,0,0,0,0,0,3,4,4,4,1,4,5,2,1, , , , , , , , , , , , , , , , , ,3,3,2,1,1,2,2,2, ,0,0,0,1,0,0,0,0,1,0,0,0,0,0,0,1,1, , , , , , , , , , , , , , , , , , , , , 
P1407,1,0,0,1,0,0,0,0,0,0,4,4,4,4,4,4,4,4,5,1,0,0,1,0,0,0,0,0,0,1,1,0,0,0,0,0,2,2,2,2,1,2, ,1, ,0,0,0,0,1,0,0,0,0,0,1,1,0,0,0,1,1,0,1,0,0,0,0,0,0,0,0,0,0,0,4,4,1,4,3,2,2,4
P1408,0,0,0,0,1,0,0,0,0,0,2,2,2,3,1,2,4,2,2,1,0,0,0,0,1,0,0,0,0,0,0,1,0,0,0,0,3,3,2,1,2,2,1, , ,1,0,0,1,1,0,0,0,1,1,0,0,0,0,0,2,2, , , , , , , , , , , , , , , , , , , , , 
P1409,1,1,1,1,1,1,1,1,0,0,1,1,2,2,2,2,2,1,2,1,1,0,1,0,0,0,0,0,0,1,0,0,1,0,1,1,1,1,1,1,1,1,1,1,2,0,0,1,0,0,1,0,0,0,1,1,1,1,0,0,2,2,1,0,0,0,0,0,0,0,0,0,1,0,0,2,1,1,4,1,1,3,3
P1410,0,1,0,0,1,1,0,0,0,0,3,3,3,2,3,4,5,2,1, , , , , , , , , , , , , , , , , ,3,3,1,1,2,2,1, , ,0,0,0,0,0,1,0,0,1,0,0,0,0,0,0,2,2, , , , , , , , , , , , , , , , , , , , , 
P1411,1,1,1,0,0,0,0,0,0,0,2,1,1,3,4,2,2,2,1, , , , , , , , , , , , , , , , , ,3,3,2,2,1,3, ,1, ,0,0,0,0,0,0,1,0, , , , , , , , , , , , , , , , , , , , , , , , , , , , , , 
P1412,1,1,0,1,1,1,0,1,0,0,2,2,3,3,3,1,3,2,4,1,1,0,0,0,0,0,0,0,1,0,0,1,1,1,1,0,2,2,1,1,1,1,1,1,1,1,0,1,0,0,0,0,0,0,1,1,1,1,0,0,2,2,0,0,0,0,1,1,1,0,0,0,0,0,0,1,2,2,4,3,3,3,1
P1413,1,1,1,0,1,1,1,1,0,0,3,2,2,2,2,2,1,1,4,0,1,0,1,0,0,0,0,0,1,0,0,0,0,0,1,0,2,1,1,1,1,1,1,1,1,1,1,0,0,1,0,0,0,0,0,0,1,1,0,0,2,2, , , , , , , , , , , , , , , , , , , , , 
P1414,0,1,0,0,0,0,0,1,0,0,4,2,2,2,4,2,3,2,4,1,0,0,0,0,0,0,0,0,0,0,0,1,0,0,0,0,5,5,3,2,1,2, ,2, ,0,0,0,0,0,1,0,0,0,1,0,0,1,0,0,2,2, , , , , , , , , , , , , , , , , , , , , 
P1415,0,1,1,0,0,1,0,0,0,0,1,2,1,3,3,2,2,2,1, , , , , , , , , , , , , , , , , ,3,3,2,1,2,2,2, , ,0,0,0,0,0,0,1,0, , , , , , , , , , , , , , , , , , , , , , , , , , , , , , 
P1416,0,1,0,0,0,0,0,0,0,0,2,1,2,3,4,2,3,2,1, , , , , , , , , , , , , , , , , ,3,4,2,2,2,2, , , ,0,0,0,0,0,0,1,0, , , , , , , , , , , , , , , , , , , , , , , , , , , , , , 
P1417,1,1,1,0,0,0,0,0,0,0,2,3,1,2,4,2,4,3,5,1,0,0,1,0,0,0,0,0,0,1,0,0,0,0,0,0,3,3,2,1,1,2,2,2, ,0,0,0,0,0,0,1,0, , , , , , , , , , , , , , , , , , , , , , , , , , , , , , 
P1418,0,0,0,0,1,0,0,1,0,0,3,3,3,2,2,3,3,2,3,0,0,0,1,0,0,0,0,0,0,0,0,1,0,0,0,0,2,1,1,1,1,1,3,3,3,1,0,0,0,0,0,0,0,0,1,0,1,0,0,0,1,2, , , , , , , , , , , , , , , , , , , , , 
P1419,0,0,0,0,1,0,0,0,0,0,1,3,3,2,2,2,2,3,2,1,0,0,0,1,0,0,0,0,0,0,0,0,1,1,0,0,2,2,1,1,2,1,1, ,2,0,0,0,0,1,0,0,0,0,0,0,0,1,0,0,2,1,0,1,1,0,0,1,0,0,0,0,0,0,0,2,2,3,3,2,2,1,3
P1420,0,1,1,0,1,1,0,0,0,0,4,2,4,2,2,2,4,2,2,1,0,0,0,0,0,0,0,0,1,0,0,0,0,0,0,0,3,3,1,1,1,2,1,1, ,1,1,1,1,1,0,0,0,1,0,0,0,0,0,0,2,2, , , , , , , , , , , , , , , , , , , , , 
P1421,1,1,1,0,1,1,1,0,0,0,2,2,2,3,3,2,2,2,2,0,0,0,0,0,0,0,0,1, , , , , , , , ,1,1,1,1,1,3,2,1, ,1,0,1,0,0,1,0,0,0,1,0,1,1,0,0,2,2, , , , , , , , , , , , , , , , , , , , , 
P1422,0,0,0,0,1,1,0,1,0,0,3,3,2,4,1,2,3,2,2,1,0,0,0,0,0,0,0,0,0,0,0,0,0,0,1,0,2,2,1,1,2,3,1, , ,0,1,0,1,0,1,0,0,1,0,0,0,0,0,0,2,2, , , , , , , , , , , , , , , , , , , , , 
P1423,0,0,0,0,0,0,0,1,0,0,2,2,2,2,2,2,3,3,2,1,0,0,0,0,0,0,0,0,0,0,0,0,0,0,0,1,1,1,1,1,1,2,2,2, ,0,0,0,0,0,1,0,0,0,0,0,1,0,0,0,2,2, , , , , , , , , , , , , , , , , , , , , 
P1424,1,0,0,0,0,0,0,0,0,0,2,2,2,3,3,2,2,2,6, , , , , , , , , , , , , , , , , ,3,3,2,1,1,2,2,2, ,0,0,0,0,0,0,1,0, , , , , , , , , , , , , , , , , , , , , , , , , , , , , , 
P1425,0,1,1,0,0,1,0,0,0,0,3,2,2,2,3,2,3,3,6, , , , , , , , , , , , , , , , , ,5,5,3,3,1,3, ,2, ,1,1,1,1,1,1,0,0,0,1,0,0,1,0,0,2,2, , , , , , , , , , , , , , , , , , , , , 
P1426,1,1,1,0,0,1,0,1,0,0,2,3,1,1,3,2,1,2,2,1,1,0,1,0,0,0,0,0,1,0,1,0,1,0,0,1,1,1,1,1,2,1,1, ,3,1,0,1,0,1,0,0,0,1,0,1,1,0,0,0,2,1,0,1,0,1,1,0,1,0,0,0,0,0,0,1,2,2,1,1,1,1,2
P1427,0,1,0,0,1,1,0,1,0,0,1,2,2,3,3,1,3,3,2,1,0,0,0,0,0,1,0,0,0,1,0,1,1,1,0,0,1,1,1,1,1,1,1,1,1,1,1,1,0,0,0,0,0,1,1,1,1,0,0,0,2,2,0,0,1,0,0,0,1,0,0,1,0,0,0,1,2,2,1,1,1,1,1
P1428,0,1,0,0,0,1,0,0,0,0,2,2,2,3,3,2,3,2,1, , , , , , , , , , , , , , , , , ,5,5,2,1,1,2,2,2, ,1,0,1,1,1,0,0,0,0,1,0,0,0,0,0,2,2, , , , , , , , , , , , , , , , , , , , , 
P1429,1,0,0,0,1,0,0,0,0,0,4,3,2,4,3,4,2,4,6, , , , , , , , , , , , , , , , , ,5,5,2,1,1,3,2,2, ,0,0,0,0,0,0,1,0, , , , , , , , , , , , , , , , , , , , , , , , , , , , , , 
P1430,0,1,0,0,0,0,0,0,1,0,1,1,1,3,2,1,1,1,2,1,0,0,0,0,0,0,0,0,0,1,0,1,0,0,0,0,3,3,1,2,1,2, ,2, ,0,0,0,0,0,0,1,0, , , , , , , , , , , , , , , , , , , , , , , , , , , , , , 
P1431,0,1,0,0,1,1,0,0,0,0,3,2,2,3,3,2,5,2,2,1,0,0,0,0,0,0,0,0,0,0,1,0,0,0,0,0,1,3,1,1,2,1,1, ,2,1,0,1,0,1,0,0,0,1,0,0,1,1,0,0,2,2, , , , , , , , , , , , , , , , , , , , , 
P1432,0,0,0,0,1,0,0,0,0,0,2,2,2,2,2,2,2,2,2,1,0,0,0,0,0,0,0,0,0,1,0,1,0,0,0,0,1,3,2,1,1,1,2,2,2,0,0,1,0,0,0,0,0,0,0,0,1,0,0,0,2,2, , , , , , , , , , , , , , , , , , , , , 
P1433,0,0,0,0,1,0,0,1,0,0,3,2,3,3,2,2,3,2,2,0,1,0,0,0,0,0,0,0,0,0,0,0,1,0,0,0,2,1,2,1,1,1,2,2,1,1,0,0,0,0,0,0,0,0,0,0,0,1,0,0,2,1,1,0,0,1,0,0,0,0,0,0,0,0,0,2,1,3,1,2,1,2,1
P1434,0,0,0,0,0,1,0,0,0,0,3,1,2,4,4,1,2,2,2,1,0,0,1,0,0,0,0,0,0,1,0,0,0,0,0,0,2,3,1,2,1,2, ,2, ,0,0,0,0,0,0,1,0, , , , , , , , , , , , , , , , , , , , , , , , , , , , , , 
P1435,0,1,1,0,0,1,0,1,0,0,4,1,1,3,4,1,4,2,2,0,0,0,0,0,0,0,0,1, , , , , , , , ,3,3,1,2,2,2, , , ,0,0,0,0,0,0,1,0, , , , , , , , , , , , , , , , , , , , , , , , , , , , , , 
P1436,0,0,1,0,0,0,0,0,0,0,2,2,1,4,2,1,5,2,1, , , , , , , , , , , , , , , , , ,5,4,1,2,2,2, , , ,1,0,0,0,0,0,0,0,1,0,0,0,0,0,0,2,2, , , , , , , , , , , , , , , , , , , , , 
P1437,0,0,0,0,0,0,0,1,0,0,3,3,3,3,3,3,3,3,6, , , , , , , , , , , , , , , , , ,5,5,3,1,1,1,2,2,2,0,0,1,0,1,0,0,0,1,0,0,0,0,0,0,2,2, , , , , , , , , , , , , , , , , , , , , 
P1438,1,1,1,1,1,0,1,1,0,0,2,2,2,3,2,2,2,2,3,1,0,0,1,0,0,0,0,0,1,1,0,0,0,0,1,1,1,1,1,1,1,1,1,2,1,1,0,0,1,1,0,0,0,0,1,1,0,1,0,0,2,2,0,0,0,0,0,0,1,0,0,0,0,0,0,2,1,2,4,3,3,3,3
P1439,1,0,0,1,1,0,0,0,0,0,2,1,4,2,1,1,2,2,3,1,0,0,0,0,0,0,0,0,0,0,0,1,0,1,0,1,2,3,1,1,1,2,2,1, ,1,0,0,0,0,0,0,0,1,0,0,0,0,0,0,2,2,0,0,0,1,0,1,0,0,0,0,1,0,0,2,2,2,2,1,1,2,1
P1440,0,0,0,0,0,0,0,0,0,1,3,3,3,3,3,3,3,3,1, , , , , , , , , , , , , , , , , ,4,4,2,2,2,2, , , ,0,0,0,0,0,0,0,1, , , , , , , , , , , , , , , , , , , , , , , , , , , , , , 
P1441,0,1,1,0,1,0,1,1,0,0,1,1,1,3,1,1,1,1,2,0,0,0,1,0,0,0,0,0,1,0,0,0,1,0,0,0,2,2,1,1,1,3,1,1, ,0,1,1,1,0,0,0,0,0,0,0,1,0,0,0,2,2,0,0,1,0,1,0,1,0,0,0,0,0,0,3,4,2,4,2,1,2,4
P1442,1,1,1,1,1,1,0,1,0,0,2,1,1,2,2,2,3,2,4,1,0,0,0,1,0,0,0,0,0,0,0,1,1,1,0,0,2,2,1,1,1,1,2,1,1,1,0,1,0,0,1,0,0,0,1,1,1,1,0,0,2,2,0,0,0,0,0,0,0,0,0,0,0,1,0,2,1,2,4,3,3,3,3
P1443,0,0,0,0,1,0,0,0,0,0,3,3,3,3,2,3,3,2,1, , , , , , , , , , , , , , , , , ,1,1,1,1,2,2,1, , ,0,0,0,0,0,0,1,0, , , , , , , , , , , , , , , , , , , , , , , , , , , , , , 
P1444,1,1,1,0,1,0,0,1,0,0,2,1,1,1,2,1,2,1,5,1,1,0,0,0,0,0,0,0,1,1,0,0,1,0,0,0,2,1,1,1,1,2,1,1, ,1,0,0,0,1,1,0,0,1,1,0,0,1,0,0,2,2,0,0,0,0,0,1,0,0,1,1,0,0,0,1,1,2,1,1,1,1,1
P1445,0,1,1,0,0,0,0,0,0,0,2,1,1,2,3,2,2,2,2,1,0,0,0,0,0,0,0,0,1,0,0,0,0,0,0,0,5,4,2,2,1,3, ,2, ,0,0,0,0,0,1,0,0,1,0,0,0,1,0,0,2,3, , , , , , , , , , , , , , , , , , , , , 
P1446,0,0,0,0,0,0,0,0,0,1,2,2,2,4,2,2,2,2,2,0,0,0,0,0,0,0,1,0,1,0,0,0,0,0,0,0,3,5,2,1,2,2,2, , ,0,0,0,0,0,0,1,0, , , , , , , , , , , , , , , , , , , , , , , , , , , , , , 
P1447,1,1,1,0,0,1,0,1,0,0,2,2,2,4,4,2,3,2,1, , , , , , , , , , , , , , , , , ,4,5,3,2,1,3, ,2, ,0,0,0,0,0,1,0,0,0,1,0,0,1,0,0,2,2, , , , , , , , , , , , , , , , , , , , , 
P1448,0,1,0,0,0,0,0,0,0,0,3,2,5,5,4,2,5,5,1, , , , , , , , , , , , , , , , , ,3,4,2,2,2,2, , , ,0,0,0,0,0,0,1,0, , , , , , , , , , , , , , , , , , , , , , , , , , , , , , 
P1449,0,0,0,0,1,0,0,0,0,0,4,4,3,4,2,3,3,2,2,1,0,0,0,0,0,0,0,0,0,0,0,0,0,0,0,1,3,3,2,1,1,2,2,2, ,1,0,0,0,1,0,0,0,1,1,0,1,0,0,0,2,2, , , , , , , , , , , , , , , , , , , , , 
P1450,0,0,0,0,0,0,0,1,1,0,2,2,5,3,4,4,5,2,4,0,0,0,0,0,0,0,1,0,0,0,0,0,0,0,0,1,3,4,2,2,2,2, , , ,0,0,0,0,0,1,0,0,0,1,0,0,0,0,0,2,2, , , , , , , , , , , , , , , , , , , , , 
P1451,1,1,1,0,0,1,0,0,0,0,1,1,1,1,3,1,1,1,6, , , , , , , , , , , , , , , , , ,3,5,2,1,1,3,2,2, ,0,0,0,0,0,0,1,0, , , , , , , , , , , , , , , , , , , , , , , , , , , , , , 
P1452,0,0,1,0,0,1,0,0,0,0,3,2,2,4,3,2,5,2,2,1,0,0,1,0,0,0,0,0,0,0,0,0,0,0,0,1,3,3,2,1,1,2,2,2, ,0,0,0,0,1,0,0,0,1,1,0,0,1,0,0,2,2, , , , , , , , , , , , , , , , , , , , , 
P1453,0,1,0,0,0,0,1,0,0,0,2,3,2,1,3,2,2,3,2,1,0,0,1,0,1,0,0,0,0,0,1,0,0,0,0,0,2,2,1,1,2,1,3, ,1,0,0,0,0,0,1,0,0,0,0,0,1,0,0,0,1,2, , , , , , , , , , , , , , , , , , , , , 
P1454,1,0,0,0,1,1,0,0,0,0,1,2,2,4,1,1,3,2,2,1,0,0,0,0,0,0,0,0,0,0,0,0,0,0,0,1,1,2,1,2,1,2, ,3, ,0,0,1,0,0,0,0,0,0,0,1,0,0,0,0,2,2, , , , , , , , , , , , , , , , , , , , , 
P1455,0,0,0,0,0,1,0,0,0,0,4,2,2,4,4,2,3,1,1, , , , , , , , , , , , , , , , , ,2,2,2,1,2,2,1, , ,0,0,0,0,0,0,1,0, , , , , , , , , , , , , , , , , , , , , , , , , , , , , , 
P1456,1,1,0,0,0,1,0,0,0,0,2,1,1,3,4,1,3,3,1, , , , , , , , , , , , , , , , , ,3,4,2,2,1,2, ,1, ,0,0,0,0,0,0,1,0, , , , , , , , , , , , , , , , , , , , , , , , , , , , , , 
P1457,0,0,0,1,1,0,0,1,0,0,2,1,2,3,2,1,1,1,2,1,0,0,0,0,0,0,0,0,0,0,0,1,1,0,0,0,1,3,2,1,1,2,1,1, ,1,0,1,1,0,0,0,0,0,0,0,1,1,0,0,2,2,1,0,0,0,0,0,0,0,1,0,0,0,0,1,1,2,3,3,3,3,3
P1458,1,1,1,1,1,1,1,1,0,0,1,1,1,1,1,1,1,1,5,1,1,1,1,1,1,1,0,0,1,1,1,1,1,1,1,1,1,1,2,1,1,1,1,1,1,1,1,0,0,1,0,0,0,1,1,1,1,1,0,0,2,2,1,1,1,1,1,1,1,1,1,1,1,0,0,1,1,3,1,1,1,1,1
P1459,1,1,0,0,0,1,0,1,0,0,1,1,1,4,4,1,2,2,1, , , , , , , , , , , , , , , , , ,3,3,2,2,1,2, ,2, ,0,0,0,0,0,0,1,0, , , , , , , , , , , , , , , , , , , , , , , , , , , , , , 
P1460,1,1,1,0,1,1,0,0,0,0,1,1,2,3,3,2,3,2,2,1,1,0,0,0,0,0,0,0,0,1,0,1,0,0,0,1,1,5,1,1,1,3,2,2, ,0,0,1,0,0,0,0,0,0,1,0,0,0,0,0,2,2, , , , , , , , , , , , , , , , , , , , , 
P1461,0,0,0,0,0,0,0,0,0,1,5,5,5,5,5,5,5,5,1, , , , , , , , , , , , , , , , , ,5,5,3,2,2,2, , , ,0,0,0,0,0,0,1,0, , , , , , , , , , , , , , , , , , , , , , , , , , , , , , 
P1462,0,0,0,0,0,0,0,0,0,1,2,5,1,5,3,1,5,1,6, , , , , , , , , , , , , , , , , ,5,4,2,2,1,2, ,2, ,0,0,0,0,0,0,1,0, , , , , , , , , , , , , , , , , , , , , , , , , , , , , , 
P1463,0,0,0,0,0,0,0,0,0,1,2,2,5,4,3,2,3,3,6, , , , , , , , , , , , , , , , , ,3,3,2,2,1,2, ,2, ,0,0,0,0,0,0,1,0, , , , , , , , , , , , , , , , , , , , , , , , , , , , , , 
P1464,0,0,1,0,1,1,0,0,0,0,2,2,2,2,2,2,2,2,3,1,0,0,0,0,0,0,0,0,0,0,0,1,0,0,0,0,5,5,3,1,1,2,2,2, ,0,1,0,0,0,0,0,0,0,1,0,0,0,0,0,2,2, , , , , , , , , , , , , , , , , , , , , 
P1465,0,0,0,1,1,1,0,0,0,0,1,2,1,1,1,1,2,1,2,1,0,0,0,0,0,0,0,0,1,0,0,0,1,0,0,0,3,3,2,3,3,3, , , ,0,0,0,0,0,0,1,0, , , , , , , , , ,0,0,0,1,0,0,0,0,0,0,0,0,0,1,1,2,5,4,2,1,1
P1466,0,1,0,0,1,1,1,1,0,0,2,2,2,3,2,2,2,2,3,1,1,0,1,1,0,0,0,0,1,1,0,1,0,0,1,0,3,3,1,1,1,2,1,1, ,0,0,0,0,0,1,0,0,1,1,0,1,0,0,0,2,2, , , , , , , , , , , , , , , , , , , , , 
P1467,0,0,0,1,0,0,0,0,0,0,1,1,2,1,1,1,3,1,2,1,0,0,0,0,0,0,1,0,1,0,0,1,1,0,0,0,1,1,2,1,1,1,1,2,2,1,1,1,1,1,1,0,0,1,1,0,1,1,1,0,2,2,1,1,1,1,1,1,1,1,1,1,1,0,0,1,1,3,2,1,1,1,3
P1468,0,0,0,0,0,0,0,1,0,0,3,2,2,2,2,4,2,1,2,0,0,0,0,0,0,0,1,0,0,0,0,0,0,0,0,1,3,4,2,2,2,3, , , ,0,0,0,0,0,0,1,0, , , , , , , , , , , , , , , , , , , , , , , , , , , , , , 
P1469,1,1,0,0,0,1,0,0,0,0,2,2,2,4,4,2,3,2,1, , , , , , , , , , , , , , , , , ,4,3,2,2,1,2, ,2, ,0,0,0,0,0,0,1,0, , , , , , , , , , , , , , , , , , , , , , , , , , , , , , 
P1470,0,0,0,0,0,0,0,0,0,1,2,2,2,2,3,2,3,1,2,0,1,0,1,0,0,0,0,0,1,0,0,0,0,0,0,0,3,5,1,2,1,2, ,2, ,0,0,0,0,0,0,1,0, , , , , , , , , , , , , , , , , , , , , , , , , , , , , , 
P1471,0,1,0,0,0,0,0,0,0,0,3,3,3,3,3,3,3,3,6, , , , , , , , , , , , , , , , , ,5,5,3,1,1,3,2,2, ,0,0,0,0,0,0,1,0, , , , , , , , , , , , , , , , , , , , , , , , , , , , , , 
P1472,1,1,0,0,0,0,0,0,0,0,2,2,2,5,2,2,5,2,2,0,0,0,0,0,0,0,0,1, , , , , , , , ,3,5,1,1,1,2,1,1, ,0,0,0,0,0,0,1,0, , , , , , , , , , , , , , , , , , , , , , , , , , , , , , 
P1473,1,1,0,0,1,0,0,1,0,0,2,2,2,3,2,2,2,2,2,1,0,0,0,0,0,0,0,0,1,0,0,0,0,0,0,0,2,2,1,1,1,1,2,2,2,0,0,1,1,0,0,0,0,0,1,1,0,1,0,0,2,2, , , , , , , , , , , , , , , , , , , , , 
P1474,0,1,1,1,1,0,0,1,0,0,1,2,1,2,2,1,2,2,2,1,0,0,0,0,0,0,0,0,1,1,0,0,1,0,0,0,2,2,2,1,1,1,2,2,2,0,0,1,1,0,0,0,0,0,0,0,1,0,0,0,2,2,0,0,1,0,0,0,0,0,0,0,0,0,0,2,3,4,4,3,3,3,1
P1475,0,0,1,0,1,1,0,0,0,0,4,2,1,4,1,2,3,2,2,1,0,0,0,0,0,0,0,0,0,0,1,0,1,0,0,0,1,2,2,1,2,1,2, ,1,0,0,1,0,0,0,0,0,1,0,0,0,0,0,0,1,1,1,0,0,0,0,1,1,0,0,0,0,0,0,2,1,1,1,2,3,3,1
P1476,0,0,0,0,0,0,0,0,0,1,3,2,2,3,4,3,2,3,6, , , , , , , , , , , , , , , , , ,5,5,2,2,2,2, , , ,0,0,0,0,0,0,1,0, , , , , , , , , , , , , , , , , , , , , , , , , , , , , , 
P1477,1,1,1,0,0,1,0,0,0,0,1,2,1,5,3,1,2,3,1, , , , , , , , , , , , , , , , , ,3,3,2,2,1,2, ,2, ,0,0,0,0,0,0,1,0, , , , , , , , , , , , , , , , , , , , , , , , , , , , , , 
P1478,0,1,1,0,0,0,0,0,0,0,2,2,2,2,2,2,2,2,1, , , , , , , , , , , , , , , , , ,3,3,2,2,2,2, , , ,0,0,0,0,0,0,1,0, , , , , , , , , , , , , , , , , , , , , , , , , , , , , , 
P1479,1,1,1,0,0,1,0,0,0,0,2,1,1,5,4,1,5,5,1, , , , , , , , , , , , , , , , , ,3,3,2,2,1,2, ,2, ,0,0,0,0,0,0,1,0, , , , , , , , , , , , , , , , , , , , , , , , , , , , , , 
P1480,0,0,0,0,0,0,0,0,0,1,3,2,2,3,3,2,5,2,1, , , , , , , , , , , , , , , , , ,3,3,2,2,2,2, , , ,0,0,0,0,0,0,1,0, , , , , , , , , , , , , , , , , , , , , , , , , , , , , , 
P1481,0,0,0,0,0,1,0,0,0,0,2,2,2,2,3,2,5,2,6, , , , , , , , , , , , , , , , , ,4,3,2,2,2,2, , , ,0,0,0,0,0,0,1,0, , , , , , , , , , , , , , , , , , , , , , , , , , , , , , 
P1482,1,1,1,0,0,0,0,0,0,0,3,2,2,4,4,2,4,4,6, , , , , , , , , , , , , , , , , ,3,3,2,2,1,2, ,2, ,0,0,0,0,0,0,1,0, , , , , , , , , , , , , , , , , , , , , , , , , , , , , , 
P1483,0,1,0,0,0,0,0,1,0,0,4,3,3,3,3,3,2,3,1, , , , , , , , , , , , , , , , , ,4,3,2,2,2,2, , , ,0,0,0,0,0,0,1,0, , , , , , , , , , , , , , , , , , , , , , , , , , , , , , 
P1484,1,0,1,0,0,0,0,0,0,0,4,4,4,4,4,4,4,4,1, , , , , , , , , , , , , , , , , ,4,4,2,2,1,2, ,2, ,0,0,0,0,0,0,1,0, , , , , , , , , , , , , , , , , , , , , , , , , , , , , , 
P1485,0,0,1,0,1,0,0,0,0,0,2,2,1,1,2,2,2,3,5,1,0,0,0,0,0,0,0,0,0,0,1,1,0,0,0,0,2,2,2,1,1,1,1,1,1,0,0,1,0,1,0,0,0,0,0,1,0,0,0,0,2,2, , , , , , , , , , , , , , , , , , , , , 
P1486,0,1,1,1,1,0,1,1,0,0,1,2,2,2,1,2,1,2,3,1,1,0,0,0,0,0,0,0,1,0,0,1,1,1,1,0,2,2,1,1,2,1,2, ,1,1,0,0,1,1,0,0,0,1,1,0,1,0,0,0,2,2,1,1,0,1,0,1,0,0,0,0,0,0,0,2,2,2,1,3,3,3,2
P1487,0,0,0,0,0,1,0,0,0,0,3,2,2,3,2,2,2,2,2,0,0,0,0,0,0,0,0,1, , , , , , , , ,2,1,1,1,1,1,1,2,2,1,1,1,1,1,1,0,0,1,1,0,0,0,0,0,2,2, , , , , , , , , , , , , , , , , , , , , 
P1488,0,1,1,0,0,0,0,0,0,0,3,2,1,3,3,3,3,3,1, , , , , , , , , , , , , , , , , ,2,2,2,1,2,2,1, , ,0,0,1,0,0,0,0,0,0,0,0,1,0,0,0,2,2, , , , , , , , , , , , , , , , , , , , , 
P1489,0,1,0,0,1,1,0,1,0,0,3,2,2,3,2,2,2,1,2,0,0,0,0,0,0,0,0,1, , , , , , , , ,3,3,2,1,3,3,2, , ,0,0,0,0,0,0,1,0, , , , , , , , , , , , , , , , , , , , , , , , , , , , , , 
P1490,1,1,0,0,0,1,0,0,0,0,2,2,2,3,4,2,2,2,2,0,0,0,0,0,0,0,0,1, , , , , , , , ,5,3,1,2,1,2, ,2, ,0,0,0,0,0,0,1,0, , , , , , , , , , , , , , , , , , , , , , , , , , , , , , 
P1491,0,0,0,0,1,0,0,0,0,0,4,4,4,2,1,3,3,2,1, , , , , , , , , , , , , , , , , ,1,1,1,1,2,2,1, , ,1,0,0,1,0,1,0,0,0,0,0,1,0,0,0,2,2, , , , , , , , , , , , , , , , , , , , , 
P1492,0,1,0,0,1,1,0,1,0,0,3,2,2,4,3,2,3,2,2,1,0,0,0,0,0,0,0,0,0,1,0,1,0,0,0,0,2,2,1,1,1,1,3,3,3,0,0,0,0,0,1,0,0,0,1,0,0,1,0,0,2,2, , , , , , , , , , , , , , , , , , , , , 
P1493,0,0,0,0,0,0,0,1,0,0,2,2,2,1,2,2,3,2,2,1,0,0,0,0,0,0,0,0,0,0,0,0,0,0,0,1,3,2,2,2,2,2, , , ,0,0,0,1,0,0,0,0,0,0,0,1,0,0,0,2,2, , , , , , , , , , , , , , , , , , , , , 
P1494,0,1,0,0,0,0,0,0,0,0,3,1,1,4,3,1,2,2,1, , , , , , , , , , , , , , , , , ,4,4,2,2,2,2, , , ,0,0,0,0,0,0,1,0, , , , , , , , , , , , , , , , , , , , , , , , , , , , , , 
P1495,1,1,1,0,1,1,0,1,0,0,2,1,2,2,2,1,2,2,2,1,1,0,0,0,0,0,0,0,0,0,0,1,0,1,0,0,3,3,2,1,1,2,2,2, ,0,0,0,0,0,0,1,0, , , , , , , , , , , , , , , , , , , , , , , , , , , , , , 
P1496,0,1,1,0,0,1,1,0,0,0,1,1,2,2,3,2,2,2,3,1,0,0,0,0,0,0,0,0,0,1,0,0,1,0,0,0,3,3,2,1,1,3,2,1, ,0,0,1,0,1,0,0,0,0,1,1,1,1,0,0,2,1,1,0,0,0,1,1,1,1,0,0,0,0,0,2,2,3,1,1,4,2,3
P1497,0,0,0,0,0,0,1,0,0,0,1,1,2,1,3,1,1,1,3,0,0,1,0,0,0,0,0,0,0,0,0,0,1,0,0,0,2,3,1,1,1,1,2,2,2,0,0,0,1,0,0,0,0,0,0,0,0,1,0,0,2,2,0,0,0,0,0,1,0,0,0,0,0,0,0,1,1,1,2,2,1,1,1
P1498,0,1,1,0,1,1,0,1,0,0,2,2,2,3,2,2,3,2,2,1,0,0,1,0,0,0,0,0,0,1,0,1,1,0,0,0,3,3,1,1,1,1,2,1,3,1,0,1,0,0,1,0,0,0,1,0,1,0,0,0,2,2,0,0,0,0,1,0,1,0,0,1,0,0,0,3,3,2,4,3,3,3,3
P1499,0,0,0,1,0,0,1,0,0,0,4,4,1,3,2,2,2,2,3,0,0,0,1,0,0,0,0,0,0,0,0,0,1,0,0,0,1,2,3,2,1,2, ,5, ,0,0,0,1,0,0,0,0,0,1,0,0,0,0,0,3,3,0,0,0,1,1,0,0,0,1,0,0,0,0,3,5,3,4,3,2,1,1
P1500,1,1,0,0,0,1,0,0,0,0,2,2,2,4,4,2,4,2,3,0,0,0,1,0,0,0,0,0,0,1,0,0,0,0,0,0,4,3,2,2,1,3, ,2, ,0,0,0,0,0,0,1,0, , , , , , , , , , , , , , , , , , , , , , , , , , , , , , 
P1501,1,0,1,0,0,0,0,0,0,0,1,1,1,4,4,1,2,2,2,0,0,0,0,0,0,0,0,1, , , , , , , , ,3,3,2,1,1,2,2,1, ,0,0,0,0,0,0,1,0, , , , , , , , , , , , , , , , , , , , , , , , , , , , , , 
P1502,1,1,0,0,0,0,0,0,0,0,3,2,5,3,3,2,5,2,2,1,0,0,0,0,0,0,0,0,0,0,0,0,0,0,0,1,5,5,3,1,1,3,2,2, ,0,0,0,0,0,0,1,0, , , , , , , , , , , , , , , , , , , , , , , , , , , , , , 
P1503,0,0,0,0,0,0,0,0,0,1,1,1,1,5,1,2,2,1,6, , , , , , , , , , , , , , , , , ,1,1,3,1,2,3,2, , ,0,0,0,0,0,0,0,1, , , , , , , , , , , , , , , , , , , , , , , , , , , , , , 
P1504,0,0,0,1,0,0,0,0,0,0,4,2,2,3,4,3,4,4,3,1,0,0,0,0,0,0,0,0,0,1,0,0,0,0,1,0,2,2,1,2,1,1, ,2,2,0,0,1,0,0,0,0,0,1,0,0,0,0,0,0,2,2,0,0,0,0,1,0,0,0,0,0,0,0,0,2,2,1,1,2,3,2,4
P1505,1,1,0,0,0,0,0,0,0,0,2,2,2,4,4,2,3,2,2,1,0,0,0,0,0,0,0,0,0,0,0,0,0,0,0,1,5,5,2,2,1,2, ,1, ,0,0,0,0,0,0,1,0, , , , , , , , , , , , , , , , , , , , , , , , , , , , , , 
P1506,0,1,0,0,0,0,0,0,0,0,2,2,2,3,3,2,2,1,2,0,0,0,0,0,0,0,0,1, , , , , , , , ,3,3,2,2,2,2, , , ,0,0,1,0,0,0,0,0,0,1,0,0,0,0,0,2,2, , , , , , , , , , , , , , , , , , , , , 
P1507,0,0,0,0,1,0,0,0,0,0,3,3,3,3,3,3,3,3,2,1,0,0,0,0,0,0,0,0,0,1,0,0,0,0,0,0,2,3,1,1,1,1,2,2,2,0,0,0,1,0,0,0,0,1,0,0,1,0,0,0,2,2, , , , , , , , , , , , , , , , , , , , , 
P1508,0,1,0,0,1,0,1,1,0,0,2,1,2,4,3,1,2,2,2,1,1,0,0,0,0,0,0,0,0,0,0,0,1,1,0,1,2,2,1,1,2,1,1, ,2,0,1,0,0,1,0,0,0,0,1,1,1,0,0,0,2,1,0,0,1,0,1,0,1,0,0,0,0,0,0,1,2,3,4,3,2,1,1
P1509,1,1,1,1,1,1,1,1,0,0,1,2,2,2,2,2,2,2,2,1,1,0,1,0,0,0,0,0,0,1,0,0,1,0,0,0,2,2,1,1,1,1,2,2,1,1,0,1,0,0,0,0,0,0,1,1,0,0,0,0,2,2,1,0,0,0,1,0,1,0,0,0,0,0,0,2,1,2,4,3,1,3,1
P1510,0,1,1,0,0,0,0,0,0,0,5,2,2,5,4,2,2,5,6, , , , , , , , , , , , , , , , , ,5,5,2,2,2,2, , , ,0,0,0,0,0,0,1,0, , , , , , , , , , , , , , , , , , , , , , , , , , , , , , 
P1511,0,0,0,0,0,1,0,0,0,0,2,2,2,3,3,2,3,2,1, , , , , , , , , , , , , , , , , ,3,3,2,1,1,3,2,2, ,0,0,0,0,0,0,1,0, , , , , , , , , , , , , , , , , , , , , , , , , , , , , , 
P1512,1,1,1,0,1,1,1,1,0,0,3,2,1,5,2,3,2,3,1, , , , , , , , , , , , , , , , , ,3,3,2,1,1,1,2,2,2,0,0,0,0,0,0,1,0, , , , , , , , , , , , , , , , , , , , , , , , , , , , , , 
P1513,0,0,0,0,1,1,0,0,0,0,2,2,2,3,2,1,2,2,2,1,1,0,0,0,0,0,0,0,0,0,0,0,0,0,0,1,2,1,1,2,1,1, ,2,3,0,0,0,0,1,0,0,0,0,0,0,0,1,0,0,2,2, , , , , , , , , , , , , , , , , , , , , 
P1514,0,1,0,0,0,0,0,0,0,0,5,1,2,3,4,1,5,3,2,0,0,0,0,0,0,0,0,1, , , , , , , , ,4,4,3,2,2,2, , , ,0,0,0,0,0,0,1,0, , , , , , , , , , , , , , , , , , , , , , , , , , , , , , 
P1515,0,1,1,1,1,1,0,1,0,0,1,1,2,4,1,1,1,1,1, , , , , , , , , , , , , , , , , ,1,1,1,1,1,1,2,1,1,1,1,1,1,1,1,0,0,0,1,1,1,1,0,0,1,1,1,1,0,1,1,1,0,1,1,0,0,0,0,1,1,1,2,3,3,1,1
P1516,1,0,0,0,0,0,0,0,0,0,2,2,2,2,2,2,2,2,2,0,0,0,0,0,0,0,0,1, , , , , , , , ,3,3,2,2,1,2, ,2, ,0,0,0,0,0,0,1,0, , , , , , , , , , , , , , , , , , , , , , , , , , , , , , 
P1517,0,0,0,0,0,0,0,1,0,0,5,5,5,5,5,2,5,1,2,1,0,0,1,0,0,0,0,0,0,0,0,0,0,0,0,1,5,5,3,1,1,1,2,2,2,0,0,0,0,0,0,1,0, , , , , , , , , , , , , , , , , , , , , , , , , , , , , , 
P1518,1,1,1,0,1,0,0,0,0,0,3,2,2,2,3,3,2,2,2,0,0,0,0,0,0,0,0,1, , , , , , , , ,1,3,1,1,1,2,1,1, ,1,0,1,0,0,0,0,0,1,1,0,1,0,0,0,2,2, , , , , , , , , , , , , , , , , , , , , 
P1519,0,1,0,0,0,1,0,0,0,0,2,2,2,3,3,2,5,2,6, , , , , , , , , , , , , , , , , ,3,3,2,2,2,3, , , ,0,0,0,0,0,0,1,0, , , , , , , , , , , , , , , , , , , , , , , , , , , , , , 
P1520,0,0,0,1,0,0,0,1,0,0,3,3,2,2,2,2,3,2,2,1,1,0,0,0,0,0,0,0,1,0,0,1,1,1,0,0,3,3,2,1,1,2,1,1, ,1,0,0,0,0,0,0,0,0,0,0,1,0,0,0,2,2,0,0,1,0,0,0,0,0,0,0,0,0,0,1,1,2,3,1,1,3,3
P1521,0,1,0,0,0,0,0,0,0,0,5,3,5,5,2,5,5,2,1, , , , , , , , , , , , , , , , , ,5,4,3,2,2,2, , , ,0,0,0,0,0,0,1,0, , , , , , , , , , , , , , , , , , , , , , , , , , , , , , 
P1522,0,0,0,1,0,0,0,1,0,0,4,4,5,1,4,5,4,1,5,1,1,1,1,1,0,0,0,0,1,0,0,0,0,0,1,0,3,3,2,2,2,2, , , ,0,0,0,0,0,0,1,0, , , , , , , , , ,0,0,0,0,0,0,1,0,0,0,0,0,0,1,1,2,4,3,3,3,3
P1523,1,1,0,0,1,0,0,1,0,0,2,2,2,2,2,1,3,2,2,0,0,0,1,0,0,0,0,0,0,0,0,1,1,0,0,0,1,1,2,1,1,2,2,1, ,1,0,1,0,0,0,0,0,1,0,0,0,0,0,0,2,2,0,1,0,0,1,0,0,0,0,1,0,0,0,1,1,2,3,3,3,3,1
P1524,0,0,0,0,0,1,0,0,0,0,3,1,1,2,3,1,2,2,5,1,0,0,0,0,0,0,0,0,0,0,0,1,0,0,1,0,3,1,2,2,1,2, ,1, ,0,0,0,0,0,0,1,0, , , , , , , , , , , , , , , , , , , , , , , , , , , , , , 
P1525,1,1,1,0,0,1,1,0,0,0,2,1,1,3,4,1,1,2,2,0,0,0,0,0,0,0,0,1, , , , , , , , ,5,3,1,2,1,3, ,2, ,0,0,0,0,0,0,1,0, , , , , , , , , , , , , , , , , , , , , , , , , , , , , , 
P1526,1,1,1,0,0,0,0,1,0,0,3,2,1,2,3,2,3,2,6, , , , , , , , , , , , , , , , , ,2,3,3,2,1,1, ,2,2,0,0,0,0,0,0,1,0, , , , , , , , , , , , , , , , , , , , , , , , , , , , , , 
P1527,0,1,0,0,1,1,0,0,0,0,4,3,3,5,2,3,5,2,2,1,0,0,0,0,0,0,0,0,0,0,0,1,0,0,0,0,2,4,1,1,1,2,2,2, ,0,0,0,0,0,0,1,0, , , , , , , , , , , , , , , , , , , , , , , , , , , , , , 
P1528,0,1,0,0,0,0,0,0,0,0,2,2,2,3,2,2,2,2,1, , , , , , , , , , , , , , , , , ,3,3,2,2,1,2, ,2, ,0,0,0,0,0,0,1,0, , , , , , , , , , , , , , , , , , , , , , , , , , , , , , 
P1529,0,0,0,0,1,0,0,0,0,0,1,1,5,4,2,1,5,2,2,1,0,0,0,0,0,0,0,0,0,0,0,1,0,0,0,0,2,1,2,1,1,2,1,2, ,1,0,1,0,0,0,0,0,1,0,0,1,1,0,0,2,2, , , , , , , , , , , , , , , , , , , , , 
P1530,0,1,0,0,0,1,0,1,0,0,4,2,2,4,3,2,3,2,1, , , , , , , , , , , , , , , , , ,3,3,1,2,2,2, , , ,0,0,0,0,0,1,0,0,0,1,0,0,0,0,0,1,1, , , , , , , , , , , , , , , , , , , , , 
P1531,0,0,1,0,0,0,0,0,0,0,2,2,2,3,4,2,4,2,2,0,0,0,0,0,0,0,0,1, , , , , , , , ,5,5,3,2,1,2, ,2, ,0,0,0,0,0,0,1,0, , , , , , , , , , , , , , , , , , , , , , , , , , , , , , 
P1532,1,0,0,1,0,0,0,1,0,0,2,2,3,2,3,3,3,2,2,1,0,0,0,0,1,0,0,0,0,0,1,0,1,0,0,1,3,3,2,1,1,2,2,2, ,0,0,0,0,0,0,1,0, , , , , , , , , ,1,1,1,0,0,0,0,0,0,0,1,0,0,2,2,2,4,3,3,3,1
P1533,0,0,1,0,1,0,0,1,0,0,2,2,2,2,2,2,2,2,5,0,1,0,0,0,0,0,0,0,0,0,0,0,1,0,0,0,2,2,1,1,1,1,1,1,1,0,1,0,1,0,0,0,0,1,0,0,1,1,0,0,2,2,0,1,0,0,1,0,0,0,0,1,1,0,0,2,2,1,1,1,3,2,1
P1534,0,1,0,0,0,1,0,1,0,0,2,2,2,3,4,2,3,2,6, , , , , , , , , , , , , , , , , ,2,2,3,2,1,3, ,1, ,1,1,0,0,0,0,0,0,0,1,0,0,0,0,0,2,2, , , , , , , , , , , , , , , , , , , , , 
P1535,1,1,0,0,1,0,0,1,0,0,3,2,2,2,2,2,2,2,2,0,0,0,0,0,0,0,1,0,0,0,0,0,0,0,1,0,3,3,2,1,1,2,3,3, ,1,0,0,0,0,1,0,0,0,1,0,0,0,0,0,2,2, , , , , , , , , , , , , , , , , , , , , 
P1536,1,0,0,0,0,1,0,1,0,0,1,2,1,4,3,2,5,2,1, , , , , , , , , , , , , , , , , ,3,3,2,1,1,2,2,2, ,0,0,1,0,0,1,0,0,0,1,0,0,0,0,0,2,2, , , , , , , , , , , , , , , , , , , , , 
P1537,1,0,1,0,0,0,0,0,0,0,4,4,3,4,4,4,4,4,1, , , , , , , , , , , , , , , , , ,5,5,3,2,1,2, ,2, ,0,1,0,0,1,0,0,0,1,1,0,0,0,0,0,2,2, , , , , , , , , , , , , , , , , , , , , 
P1538,1,1,0,1,1,0,0,0,0,0,1,1,1,1,1,1,2,1,5,1,0,0,0,0,0,0,0,0,0,0,0,1,1,1,1,0,2,4,1,1,1,1,1,1,1,0,0,1,1,0,1,0,0,0,1,0,1,1,0,0,2,2,0,0,1,0,1,1,0,0,0,0,0,0,0,1,1,3,2,1,1,1,1
P1539,0,1,0,0,0,0,0,0,0,0,5,3,5,4,3,5,3,5,1, , , , , , , , , , , , , , , , , ,5,5,3,3,3,3, , , ,0,0,0,0,0,0,1,0, , , , , , , , , , , , , , , , , , , , , , , , , , , , , , 
P1540,0,1,0,0,0,0,0,1,0,0,2,2,2,2,2,2,2,2,2,1,0,0,0,0,0,0,0,0,0,0,0,0,0,0,0,1,5,5,2,2,2,2, , , ,1,1,1,1,1,0,0,0,0,0,0,0,1,0,0,2,2, , , , , , , , , , , , , , , , , , , , , 
P1541,1,1,1,0,0,0,0,0,0,0,2,1,2,4,5,2,5,3,1, , , , , , , , , , , , , , , , , ,5,4,2,2,1,2, ,2, ,0,0,0,0,0,0,1,0, , , , , , , , , , , , , , , , , , , , , , , , , , , , , , 
P1542,0,0,1,1,1,0,1,1,0,0,4,1,3,3,4,1,1,1,3,1,0,0,1,0,0,0,0,0,0,0,0,0,1,1,0,0,1,2,1,1,1,1,1,1,2,1,0,0,1,0,0,0,0,1,0,0,0,0,0,0,2,2,0,1,0,0,1,0,0,0,0,0,1,0,0,1,1,2,1,1,1,3,3
P1543,0,0,0,0,1,0,0,0,0,0,4,4,4,1,5,5,1,2,6, , , , , , , , , , , , , , , , , ,1,3,1,3,1,3, ,3, ,0,0,1,0,0,0,0,0,0,0,0,1,0,0,0,3,1, , , , , , , , , , , , , , , , , , , , , 
P1544,0,1,0,0,1,0,1,1,0,0,3,2,3,3,2,4,2,2,2,0,0,0,0,1,0,0,0,0,0,1,1,0,1,0,0,0,3,3,2,1,2,1,2, ,2,1,0,0,0,0,0,0,0,1,0,0,1,0,0,0,2,2,0,0,1,1,1,0,1,0,0,0,0,0,0,2,2,2,4,2,3,1,1
P1545,0,0,0,0,0,1,0,0,0,0,2,2,2,3,3,3,2,3,6, , , , , , , , , , , , , , , , , ,5,4,3,2,1,2, ,5, ,0,0,0,0,0,0,1,0, , , , , , , , , , , , , , , , , , , , , , , , , , , , , , 
P1546,0,1,0,0,0,0,0,0,0,0,3,2,2,4,3,2,4,2,2,0,0,0,0,0,0,0,0,1, , , , , , , , ,4,3,2,2,2,2, , , ,0,0,0,0,0,0,1,0, , , , , , , , , , , , , , , , , , , , , , , , , , , , , , 
P1547,0,1,1,0,1,0,0,0,0,0,2,3,2,3,3,2,4,2,6, , , , , , , , , , , , , , , , , ,5,5,3,1,2,2,2, , ,1,0,0,0,0,0,0,0,0,0,0,1,1,0,0,2,2, , , , , , , , , , , , , , , , , , , , , 
P1548,0,1,1,0,0,1,0,1,0,0,3,1,2,4,4,2,5,2,2,0,0,0,0,0,0,0,0,1, , , , , , , , ,4,3,2,2,2,2, , , ,0,0,0,0,0,0,1,0, , , , , , , , , , , , , , , , , , , , , , , , , , , , , , 
P1549,1,1,0,0,0,0,0,0,0,0,1,2,1,4,4,2,4,3,1, , , , , , , , , , , , , , , , , ,3,3,2,2,1,2, ,2, ,0,0,0,0,0,0,1,0, , , , , , , , , , , , , , , , , , , , , , , , , , , , , , 
P1550,0,1,1,0,1,1,0,1,0,0,2,2,2,2,2,2,2,2,3,0,1,0,0,0,0,0,0,0,1,0,0,1,0,1,1,1,3,3,2,1,2,2,2, , ,0,1,1,0,1,1,0,0,1,0,1,1,0,0,0,2,2, , , , , , , , , , , , , , , , , , , , , 
P1551,0,1,0,0,0,0,0,1,0,0,2,1,1,1,1,1,3,2,4,1,0,0,1,0,0,0,0,0,0,0,1,1,1,0,0,0,1,2,1,1,2,1,1, ,1,0,0,0,1,0,0,0,0,0,0,0,0,1,0,0,2,2,0,0,0,0,0,0,0,0,1,0,0,0,0,1,2,3,3,1,2,2,2
P1552,1,0,0,0,0,0,0,0,0,0,2,2,2,3,4,2,3,3,2,0,0,0,0,0,0,0,0,1, , , , , , , , ,4,4,2,2,1,2, ,2, ,0,0,0,0,0,0,1,0, , , , , , , , , , , , , , , , , , , , , , , , , , , , , , 
P1553,0,1,1,1,1,0,1,1,0,0,1,1,1,2,2,2,2,2,3,1,1,0,1,0,0,0,0,0,0,1,1,1,1,0,0,0,2,2,1,1,2,1,2, ,2,1,0,0,1,1,0,0,0,1,1,0,0,1,0,0,2,2,1,0,0,1,0,1,0,0,0,1,0,0,0,2,2,2,4,3,1,3,3
P1554,0,1,1,0,0,1,0,0,0,0,3,2,2,3,4,1,3,3,2,0,0,0,0,0,0,0,0,1, , , , , , , , ,4,5,2,2,2,2, , , ,0,1,0,0,1,0,0,0,0,0,0,0,1,0,0,2,2, , , , , , , , , , , , , , , , , , , , , 
P1555,0,1,0,0,0,0,0,0,0,0,2,2,2,5,5,5,5,5,1, , , , , , , , , , , , , , , , , ,3,5,3,2,2,2, , , ,0,0,0,0,0,0,1,0, , , , , , , , , , , , , , , , , , , , , , , , , , , , , , 
P1556,0,0,0,0,1,0,0,0,0,0,4,3,4,4,1,4,4,4,1, , , , , , , , , , , , , , , , , ,3,3,2,1,2,2,1, , ,0,1,0,1,1,0,0,0,0,0,0,1,0,0,0,2,2, , , , , , , , , , , , , , , , , , , , , 
P1557,0,0,0,0,0,0,0,0,0,1,5,5,5,5,5,5,5,5,1, , , , , , , , , , , , , , , , , ,4,4,2,3,3,3, , , ,0,0,0,0,0,0,1,0, , , , , , , , , , , , , , , , , , , , , , , , , , , , , , 
P1558,0,1,0,0,0,0,0,0,0,0,4,4,4,4,3,4,4,4,2,1,0,0,0,0,0,0,0,0,0,0,0,0,0,0,0,1,1,1,2,1,2,1,2, ,2,0,0,0,0,0,0,1,0, , , , , , , , , , , , , , , , , , , , , , , , , , , , , , 
P1559,0,0,0,0,0,1,0,1,0,0,3,2,3,5,3,2,5,2,6, , , , , , , , , , , , , , , , , ,2,2,1,2,1,2, ,2, ,0,0,0,0,0,1,0,0,0,1,0,0,0,0,0,2,2, , , , , , , , , , , , , , , , , , , , , 
P1560,0,1,0,0,0,0,0,0,0,0,1,1,1,3,1,1,2,2,6, , , , , , , , , , , , , , , , , ,5,3,3,1,1,1,3,2,4,0,0,0,0,1,0,0,0,0,0,0,0,0,0,1,2,2, , , , , , , , , , , , , , , , , , , , , 
P1561,0,0,0,1,1,0,0,1,0,0,1,1,1,1,1,1,1,1,4,1,1,0,0,0,0,1,0,0,1,1,1,1,1,1,1,1,2,2,1,1,1,1,1,1,1,1,1,1,1,1,1,0,0,1,1,1,1,0,0,0,2,2,1,0,1,1,1,1,1,1,0,1,1,0,0,1,1,3,1,1,1,1,1
P1562,0,1,1,0,1,1,0,0,0,0,3,1,2,3,2,2,2,2,3,0,0,0,0,0,0,0,1,0,0,0,0,1,0,0,1,0,3,1,2,1,1,2,1,1, ,1,1,1,0,0,0,0,0,0,1,0,0,1,0,0,2,2, , , , , , , , , , , , , , , , , , , , , 
P1563,0,1,0,1,1,0,0,0,0,0,3,1,2,1,4,2,4,3,4,1,0,0,0,0,0,0,0,0,0,0,0,1,1,1,0,0,2,2,1,1,2,1,1, ,1,1,1,0,0,1,0,0,0,0,1,0,0,0,0,0,2,2,0,0,0,0,1,0,0,0,0,0,1,0,0,1,2,1,1,1,2,2,1
P1564,0,0,0,0,1,0,0,0,0,0,1,5,1,1,1,2,5,1,2,1,0,0,0,0,0,0,0,0,0,0,0,0,0,0,1,0,3,3,1,1,1,2,1,1, ,0,0,0,0,1,0,0,0,0,1,0,0,0,0,0,2,2, , , , , , , , , , , , , , , , , , , , , 
P1565,1,1,0,0,0,0,0,0,0,0,2,2,2,2,2,2,2,2,2,1,0,0,0,0,0,0,0,0,0,0,0,0,0,1,0,0,3,3,3,2,2,2, , , ,0,0,0,0,0,0,1,0, , , , , , , , , , , , , , , , , , , , , , , , , , , , , , 
P1566,0,0,0,0,1,0,0,0,0,0,2,2,2,3,3,3,5,3,1, , , , , , , , , , , , , , , , , ,5,3,2,2,2,2, , , ,0,0,0,0,0,0,0,1, , , , , , , , , , , , , , , , , , , , , , , , , , , , , , 
P1567,1,1,1,1,1,0,1,1,0,0,2,2,1,2,1,1,1,1,5,1,0,0,1,0,1,0,0,0,1,0,0,1,1,0,0,1,3,2,1,1,1,2,1,1, ,0,0,1,1,1,1,0,0,1,0,1,0,1,0,0,2,2,1,0,1,0,0,0,0,1,1,0,0,0,0,1,1,3,2,1,1,1,1
P1568,1,0,1,0,0,0,0,0,0,0,2,2,1,5,3,3,5,2,1, , , , , , , , , , , , , , , , , ,3,3,3,2,1,3, ,2, ,1,0,1,0,0,0,0,0,0,1,0,0,0,0,0,2,2, , , , , , , , , , , , , , , , , , , , , 
P1569,1,1,0,1,1,1,1,1,0,0,1,1,2,3,3,1,2,1,2,1,0,0,0,0,0,0,0,0,0,0,0,1,0,0,1,0,1,3,2,1,1,1,2,2,2,1,0,1,0,0,1,0,0,0,1,0,0,1,0,0,2,2,0,0,0,0,1,1,0,0,0,0,1,0,0,2,2,2,4,3,4,3,3
P1570,0,1,0,0,0,1,0,0,0,0,3,2,2,4,4,2,3,3,6, , , , , , , , , , , , , , , , , ,4,3,2,2,2,2, , , ,0,0,0,0,0,0,1,0, , , , , , , , , , , , , , , , , , , , , , , , , , , , , , 
P1571,1,0,0,0,1,0,0,1,0,0,2,5,5,5,2,5,2,2,1, , , , , , , , , , , , , , , , , ,5,5,2,1,1,2,2,2, ,1,0,0,0,0,0,0,0,0,0,0,0,1,0,0,3,3, , , , , , , , , , , , , , , , , , , , , 
P1572,0,0,0,0,0,0,0,0,0,1,2,2,2,2,2,2,2,2,2,0,0,0,0,0,0,0,0,1, , , , , , , , ,3,3,2,2,2,2, , , ,0,0,0,0,0,0,1,0, , , , , , , , , , , , , , , , , , , , , , , , , , , , , , 
P1573,0,1,1,1,1,1,0,0,0,0,4,2,2,2,2,2,3,2,3,1,0,0,0,0,0,1,0,0,0,1,0,0,1,0,0,0,3,5,1,1,2,1,2, ,2,0,0,0,0,0,1,0,0,0,1,1,1,0,0,0,2,2,0,0,0,1,1,0,0,0,0,0,0,0,0,2,2,2,4,3,3,3,1
P1574,0,0,0,0,1,0,0,0,0,0,2,2,2,2,2,2,2,2,1, , , , , , , , , , , , , , , , , ,3,3,2,1,1,1,1,1,4,0,0,1,1,0,0,0,0,0,1,0,0,0,0,0,2,2, , , , , , , , , , , , , , , , , , , , , 
P1575,0,1,0,0,0,1,0,0,0,0,2,1,2,5,4,1,5,2,1, , , , , , , , , , , , , , , , , ,4,3,2,2,1,2, ,2, ,1,0,0,0,0,0,0,0,1,0,0,0,0,0,0,2,2, , , , , , , , , , , , , , , , , , , , , 
P1576,0,0,0,0,1,1,0,1,0,0,4,2,2,2,2,4,2,2,2,0,0,0,0,0,0,0,0,1, , , , , , , , ,3,2,2,2,2,2, , , ,1,0,0,0,1,1,0,0,0,0,0,1,0,0,0,2,2, , , , , , , , , , , , , , , , , , , , , 
P1577,0,0,0,0,0,1,0,1,0,0,2,2,2,3,3,2,2,2,2,0,0,0,0,0,0,0,0,1, , , , , , , , ,3,3,1,1,2,2,2, , ,0,0,0,0,0,0,1,0, , , , , , , , , , , , , , , , , , , , , , , , , , , , , , 
P1578,1,1,0,1,1,1,0,1,0,0,2,2,2,2,3,2,2,2,3,1,0,0,0,0,0,0,0,0,0,0,1,0,1,0,0,0,1,3,2,1,1,1,1,1,1,1,0,0,1,1,1,0,0,0,1,1,1,0,0,0,2,2,1,0,1,0,0,0,0,1,0,1,1,0,0,2,2,1,4,1,2,2,1
P1579,1,1,0,1,1,1,0,1,0,0,2,2,2,4,3,3,3,2,5,1,0,0,0,0,1,0,0,0,0,1,0,0,1,0,0,1,2,2,1,1,1,2,2,2, ,0,0,1,1,0,0,0,0,0,0,0,1,1,0,0,1,1,1,1,0,0,0,0,0,0,0,0,1,0,0,2,2,3,3,1,3,2,3
P1580,1,1,0,0,0,0,0,0,0,0,2,2,5,4,2,2,2,5,1, , , , , , , , , , , , , , , , , ,3,3,2,2,1,2, ,2, ,0,0,0,0,0,0,1,0, , , , , , , , , , , , , , , , , , , , , , , , , , , , , , 
P1581,0,0,0,0,0,1,0,0,0,0,1,1,1,1,1,1,1,2,2,0,0,0,0,0,1,0,0,0,0,0,0,0,0,0,0,1,1,1,1,1,1,1,1,2,1,0,0,1,0,0,0,0,0,1,1,0,0,0,0,0,2,2, , , , , , , , , , , , , , , , , , , , , 
P1582,0,1,1,0,1,1,0,0,0,0,2,2,2,2,3,2,2,2,2,0,0,0,0,0,0,0,1,0,0,0,0,0,0,0,0,1,3,3,2,3,1,3, ,2, ,0,0,0,0,0,0,1,0, , , , , , , , , , , , , , , , , , , , , , , , , , , , , , 
P1583,0,1,1,0,0,1,0,0,0,0,1,2,2,2,3,1,3,2,2,1,0,0,0,0,0,0,0,0,1,0,0,1,0,0,0,0,3,3,2,1,1,2,1,1, ,0,0,0,0,1,0,0,0,1,0,0,0,0,0,0,2,2, , , , , , , , , , , , , , , , , , , , , 
P1584,1,1,0,0,1,0,0,1,0,0,1,1,1,2,1,1,1,1,5,1,1,0,1,0,0,0,0,0,0,0,1,0,1,0,0,0,1,1,2,1,1,1,2,2,2,0,0,0,0,0,0,1,0, , , , , , , , , ,1,0,0,0,1,0,0,0,0,0,1,0,0,1,1,2,4,3,3,3,2
P1585,0,0,1,0,0,1,0,0,0,0,3,3,1,3,4,1,3,2,2,0,0,0,0,0,0,0,0,1, , , , , , , , ,3,3,2,1,2,2,2, , ,0,1,0,0,0,0,0,0,1,0,0,0,0,0,0,2,2, , , , , , , , , , , , , , , , , , , , , 
P1586,1,0,0,1,0,0,1,1,0,0,2,2,1,1,2,1,3,2,2,1,1,0,1,0,0,1,0,0,1,0,0,0,1,1,0,1,1,2,2,1,2,2,3, , ,0,1,0,0,0,0,0,0,0,0,0,1,0,0,0,1,2,1,0,0,1,0,0,1,0,0,0,0,0,0,1,3,3,1,1,3,1,1
P1587,0,1,0,0,0,0,0,0,0,0,2,1,1,4,4,1,5,2,2,0,0,0,0,0,0,0,0,1, , , , , , , , ,4,1,2,2,2,2, , , ,0,0,0,0,0,0,1,0, , , , , , , , , , , , , , , , , , , , , , , , , , , , , , 
P1588,1,0,1,0,0,1,0,1,0,0,2,3,2,3,3,2,2,2,2,0,0,0,0,0,0,0,1,0,0,0,1,0,0,0,0,1,3,3,2,1,1,3,2,1, ,1,0,0,0,0,0,0,0,0,1,0,0,0,0,0,2,2, , , , , , , , , , , , , , , , , , , , , 
P1589,0,1,1,0,1,1,1,0,0,0,2,2,2,1,2,2,2,3,3,1,0,0,0,0,0,0,0,0,1,0,0,0,1,0,0,1,2,1,2,1,2,1,2, ,2,1,0,1,0,0,0,0,0,1,0,0,1,0,0,0,2,2,0,0,1,0,1,0,0,0,0,0,1,0,0,2,2,3,2,3,3,1,1
P1590,1,1,0,0,1,0,0,0,0,0,2,2,2,2,2,1,2,3,1, , , , , , , , , , , , , , , , , ,3,2,1,2,1,3, ,3, ,1,1,0,0,1,0,0,0,0,1,0,1,1,0,0,2,2, , , , , , , , , , , , , , , , , , , , , 
P1591,1,1,0,0,1,0,0,1,0,0,2,2,3,2,2,2,2,1,2,0,1,0,1,0,0,0,0,0,0,0,0,0,1,0,0,0,2,2,3,1,1,1,2,2,2,1,1,0,0,0,1,0,0,1,1,0,1,0,0,0,2,2,1,0,1,1,1,1,1,0,0,0,0,0,0,3,2,4,3,4,3,3,1
P1592,0,1,0,0,0,1,0,0,0,0,3,3,3,4,4,3,4,3,2,1,0,0,0,0,0,0,0,0,0,0,0,0,0,0,0,1,4,3,2,2,1,2, ,2, ,0,0,0,0,0,0,1,0, , , , , , , , , , , , , , , , , , , , , , , , , , , , , , 
P1593,1,1,1,0,1,0,1,1,0,0,1,1,1,1,1,1,1,1,4,1,0,0,0,0,0,0,0,0,1,1,0,1,1,1,0,0,1,1,1,1,1,1,1,1,1,1,1,1,0,1,0,0,0,1,1,1,1,1,0,0,2,2,1,0,1,0,1,1,0,0,1,1,0,0,0,1,1,2,4,1,1,2,1
P1594,1,1,1,0,0,0,0,1,1,0,1,1,1,1,1,1,1,1,4,0,0,1,0,0,0,1,0,0,0,1,0,0,0,0,0,0,3,2,2,1,1,1,2,2,2,0,1,0,0,1,0,0,0,0,0,1,0,0,0,0,2,2, , , , , , , , , , , , , , , , , , , , , 
P1595,0,0,1,0,0,1,1,0,0,0,1,5,1,1,5,3,2,1,4,1,0,0,0,0,0,0,0,0,0,0,0,0,0,1,0,0,2,1,2,2,1,2, ,3, ,0,1,0,0,1,0,0,0,0,0,0,1,0,0,0,2,1, , , , , , , , , , , , , , , , , , , , , 
P1596,0,1,0,0,1,0,0,0,0,0,3,3,2,3,2,2,2,3,2,1,0,0,0,0,0,0,0,0,0,0,0,0,0,0,1,0,3,3,2,1,2,2,2, , ,0,0,0,0,1,1,0,0,0,1,0,0,0,0,0,2,2, , , , , , , , , , , , , , , , , , , , , 
P1597,1,0,0,0,0,1,1,0,0,0,2,2,2,3,4,2,2,2,2,1,0,0,0,0,0,0,0,0,0,0,0,0,1,0,0,0,1,3,2,2,1,2, ,2, ,0,0,0,0,0,0,1,0, , , , , , , , , ,0,1,0,0,0,0,0,0,0,0,0,0,0,2,2,2,4,3,3,3,3
P1598,1,1,1,0,1,1,0,1,0,0,2,2,2,2,3,2,2,2,2,1,1,0,0,0,0,0,0,0,1,0,0,1,1,0,1,1,3,3,1,1,1,3,1,1, ,1,1,1,0,0,1,0,0,1,1,0,0,1,0,0,2,2,1,0,1,0,1,1,1,0,0,1,1,0,0,1,2,2,4,3,2,3,1
P1599,0,1,0,0,0,0,0,0,0,0,3,2,2,4,4,2,4,3,1, , , , , , , , , , , , , , , , , ,4,4,2,2,2,3, , , ,0,0,0,0,0,0,1,0, , , , , , , , , , , , , , , , , , , , , , , , , , , , , , 
P1600,0,0,0,0,0,0,0,0,0,1,3,3,5,4,4,3,3,5,6, , , , , , , , , , , , , , , , , ,4,4,2,2,2,2, , , ,0,0,0,0,0,0,1,0, , , , , , , , , , , , , , , , , , , , , , , , , , , , , , 
P1601,0,0,0,1,1,0,1,1,0,0,1,2,3,2,2,3,2,2,4,1,0,0,0,0,0,0,0,0,0,1,0,0,0,0,0,1,1,1,1,1,3,1,2, ,1,0,1,1,0,1,0,0,0,0,0,0,1,0,0,0,2,2,1,0,0,0,0,1,0,1,0,0,0,0,0,2,1,1,1,3,1,2,1
P1602,0,0,0,0,1,0,1,0,0,0,2,3,2,3,2,2,2,2,1, , , , , , , , , , , , , , , , , ,3,3,2,1,1,2,2,2, ,1,0,0,0,0,0,0,0,0,1,0,0,0,0,0,2,2, , , , , , , , , , , , , , , , , , , , , 
P1603,1,1,1,0,1,0,1,1,0,0,1,1,1,2,2,1,1,1,4,1,1,0,1,1,0,0,0,0,0,1,1,1,1,1,0,1,2,1,1,1,1,1,1,1,1,1,0,1,1,1,1,0,0,0,1,1,1,1,0,0,2,2,1,0,1,1,1,1,1,1,0,1,0,0,0,1,1,3,2,1,1,1,3
P1604,1,0,0,0,1,1,0,0,0,0,2,2,2,3,4,2,2,3,2,1,0,0,0,0,0,0,0,0,0,0,0,0,0,0,1,1,3,3,1,1,1,2,2,2, ,1,0,0,0,0,0,0,0,1,1,0,0,0,0,0,2,2, , , , , , , , , , , , , , , , , , , , , 
P1605,0,1,1,0,0,0,0,0,0,0,3,1,1,4,4,1,5,3,6, , , , , , , , , , , , , , , , , ,4,5,3,2,3,2, , , ,0,0,0,0,0,0,0,1, , , , , , , , , , , , , , , , , , , , , , , , , , , , , , 
P1606,0,0,0,0,0,0,1,0,0,0,4,5,5,2,5,4,3,4,6, , , , , , , , , , , , , , , , , ,5,5,3,3,2,1, , ,5,0,0,0,1,0,0,0,0,0,0,0,0,0,0,1,3,3, , , , , , , , , , , , , , , , , , , , , 
P1607,0,0,0,0,0,0,0,1,0,0,4,1,4,2,1,1,4,1,2,1,0,0,0,0,0,0,0,0,0,0,0,0,0,0,0,1,2,3,2,1,2,1,2, ,2,1,0,0,0,0,0,0,0,0,0,0,1,0,0,0,2,2, , , , , , , , , , , , , , , , , , , , , 
P1608,0,1,1,1,0,0,0,0,0,0,2,1,2,1,3,2,1,1,3,1,1,0,1,0,0,0,0,0,1,0,1,0,1,0,0,0,1,1,1,1,1,1,1,1,2,0,0,0,0,1,0,0,0,1,1,0,0,0,0,0,2,2,0,1,0,0,1,0,0,0,0,0,0,0,0,2,2,2,4,1,3,3,1
P1609,0,1,0,0,1,1,0,1,0,0,2,2,2,3,2,1,4,2,3,0,0,0,0,1,0,0,0,0,0,0,0,1,1,0,0,0,2,2,1,1,1,1,2,3,2,1,0,1,1,1,0,0,0,0,1,1,1,0,0,0,2,2,0,0,0,0,1,0,1,0,0,1,0,0,0,2,2,2,4,3,3,3,1
P1610,1,1,0,0,1,1,0,1,0,0,3,2,2,5,2,2,5,2,2,0,0,0,1,0,0,0,0,0,0,1,0,0,1,0,0,0,3,3,2,1,1,3,2,2, ,0,0,0,0,0,0,1,0, , , , , , , , , ,0,0,0,0,0,0,1,0,0,1,0,0,0,2,5,2,4,3,3,3,1
P1611,0,0,0,0,1,0,0,0,0,0,3,1,2,2,2,2,1,1,3,0,0,0,0,0,1,0,0,0,1,0,1,0,0,0,0,0,1,1,1,1,1,1,1,1,1,0,0,1,0,1,0,0,0,0,0,0,1,0,0,0,2,2, , , , , , , , , , , , , , , , , , , , , 
P1612,0,0,0,0,0,1,0,0,0,0,4,3,1,1,1,3,3,1,5,0,0,0,0,0,1,0,0,0,0,0,0,0,0,1,0,0,1,1,1,1,1,1,3,2,2,0,0,0,0,0,0,1,0, , , , , , , , , , , , , , , , , , , , , , , , , , , , , , 
P1613,1,1,1,0,1,1,1,1,0,0,1,2,2,2,3,1,2,2,3,1,0,0,1,0,0,0,0,0,0,1,0,0,1,1,0,0,3,1,1,2,1,1, ,1,2,0,0,1,0,0,1,0,0,1,0,1,1,1,0,0,2,2,1,0,1,1,1,1,0,0,0,1,0,0,0,2,2,2,4,1,3,3,1
P1614,1,1,1,0,0,1,0,0,0,0,2,2,2,5,4,1,4,3,1, , , , , , , , , , , , , , , , , ,3,3,2,2,1,2, ,2, ,0,0,0,0,0,0,1,0, , , , , , , , , , , , , , , , , , , , , , , , , , , , , , 
P1615,0,0,0,0,0,0,0,0,1,0,4,3,2,5,4,3,5,2,1, , , , , , , , , , , , , , , , , ,5,5,2,2,3,3, , , ,0,0,0,0,0,0,1,0, , , , , , , , , , , , , , , , , , , , , , , , , , , , , , 
P1616,1,1,0,1,1,0,0,1,0,0,2,2,2,2,2,3,1,1,2,1,0,0,0,0,0,0,0,0,0,0,0,0,1,0,0,0,3,1,1,1,1,1,2,2,2,0,0,1,0,0,0,0,0,0,1,0,0,0,0,0,2,2,1,0,0,0,1,0,1,0,0,0,0,0,0,1,2,2,4,3,3,3,3
P1617,0,0,1,1,1,0,0,1,0,0,2,3,1,1,2,2,2,1,5,1,1,0,1,0,0,0,0,0,1,0,0,0,1,0,1,0,1,1,1,1,1,1,2,2,2,1,0,0,1,0,0,0,0,0,1,1,1,0,0,0,2,2,0,0,0,0,1,1,1,0,0,0,0,0,0,1,2,2,4,3,3,3,3
P1618,1,1,0,0,0,0,0,0,0,0,2,2,2,5,4,2,5,5,1, , , , , , , , , , , , , , , , , ,3,3,2,2,2,3, , , ,1,1,1,1,1,0,0,0,1,0,0,0,0,0,0,2,2, , , , , , , , , , , , , , , , , , , , , 
P1619,0,1,0,1,1,1,0,1,0,0,2,3,2,5,3,2,3,2,3,0,0,0,1,0,0,0,0,0,0,0,0,0,0,0,0,1,3,3,2,1,1,3,2,2, ,0,0,0,0,1,0,0,0,1,1,1,1,1,0,0,2,2,0,1,1,0,0,0,0,0,0,1,0,0,0,2,2,3,1,1,1,1,3
P1620,1,0,0,0,1,0,0,0,0,0,4,3,4,3,3,4,3,4,3,1,0,0,0,0,0,0,0,0,1,0,0,0,0,0,0,0,2,2,2,2,2,2, , , ,0,1,0,0,0,0,0,0,1,0,0,0,0,0,0,2,2, , , , , , , , , , , , , , , , , , , , , 
P1621,0,0,0,0,0,0,0,0,0,1,4,4,4,4,4,4,4,4,2,1,0,0,0,0,0,0,0,0,0,0,0,0,0,0,0,1,5,5,1,2,1,3, ,2, ,0,0,0,0,0,0,1,0, , , , , , , , , , , , , , , , , , , , , , , , , , , , , , 
P1622,1,1,1,0,0,1,1,0,0,0,2,2,2,3,3,2,2,2,1, , , , , , , , , , , , , , , , , ,3,3,2,1,1,3,2,1, ,0,0,0,0,0,0,1,0, , , , , , , , , , , , , , , , , , , , , , , , , , , , , , 
P1623,0,1,0,0,0,1,1,0,1,0,3,3,2,3,3,2,2,2,1, , , , , , , , , , , , , , , , , ,1,2,1,2,1,1, ,2,2,0,0,0,0,0,0,1,0, , , , , , , , , , , , , , , , , , , , , , , , , , , , , , 
P1624,1,1,0,1,0,0,0,0,0,0,1,2,1,1,2,1,1,1,2,0,1,1,0,0,0,0,0,0,0,0,0,1,1,0,0,0,2,1,1,1,1,1,2,2,3,0,1,0,0,0,0,0,0,0,1,0,0,1,0,0,2,2,0,1,0,0,0,0,0,0,0,1,0,0,0,2,2,1,1,3,2,3,3
P1625,0,0,0,0,0,1,0,0,0,0,5,5,5,5,5,5,5,5,6, , , , , , , , , , , , , , , , , ,5,4,3,3,3,3, , , ,0,0,0,0,0,0,0,1, , , , , , , , , , , , , , , , , , , , , , , , , , , , , , 
P1626,1,0,0,0,1,1,0,1,0,0,2,2,2,3,3,2,3,2,1, , , , , , , , , , , , , , , , , ,3,3,2,2,1,2, ,1, ,1,1,1,0,1,0,0,0,1,1,0,0,1,0,0,2,2, , , , , , , , , , , , , , , , , , , , , 
P1627,0,1,0,0,0,0,0,0,0,0,3,2,2,4,3,3,5,4,3,1,0,0,0,0,0,0,0,0,0,0,0,1,0,0,0,0,3,3,3,2,2,2, , , ,0,0,0,0,0,0,1,0, , , , , , , , , , , , , , , , , , , , , , , , , , , , , , 
P1628,1,0,0,1,1,0,0,0,0,0,2,2,2,1,2,2,2,2,2,1,1,0,0,0,0,0,0,0,1,0,0,1,0,0,0,1,2,3,1,1,1,2,2,2, ,0,0,1,0,0,1,0,0,1,1,0,1,0,0,0,2,2,1,0,0,0,1,0,0,0,0,0,0,0,0,5,2,2,2,3,1,4,1
P1629,0,0,0,0,0,0,0,0,0,1,3,3,3,3,3,3,3,3,1, , , , , , , , , , , , , , , , , ,4,4,2,2,2,2, , , ,0,0,0,0,0,0,1,0, , , , , , , , , , , , , , , , , , , , , , , , , , , , , , 
P1630,0,0,0,0,0,0,0,0,0,1,5,4,4,3,4,4,4,3,2,0,0,0,0,0,0,0,0,1, , , , , , , , ,4,4,3,2,2,3, , , ,0,0,0,0,0,0,0,1, , , , , , , , , , , , , , , , , , , , , , , , , , , , , , 
P1631,0,0,0,0,0,0,0,0,0,1,3,2,4,3,3,2,3,2,2,0,0,0,0,0,0,0,0,1, , , , , , , , ,2,2,3,1,2,2,4, , ,0,0,0,0,0,0,1,0, , , , , , , , , , , , , , , , , , , , , , , , , , , , , , 
P1632,0,1,0,0,0,0,0,1,0,0,2,1,2,3,2,1,3,1,1, , , , , , , , , , , , , , , , , ,3,3,2,2,2,2, , , ,0,0,0,0,0,0,1,0, , , , , , , , , , , , , , , , , , , , , , , , , , , , , , 
P1633,0,1,0,0,1,0,0,0,0,0,2,1,2,4,2,1,5,2,1, , , , , , , , , , , , , , , , , ,3,4,1,1,1,2,2,1, ,0,0,0,0,0,0,1,0, , , , , , , , , , , , , , , , , , , , , , , , , , , , , , 
P1634,0,1,0,0,0,1,0,1,0,0,3,2,2,3,4,2,4,2,1, , , , , , , , , , , , , , , , , ,4,5,3,2,1,2, ,2, ,0,0,0,0,0,0,1,0, , , , , , , , , , , , , , , , , , , , , , , , , , , , , , 
P1635,0,1,1,0,0,0,0,0,0,0,3,1,1,2,4,2,5,2,2,0,0,0,0,0,0,0,0,1, , , , , , , , ,3,1,2,2,2,2, , , ,0,0,0,0,1,0,0,0,1,0,0,0,0,0,0,2,2, , , , , , , , , , , , , , , , , , , , , 
P1636,0,0,0,0,0,0,0,0,0,1,4,2,4,4,4,4,4,1,1, , , , , , , , , , , , , , , , , ,3,4,2,2,2,2, , , ,0,0,0,0,0,0,1,0, , , , , , , , , , , , , , , , , , , , , , , , , , , , , , 
P1637,0,1,1,0,0,0,0,0,0,0,2,2,2,3,3,2,2,2,3,1,0,0,0,0,0,0,0,0,0,0,1,0,0,0,0,0,5,5,1,2,1,2, ,2, ,0,0,0,0,0,0,1,0, , , , , , , , , , , , , , , , , , , , , , , , , , , , , , 
P1638,1,1,1,0,0,1,0,1,0,0,2,2,1,4,4,1,2,3,1, , , , , , , , , , , , , , , , , ,4,2,1,2,1,2, ,2, ,0,0,0,0,0,0,1,0, , , , , , , , , , , , , , , , , , , , , , , , , , , , , , 
P1639,0,0,0,0,0,0,1,0,0,0,3,2,2,4,4,2,2,3,6, , , , , , , , , , , , , , , , , ,4,5,3,2,2,3, , , ,0,0,0,0,0,0,1,0, , , , , , , , , , , , , , , , , , , , , , , , , , , , , , 
P1640,1,1,1,0,0,1,0,0,0,0,2,1,1,3,3,1,3,2,1, , , , , , , , , , , , , , , , , ,3,3,2,2,1,2, ,1, ,0,0,0,0,0,0,1,0, , , , , , , , , , , , , , , , , , , , , , , , , , , , , , 
P1641,0,0,1,0,1,0,0,0,0,0,4,3,2,5,3,5,2,5,6, , , , , , , , , , , , , , , , , ,3,3,2,2,2,2, , , ,0,0,0,0,0,0,1,0, , , , , , , , , , , , , , , , , , , , , , , , , , , , , , 
P1642,0,0,0,0,1,0,0,0,0,0,4,4,4,4,2,4,2,4,1, , , , , , , , , , , , , , , , , ,3,3,3,1,2,2,2, , ,0,0,0,0,0,0,1,0, , , , , , , , , , , , , , , , , , , , , , , , , , , , , , 
P1643,0,0,0,0,1,1,0,0,0,0,3,2,2,3,3,2,5,2,2,0,0,0,0,0,0,0,0,1, , , , , , , , ,3,3,2,1,2,2,2, , ,0,1,0,1,0,0,0,0,1,0,0,0,0,0,0,3,2, , , , , , , , , , , , , , , , , , , , , 
P1644,1,1,1,0,0,0,0,0,0,0,1,1,1,5,5,1,5,3,1, , , , , , , , , , , , , , , , , ,4,3,2,2,1,2, ,2, ,0,0,0,0,0,0,1,0, , , , , , , , , , , , , , , , , , , , , , , , , , , , , , 
P1645,0,0,0,0,0,1,0,0,0,0,2,2,2,4,3,2,5,2,1, , , , , , , , , , , , , , , , , ,3,3,2,2,2,2, , , ,0,0,0,0,0,0,1,0, , , , , , , , , , , , , , , , , , , , , , , , , , , , , , 
P1646,0,0,0,1,0,1,0,1,0,0,2,4,1,2,4,3,2,1,2,0,0,0,0,0,0,1,0,0,1,0,0,0,0,0,0,0,2,2,1,2,2,3, , , ,1,1,0,0,0,0,0,0,0,0,0,0,1,0,0,1,1,0,0,0,0,0,1,0,0,0,0,0,0,0,2,2,3,2,1,3,1,3
P1647,0,0,0,1,1,1,0,0,0,0,3,2,2,3,2,2,2,3,3,1,0,0,0,0,0,0,0,0,0,0,0,1,1,0,0,0,2,2,1,1,1,1,2,2,2,1,0,0,1,0,0,0,0,0,1,1,1,0,0,0,2,2,0,0,0,0,1,0,0,0,0,0,0,0,0,3,3,3,4,3,3,3,3
P1648,0,0,0,0,0,0,0,0,0,1,4,4,4,4,3,4,3,4,6, , , , , , , , , , , , , , , , , ,3,3,3,3,3,3, , , ,0,0,0,0,0,0,1,0, , , , , , , , , , , , , , , , , , , , , , , , , , , , , , 
P1649,1,1,1,0,0,1,0,0,0,0,1,2,1,4,4,1,3,3,1, , , , , , , , , , , , , , , , , ,4,3,2,2,1,2, ,2, ,0,0,0,0,0,0,1,0, , , , , , , , , , , , , , , , , , , , , , , , , , , , , , 
P1650,0,1,0,0,1,1,0,1,0,0,2,3,2,2,2,1,2,1,3,1,0,0,0,0,0,0,0,0,0,0,0,1,1,0,0,1,3,3,1,1,1,1,2,2,2,0,0,1,0,1,0,0,0,1,0,0,0,0,0,0,2,2,1,1,0,0,0,0,0,0,1,0,0,0,0,2,2,1,1,1,2,3,1
P1651,1,1,0,0,1,1,0,0,0,0,2,2,2,4,2,3,3,3,6, , , , , , , , , , , , , , , , , ,5,2,3,1,1,3,2,2, ,0,0,0,0,0,0,0,1, , , , , , , , , , , , , , , , , , , , , , , , , , , , , , 
P1652,0,1,0,0,0,0,0,0,0,0,4,2,2,4,4,4,4,3,1, , , , , , , , , , , , , , , , , ,2,2,1,1,1,1,3,2,2,0,0,0,0,0,0,1,0, , , , , , , , , , , , , , , , , , , , , , , , , , , , , , 
P1653,0,0,0,0,1,0,0,0,0,0,1,1,1,1,2,2,2,2,3,1,0,0,0,0,0,0,0,0,0,0,0,0,1,1,1,0,1,1,1,1,1,1,1,1,1,0,0,1,1,1,0,0,0,0,1,0,1,0,0,0,2,2,1,1,0,0,1,0,1,0,0,0,0,0,0,1,1,3,1,1,1,1,1
P1654,1,1,1,1,1,1,1,1,0,0,2,2,2,2,2,2,2,2,3,1,0,0,0,0,0,0,0,0,0,0,0,0,1,0,1,0,3,3,2,1,1,2,2,2, ,0,0,0,1,0,0,0,0,1,1,0,0,1,0,0,2,2,1,0,0,0,1,1,0,0,0,0,1,0,0,2,1,2,4,3,3,3,3
P1655,1,0,0,0,0,0,0,1,0,0,2,2,2,2,2,2,2,2,3,1,0,0,0,0,0,0,0,0,0,0,0,1,0,1,1,0,1,1,2,1,1,2,2,2, ,0,0,0,0,0,1,0,0,0,0,0,0,1,0,0,2,2, , , , , , , , , , , , , , , , , , , , , 
P1656,1,1,0,0,1,1,0,0,0,0,2,2,2,2,2,2,1,2,2,1,1,0,1,0,0,0,0,0,0,0,0,0,0,1,0,0,2,3,1,1,1,2,2,1, ,0,0,0,0,0,1,0,0,0,1,0,0,0,0,0,2,2, , , , , , , , , , , , , , , , , , , , , 
P1657,1,1,1,0,1,0,0,1,0,0,2,2,2,3,3,2,3,2,2,0,0,0,1,0,0,0,0,0,0,0,0,0,1,0,0,0,5,2,1,2,1,2, ,1, ,1,0,1,0,0,0,0,0,1,0,0,0,0,0,0,2,2,0,0,1,0,0,0,1,0,0,0,0,0,0,2,2,2,4,3,3,3,3
P1658,0,1,1,0,0,0,0,0,0,0,5,2,2,5,5,2,5,2,1, , , , , , , , , , , , , , , , , ,5,3,2,2,1,2, ,2, ,0,0,0,0,0,0,1,0, , , , , , , , , , , , , , , , , , , , , , , , , , , , , , 
P1659,0,0,0,0,0,1,0,0,0,0,2,2,1,3,3,1,2,2,1, , , , , , , , , , , , , , , , , ,4,3,2,2,2,2, , , ,0,0,0,0,0,0,1,0, , , , , , , , , , , , , , , , , , , , , , , , , , , , , , 
P1660,0,1,0,0,0,0,0,0,0,0,2,1,1,2,2,2,2,2,4,1,0,0,0,0,0,0,0,0,0,1,0,1,0,1,0,1,2,2,1,1,1,1,2,2,2,0,0,1,1,1,0,0,0,0,1,0,0,0,0,0,2,2, , , , , , , , , , , , , , , , , , , , , 
P1661,0,0,0,0,0,0,0,0,0,1,2,2,2,2,4,2,5,2,1, , , , , , , , , , , , , , , , , ,4,3,2,2,1,2, ,2, ,0,0,0,0,0,0,1,0, , , , , , , , , , , , , , , , , , , , , , , , , , , , , , 
P1662,0,1,0,0,1,1,1,1,0,0,1,1,1,1,1,1,1,1,2,1,0,0,0,0,0,0,0,0,1,1,0,0,0,1,0,0,1,3,1,1,1,2,1,1, ,1,0,0,1,1,0,0,0,0,1,0,1,0,0,0,2,2, , , , , , , , , , , , , , , , , , , , , 
P1663,0,0,0,0,0,0,0,0,0,1,4,5,2,5,3,3,5,2,1, , , , , , , , , , , , , , , , , ,4,4,2,3,2,3, , , ,0,0,0,0,0,0,1,0, , , , , , , , , , , , , , , , , , , , , , , , , , , , , , 
P1664,1,1,0,0,0,0,0,1,0,0,1,1,1,2,2,1,2,2,3,1,0,0,0,0,0,0,0,0,0,0,0,0,1,0,0,0,3,3,2,1,1,1,1,1,1,0,0,0,0,1,0,0,0,0,1,0,0,0,0,0,2,2,1,0,0,0,0,0,1,0,0,0,0,0,0,2,2,2,1,3,3,3,3
P1665,1,1,1,0,1,1,1,1,0,0,3,2,2,3,2,1,2,2,2,0,0,0,1,0,0,0,0,0,0,0,0,1,1,0,0,0,3,3,2,1,1,1,2,2,2,0,1,0,1,1,0,0,0,1,1,0,0,0,0,0,2,2,0,0,0,0,1,0,0,0,0,0,0,0,0,2,2,2,4,3,3,3,3
P1666,1,1,1,1,1,1,1,1,0,0,1,2,2,1,2,1,2,2,4,1,1,0,1,0,0,0,0,0,1,1,1,1,1,1,1,1,2,2,3,1,1,1,1,1,1,0,1,1,1,1,1,0,0,1,1,1,1,1,0,0,2,2,1,0,0,1,1,1,1,0,0,0,0,0,0,1,2,2,1,1,1,1,1
P1667,1,1,1,0,0,1,1,0,0,0,2,2,2,3,4,1,2,3,2,0,0,0,0,0,0,0,0,1, , , , , , , , ,3,3,2,2,1,2, ,2, ,0,0,0,0,0,0,1,0, , , , , , , , , , , , , , , , , , , , , , , , , , , , , , 
P1668,0,0,0,1,1,0,0,1,0,0,2,3,2,3,3,2,2,1,4,1,1,0,1,0,1,0,0,0,1,0,0,1,1,0,0,0,2,3,1,1,1,2,2,2, ,0,0,0,1,1,1,0,0,1,0,0,1,0,0,0,2,2,0,0,1,0,0,0,1,0,0,1,0,0,0,2,2,4,4,3,3,3,2
P1669,0,0,0,1,0,0,0,0,0,0,1,2,2,1,1,1,1,2,2,1,0,0,0,0,0,0,0,0,0,0,0,0,0,0,1,0,2,2,3,1,1,1,1,1,1,0,0,0,0,1,0,0,0,0,1,0,0,0,0,0,2,2,0,0,0,0,1,0,0,0,1,0,0,0,0,1,1,1,1,1,2,1,1
P1670,0,0,1,0,1,1,1,0,0,0,3,2,2,5,3,2,2,2,2,1,0,0,0,0,0,0,0,0,0,0,0,1,0,0,0,0,3,3,2,1,1,2,2,2, ,0,0,0,0,0,0,1,0, , , , , , , , , , , , , , , , , , , , , , , , , , , , , , 
P1671,0,1,0,0,0,0,0,0,0,0,5,2,2,5,3,2,5,2,1, , , , , , , , , , , , , , , , , ,5,4,2,2,2,2, , , ,0,0,0,0,0,0,1,0, , , , , , , , , , , , , , , , , , , , , , , , , , , , , , 
P1672,1,1,0,0,1,1,1,1,0,0,3,3,4,3,2,4,2,3,3,1,1,0,1,0,0,0,0,0,0,1,1,0,1,0,0,1,2,2,1,1,2,1,2, ,2,1,1,1,0,0,0,0,0,0,1,0,1,1,0,0,2,2,1,1,1,0,0,0,0,0,0,0,0,0,0,3,2,3,1,1,3,1,3
P1673,0,0,0,0,0,0,0,0,0,1,5,5,5,5,5,5,5,5,6, , , , , , , , , , , , , , , , , ,5,5,3,3,3,3, , , ,0,0,0,0,0,0,0,1, , , , , , , , , , , , , , , , , , , , , , , , , , , , , , 
P1674,0,1,0,0,0,0,0,0,0,0,4,4,2,4,1,1,2,2,2,1,0,0,0,0,0,0,0,0,0,0,0,0,0,0,0,1,1,2,1,1,1,3,1,1, ,0,0,1,0,0,0,0,0,0,0,1,0,0,0,0,2,2, , , , , , , , , , , , , , , , , , , , , 
P1675,1,0,0,0,0,0,0,0,0,0,2,2,2,4,3,2,2,2,1, , , , , , , , , , , , , , , , , ,3,3,2,2,2,2, , , ,0,0,0,0,0,0,1,0, , , , , , , , , , , , , , , , , , , , , , , , , , , , , , 
P1676,0,1,0,0,0,0,0,0,0,0,2,2,2,4,4,1,3,2,1, , , , , , , , , , , , , , , , , ,2,2,2,1,2,3,2, , ,0,0,0,0,0,0,1,0, , , , , , , , , , , , , , , , , , , , , , , , , , , , , , 
P1677,0,1,0,0,1,0,0,0,0,0,3,2,1,1,2,1,3,1,2,1,0,0,0,0,0,0,0,0,0,0,0,1,0,0,0,0,3,3,2,1,1,2,2,2, ,1,0,1,1,0,0,0,0,1,1,0,0,1,0,0,2,2, , , , , , , , , , , , , , , , , , , , , 
P1678,0,1,0,0,0,0,0,1,0,0,2,1,5,5,3,2,5,2,1, , , , , , , , , , , , , , , , , ,3,3,2,1,1,2,2,2, ,0,1,0,0,0,0,0,0,0,1,0,0,1,0,0,2,2, , , , , , , , , , , , , , , , , , , , , 
P1679,1,1,0,0,0,1,0,0,0,0,3,1,2,5,3,2,5,2,1, , , , , , , , , , , , , , , , , ,3,3,2,1,1,2,2,2, ,0,0,0,0,0,0,1,0, , , , , , , , , , , , , , , , , , , , , , , , , , , , , , 
P1680,0,1,0,0,0,1,0,0,0,0,3,2,2,4,4,1,3,2,1, , , , , , , , , , , , , , , , , ,4,3,2,2,2,2, , , ,0,0,1,0,0,0,0,0,0,1,0,0,0,0,0,2,2, , , , , , , , , , , , , , , , , , , , , 
P1681,1,0,0,0,0,1,0,0,0,0,2,2,2,3,3,1,2,1,1, , , , , , , , , , , , , , , , , ,2,2,2,1,1,2,3,2, ,0,0,1,0,0,0,0,0,1,0,0,0,0,0,0,2,2, , , , , , , , , , , , , , , , , , , , , 
P1682,1,0,0,0,0,0,1,0,0,0,3,3,3,3,4,3,1,3,6, , , , , , , , , , , , , , , , , ,2,2,1,1,1,3,2,2, ,0,0,0,0,0,0,1,0, , , , , , , , , , , , , , , , , , , , , , , , , , , , , , 
P1683,0,1,0,0,0,0,0,0,0,0,5,2,5,5,4,5,5,5,1, , , , , , , , , , , , , , , , , ,3,4,2,2,2,2, , , ,0,0,0,0,0,0,1,0, , , , , , , , , , , , , , , , , , , , , , , , , , , , , , 
P1684,0,1,0,0,1,0,0,0,0,0,2,1,2,2,2,2,2,2,2,1,0,0,0,0,0,0,0,0,0,0,0,1,1,0,0,0,1,3,1,1,2,2,1, , ,1,0,1,0,1,0,0,0,0,1,0,1,0,0,0,2,2,0,0,0,1,1,0,0,0,0,0,0,0,0,2,2,2,4,1,2,1,1
P1685,0,0,1,0,0,1,1,1,0,0,4,4,2,3,4,4,2,3,3,1,0,0,0,0,0,0,0,0,0,0,0,0,1,0,0,0,2,2,2,1,1,1,3,3,3,0,1,0,0,0,0,0,0,0,1,0,0,0,0,0,1,2,1,1,0,0,0,0,1,0,0,0,0,0,0,3,3,1,4,3,3,3,3
P1686,0,1,0,0,1,0,0,0,0,0,1,1,1,2,1,1,2,2,1, , , , , , , , , , , , , , , , , ,3,3,2,2,2,2, , , ,0,0,0,0,0,0,1,0, , , , , , , , , , , , , , , , , , , , , , , , , , , , , , 
P1687,0,1,1,0,1,0,0,0,0,0,3,2,2,2,3,2,2,2,2,1,0,0,0,0,0,0,0,0,0,0,0,1,0,0,0,0,2,2,1,1,2,2,1, , ,0,0,0,0,0,0,1,0, , , , , , , , , , , , , , , , , , , , , , , , , , , , , , 
P1688,1,0,0,0,1,1,0,0,0,0,3,3,3,3,3,3,3,3,1, , , , , , , , , , , , , , , , , ,5,2,1,2,2,2, , , ,0,1,0,0,0,0,0,0,0,1,0,1,1,0,0,2,2, , , , , , , , , , , , , , , , , , , , , 
P1689,1,1,1,1,1,1,1,1,0,0,1,1,2,2,2,3,2,1,4,1,0,0,0,0,0,0,0,0,1,0,0,1,1,1,0,0,1,1,2,1,1,2,2,2, ,1,1,1,1,0,0,0,0,1,1,0,1,1,0,0,2,2,1,1,1,0,1,0,1,1,0,0,0,0,0,2,2,2,3,2,2,3,2
P1690,1,1,0,0,0,1,0,1,0,0,2,1,2,5,4,2,3,2,2,1,0,0,0,0,0,0,0,0,0,0,0,0,1,0,0,0,4,3,1,2,1,3, ,2, ,0,0,0,0,0,0,1,0, , , , , , , , , ,0,0,0,0,0,0,1,0,0,0,0,0,0,2,2,2,3,2,1,1,1
P1691,0,1,0,0,0,0,0,1,0,0,2,2,2,2,4,1,3,2,3,0,0,0,1,0,0,0,0,0,0,0,0,0,0,0,0,1,3,3,2,1,1,2,2,2, ,1,1,0,1,0,0,0,0,0,1,0,0,0,0,0,2,2, , , , , , , , , , , , , , , , , , , , , 
P1692,0,0,0,0,0,0,0,0,0,1,4,2,4,2,2,3,2,2,2,0,0,0,0,0,0,0,0,1, , , , , , , , ,3,3,2,2,2,2, , , ,0,0,0,0,0,0,1,0, , , , , , , , , , , , , , , , , , , , , , , , , , , , , , 
P1693,0,0,0,0,1,0,0,0,0,0,2,2,2,2,1,2,2,2,3,1,0,0,0,0,0,0,0,0,0,0,0,0,0,0,0,1,3,3,2,1,2,2,1, , ,0,0,0,0,1,0,0,0,0,0,0,1,0,0,0,2,2, , , , , , , , , , , , , , , , , , , , , 
P1694,0,1,0,0,0,0,0,0,0,0,2,1,5,4,2,2,2,2,1, , , , , , , , , , , , , , , , , ,2,2,1,1,1,1,2,2,2,0,0,0,0,0,1,0,0,0,1,0,0,0,0,0,2,2, , , , , , , , , , , , , , , , , , , , , 
P1695,0,1,0,0,0,1,0,1,0,0,2,1,1,2,3,1,2,1,2,0,0,0,0,0,0,0,1,0,0,0,0,0,1,0,0,1,1,1,2,2,2,3, , , ,0,0,0,0,0,1,0,0,0,1,0,0,1,0,0,3,2,0,0,0,1,0,0,0,0,0,0,0,0,0,2,2,4,4,3,3,3,3
P1696,1,1,0,1,0,0,1,0,0,0,1,2,2,1,2,1,1,1,4,1,1,1,0,0,0,0,0,0,1,1,0,1,0,0,0,0,2,2,1,1,1,2,1,1, ,0,1,1,1,1,1,0,0,1,0,1,1,1,0,0,2,2,0,1,0,1,0,0,1,0,1,1,0,0,0,1,1,3,3,1,2,1,3
P1697,0,0,1,0,0,0,0,0,0,0,2,1,1,2,1,2,1,2,2,0,0,0,0,0,1,0,0,0,0,0,0,0,0,0,0,1,3,4,2,2,1,3, ,2, ,0,0,0,0,0,0,1,0, , , , , , , , , , , , , , , , , , , , , , , , , , , , , , 
P1698,0,1,0,0,1,1,0,1,0,0,2,2,2,4,3,2,2,2,1, , , , , , , , , , , , , , , , , ,3,3,1,1,1,2,2,2, ,1,0,1,0,0,0,0,0,0,1,0,1,0,0,0,2,2, , , , , , , , , , , , , , , , , , , , , 
P1699,0,1,0,0,0,1,0,0,0,0,2,2,2,3,3,2,4,2,1, , , , , , , , , , , , , , , , , ,4,3,3,2,1,2, ,2, ,0,0,0,0,0,0,1,0, , , , , , , , , , , , , , , , , , , , , , , , , , , , , , 
P1700,0,1,0,0,0,0,0,0,0,0,2,1,1,3,2,2,2,2,1, , , , , , , , , , , , , , , , , ,5,5,2,3,1,3, ,2, ,0,0,0,0,0,0,1,0, , , , , , , , , , , , , , , , , , , , , , , , , , , , , , 
P1701,0,0,0,0,0,0,0,1,0,0,2,1,2,5,4,2,3,3,1, , , , , , , , , , , , , , , , , ,2,2,3,1,1,1,2,2,2,0,1,0,0,0,0,0,0,1,0,0,0,0,0,0,2,2, , , , , , , , , , , , , , , , , , , , , 
P1702,0,1,1,0,1,0,1,0,0,0,2,2,2,2,2,2,2,2,2,1,0,0,0,0,0,0,0,0,1,0,0,0,1,0,1,0,1,1,1,1,1,1,2,3,2,0,0,0,0,1,0,0,0,0,0,1,0,0,0,0,2,2,1,0,0,0,0,0,0,0,0,0,0,0,0,2,2,2,4,3,3,3,3
P1703,0,1,0,1,1,0,0,1,0,0,2,2,2,2,2,2,2,2,2,0,0,0,1,0,0,0,0,0,0,1,0,0,0,0,1,0,1,5,1,2,1,3, ,2, ,0,0,1,0,1,1,0,0,1,0,0,0,0,0,0,2,2,0,1,0,0,0,0,0,0,0,0,0,0,0,2,2,2,4,3,3,3,3
P1704,1,1,0,1,1,1,0,1,0,0,1,2,2,2,1,2,1,1,5,1,0,0,0,0,0,0,0,0,0,0,1,0,1,0,1,0,1,1,1,1,1,1,1,1,1,1,1,1,1,0,1,0,0,1,1,1,1,0,0,0,2,2,1,0,1,1,1,1,0,1,1,0,0,0,0,1,1,3,2,3,1,1,1
P1705,0,1,0,0,1,1,0,1,0,0,5,2,2,5,2,2,5,1,5,1,1,0,0,0,0,0,0,0,1,1,0,1,1,1,1,0,3,3,2,2,2,2, , , ,0,0,1,0,0,0,0,0,0,1,0,0,0,0,0,2,2,1,1,1,0,0,0,0,0,0,1,0,0,0,1,1,2,4,3,3,3,3
P1706,0,0,0,0,1,0,0,0,0,0,2,1,1,2,2,2,1,2,2,1,0,0,0,0,0,0,0,0,0,0,0,1,0,0,0,0,3,3,2,1,1,1,1,1,1,0,1,0,0,0,0,0,0,0,0,1,0,0,0,0,2,2, , , , , , , , , , , , , , , , , , , , , 
P1707,0,1,0,0,0,0,0,0,0,0,3,2,2,3,3,2,2,2,1, , , , , , , , , , , , , , , , , ,3,3,2,2,2,2, , , ,0,0,0,0,0,0,1,0, , , , , , , , , , , , , , , , , , , , , , , , , , , , , , 
P1708,0,0,0,0,1,0,0,0,0,0,2,2,2,1,3,2,2,3,5,1,1,0,1,1,0,0,0,0,0,0,0,1,1,0,1,0,1,1,1,2,1,1, ,1,1,0,0,0,0,0,1,0,0,1,0,1,0,0,0,0,2,2,1,0,1,0,1,0,0,1,0,1,0,0,0,1,2,1,3,1,1,1,1
P1709,0,1,0,0,0,0,0,0,0,0,4,3,3,4,4,4,4,3,1, , , , , , , , , , , , , , , , , ,2,2,1,1,1,1,2,2,2,0,0,0,0,0,0,1,0, , , , , , , , , , , , , , , , , , , , , , , , , , , , , , 
P1710,0,1,1,1,1,1,1,0,0,0,2,2,3,2,3,1,2,3,2,0,0,1,0,1,1,0,0,0,1,0,1,1,1,0,0,0,2,2,1,1,1,1,2,2,3,1,1,0,0,0,0,0,0,0,0,0,1,1,0,0,2,2,1,1,0,0,0,1,0,0,0,0,1,0,0,3,2,3,2,3,1,3,1
P1711,0,0,0,0,1,1,0,0,0,0,4,4,2,2,2,2,5,2,2,1,0,0,0,0,0,0,1,0,0,0,1,0,0,0,0,1,3,3,1,1,2,2,2, , ,0,0,0,0,0,0,1,0, , , , , , , , , , , , , , , , , , , , , , , , , , , , , , 
P1712,0,1,0,0,1,0,0,0,0,0,2,2,2,3,1,2,5,2,4,1,0,0,0,0,0,0,0,0,1,0,0,0,0,0,0,0,2,2,1,1,1,1,1,1,1,1,1,0,1,1,1,0,0,0,0,0,1,1,0,0,2,2, , , , , , , , , , , , , , , , , , , , , 
P1713,0,0,0,0,1,0,0,1,0,0,1,1,1,2,1,1,1,1,1, , , , , , , , , , , , , , , , , ,1,1,2,1,1,2,1,1, ,0,0,1,0,0,0,0,0,0,1,0,0,0,0,0,2,2, , , , , , , , , , , , , , , , , , , , , 
P1714,0,1,0,0,0,0,0,1,0,0,4,2,2,3,4,3,5,2,1, , , , , , , , , , , , , , , , , ,4,3,2,2,2,2, , , ,1,0,0,0,0,0,0,0,1,0,0,0,0,0,0,2,2, , , , , , , , , , , , , , , , , , , , , 
P1715,1,1,0,0,0,1,0,0,0,0,3,2,2,4,3,2,4,3,2,0,0,0,0,0,0,1,0,0,0,0,0,0,0,0,0,1,3,3,2,2,1,3, ,2, ,0,0,0,0,0,0,1,0, , , , , , , , , , , , , , , , , , , , , , , , , , , , , , 
P1716,0,0,0,0,0,0,0,0,0,1,4,4,4,4,4,4,4,4,1, , , , , , , , , , , , , , , , , ,4,4,2,2,2,2, , , ,0,0,0,0,0,0,1,0, , , , , , , , , , , , , , , , , , , , , , , , , , , , , , 
P1717,0,1,1,0,1,0,0,0,0,0,2,2,2,2,3,2,2,2,1, , , , , , , , , , , , , , , , , ,3,3,1,1,1,2,1,2, ,0,1,0,0,0,0,0,0,0,1,0,1,1,0,0,2,3, , , , , , , , , , , , , , , , , , , , , 
P1718,0,0,0,0,0,0,0,0,0,1,4,4,4,4,4,4,4,4,1, , , , , , , , , , , , , , , , , ,3,3,2,2,2,2, , , ,0,0,0,0,0,0,1,0, , , , , , , , , , , , , , , , , , , , , , , , , , , , , , 
P1719,0,1,0,0,0,0,0,0,0,0,3,2,2,3,3,2,5,2,1, , , , , , , , , , , , , , , , , ,3,3,2,2,1,2, ,2, ,0,0,0,0,0,0,1,0, , , , , , , , , , , , , , , , , , , , , , , , , , , , , , 
P1720,1,1,1,0,0,0,1,1,0,0,1,1,1,1,2,1,1,1,1, , , , , , , , , , , , , , , , , ,1,3,2,2,1,2, ,2, ,0,0,0,0,0,0,1,0, , , , , , , , , , , , , , , , , , , , , , , , , , , , , , 
P1721,1,1,0,0,0,1,0,1,0,0,3,3,2,3,3,4,3,3,2,1,1,0,0,0,0,0,0,0,0,0,0,0,0,0,1,0,2,2,1,2,1,3, ,2, ,1,0,0,0,0,0,0,0,1,0,0,0,0,0,0,2,2, , , , , , , , , , , , , , , , , , , , , 
P1722,0,1,0,1,1,1,1,0,0,0,4,2,5,3,4,1,1,3,2,1,0,0,0,0,0,0,0,0,0,0,0,1,0,0,0,0,2,2,1,1,1,2,3,1, ,1,0,0,0,0,0,0,0,0,1,0,1,1,0,0,2,2,0,0,0,1,0,0,0,0,0,0,0,0,0,5,5,2,4,3,3,3,3
P1723,0,1,0,0,0,0,0,0,0,0,2,1,2,4,4,4,4,3,1, , , , , , , , , , , , , , , , , ,4,4,2,2,1,2, ,2, ,0,0,0,0,0,0,1,0, , , , , , , , , , , , , , , , , , , , , , , , , , , , , , 
P1724,0,0,0,1,1,0,0,0,0,0,2,3,2,2,2,2,3,2,4,1,0,0,0,0,0,0,0,0,0,1,0,0,1,1,1,0,1,1,1,1,2,2,2, , ,1,0,1,0,0,0,0,0,0,1,0,0,0,0,0,2,2,0,0,0,0,1,1,0,1,0,1,0,0,0,2,2,2,4,3,3,3,3
P1725,0,0,0,1,1,1,0,1,0,0,1,1,1,2,3,1,2,2,2,1,0,0,0,0,0,0,0,0,1,0,0,0,0,0,0,0,1,1,2,1,1,2,2,2, ,0,0,1,0,0,0,0,0,0,0,0,0,1,0,0,2,2,1,0,0,0,0,0,1,0,0,1,0,0,0,1,2,2,4,1,3,3,1
P1726,0,0,0,0,0,0,0,0,0,1,2,2,2,2,2,2,2,2,1, , , , , , , , , , , , , , , , , ,5,5,3,2,2,2, , , ,0,0,0,0,0,0,0,1, , , , , , , , , , , , , , , , , , , , , , , , , , , , , , 
P1727,0,0,0,0,1,0,0,0,0,0,5,1,1,1,3,2,1,1,3,1,0,0,0,0,0,0,0,0,1,0,0,0,0,0,0,0,1,2,1,1,2,2,2, , ,0,0,1,1,0,0,0,0,0,0,0,0,1,0,0,2,1, , , , , , , , , , , , , , , , , , , , , 
P1728,0,0,0,0,1,0,0,0,0,0,4,4,4,4,1,4,4,4,2,1,0,0,0,0,0,0,0,0,1,0,0,0,1,0,0,0,2,2,1,1,2,1,1, ,1,1,0,1,0,0,0,0,0,0,0,0,1,0,0,0,2,2,1,0,0,0,0,0,0,0,0,0,0,0,0,3,3,3,4,3,3,3,1
P1729,0,0,0,0,0,0,0,0,0,1,2,2,2,5,2,2,5,2,1, , , , , , , , , , , , , , , , , ,3,4,2,1,2,2,2, , ,0,0,0,0,0,0,1,0, , , , , , , , , , , , , , , , , , , , , , , , , , , , , , 
P1730,0,0,0,0,0,0,0,0,0,1,4,4,4,4,4,4,4,5,6, , , , , , , , , , , , , , , , , ,5,5,3,2,2,2, , , ,0,0,0,0,0,0,0,1, , , , , , , , , , , , , , , , , , , , , , , , , , , , , , 
P1731,0,1,0,0,0,1,0,0,0,0,3,3,3,4,4,3,4,3,1, , , , , , , , , , , , , , , , , ,4,2,1,2,2,2, , , ,0,0,0,0,0,0,1,0, , , , , , , , , , , , , , , , , , , , , , , , , , , , , , 
P1732,0,0,1,0,0,0,0,0,0,0,2,2,2,2,3,3,2,2,2,0,0,0,0,0,0,0,0,1, , , , , , , , ,3,3,2,2,2,2, , , ,0,0,0,0,0,0,1,0, , , , , , , , , , , , , , , , , , , , , , , , , , , , , , 
P1733,0,1,0,0,0,0,0,0,0,0,3,1,2,4,4,2,5,2,2,0,0,0,0,0,0,0,0,1, , , , , , , , ,1,1,2,1,1,1,2,2,2,0,1,1,0,0,0,0,0,1,0,0,0,0,0,0,2,2, , , , , , , , , , , , , , , , , , , , , 
P1734,0,1,0,0,0,1,0,0,0,0,3,2,2,2,3,2,5,2,6, , , , , , , , , , , , , , , , , ,3,3,2,2,2,3, , , ,0,0,0,0,0,0,1,0, , , , , , , , , , , , , , , , , , , , , , , , , , , , , , 
P1735,0,1,1,0,0,0,0,0,0,0,2,2,2,5,4,2,3,4,1, , , , , , , , , , , , , , , , , ,4,5,3,2,1,3, ,2, ,0,0,0,0,0,0,1,0, , , , , , , , , , , , , , , , , , , , , , , , , , , , , , 
P1736,0,1,0,0,0,0,0,0,0,0,2,2,1,2,2,3,2,1,1, , , , , , , , , , , , , , , , , ,4,4,2,2,2,2, , , ,0,0,0,0,0,0,1,0, , , , , , , , , , , , , , , , , , , , , , , , , , , , , , 
P1737,1,1,1,0,1,1,1,1,0,0,2,2,2,3,2,2,2,2,1, , , , , , , , , , , , , , , , , ,1,1,1,2,2,1, , ,1,1,1,1,1,1,0,0,0,0,1,0,0,0,0,0,2,2, , , , , , , , , , , , , , , , , , , , , 
P1738,1,1,0,0,1,1,0,1,0,0,3,2,2,2,1,2,5,2,3,1,0,0,1,0,0,0,1,0,1,1,0,0,0,1,0,0,3,3,1,1,1,1,1,1,1,1,1,1,1,1,0,0,0,0,1,0,0,0,0,0,2,2, , , , , , , , , , , , , , , , , , , , , 
P1739,1,1,1,1,1,0,0,0,0,0,2,2,2,2,1,1,2,2,3,1,0,0,0,0,0,0,0,0,0,1,0,0,0,1,1,0,2,1,1,1,2,1,3, ,2,0,0,0,0,1,1,0,0,0,1,1,0,0,0,0,2,2,0,0,0,0,0,0,1,0,0,0,0,0,0,1,2,1,1,1,2,1,1
P1740,1,1,1,0,1,1,0,0,0,0,2,1,2,2,3,2,2,2,1, , , , , , , , , , , , , , , , , ,3,3,1,1,1,3,2,1, ,0,0,1,0,0,1,0,0,1,1,0,0,1,0,0,2,2, , , , , , , , , , , , , , , , , , , , , 
P1741,0,0,1,0,0,1,0,1,0,0,4,2,2,4,4,2,3,2,3,0,1,0,0,0,0,0,0,0,0,1,0,0,0,0,0,1,3,3,2,2,1,2, ,2, ,0,0,0,0,0,1,0,0,0,1,0,0,1,0,0,2,2, , , , , , , , , , , , , , , , , , , , , 
P1742,1,1,1,0,0,0,0,1,0,0,4,2,2,5,3,1,3,3,3,1,0,0,1,0,0,0,0,0,0,0,0,0,1,0,1,0,2,2,2,2,2,1, , ,5,1,0,0,0,1,0,0,0,0,1,0,0,0,0,0,2,2,1,1,1,0,0,1,0,0,0,0,0,0,0,2,2,4,5,1,1,1,4
P1743,0,0,0,0,1,1,0,1,0,0,3,2,2,2,2,2,2,2,4,0,0,0,0,0,0,0,0,1, , , , , , , , ,1,1,1,1,1,2,2,2, ,0,0,0,1,1,1,0,0,1,0,0,1,1,0,0,2,2, , , , , , , , , , , , , , , , , , , , , 
P1744,1,1,1,0,0,1,0,1,0,0,3,2,2,3,4,2,2,3,3,0,0,0,0,0,0,0,1,0,0,1,1,1,0,0,0,0,3,3,2,2,1,1, ,2,2,0,0,0,0,0,0,1,0, , , , , , , , , , , , , , , , , , , , , , , , , , , , , , 
P1745,1,0,1,0,1,1,1,0,0,0,1,1,1,1,1,1,1,1,2,1,0,0,0,1,0,0,0,0,0,0,0,1,1,1,0,0,1,2,1,1,1,1,1,2,1,1,0,0,0,0,0,0,0,0,0,1,0,0,0,0,1,2,0,0,1,0,0,1,0,1,0,0,0,0,0,1,1,1,1,3,3,2,3
P1746,0,1,1,0,0,0,0,1,0,0,1,1,1,1,2,1,1,2,2,1,0,0,0,0,0,0,0,0,0,0,0,1,0,0,0,0,3,3,2,2,1,2, ,2, ,1,1,0,0,0,0,0,0,0,1,0,0,0,0,0,2,2, , , , , , , , , , , , , , , , , , , , , 
P1747,0,1,0,0,0,1,0,0,0,0,3,2,2,4,4,2,2,2,1, , , , , , , , , , , , , , , , , ,3,3,2,1,2,2,2, , ,0,0,0,0,0,0,1,0, , , , , , , , , , , , , , , , , , , , , , , , , , , , , , 
P1748,0,0,0,0,0,0,0,0,0,1,3,3,3,3,4,3,4,3,2,0,0,0,0,0,0,0,0,1, , , , , , , , ,3,3,2,2,1,2, ,2, ,0,0,0,0,0,0,1,0, , , , , , , , , , , , , , , , , , , , , , , , , , , , , , 
P1749,0,1,0,0,1,1,0,0,0,0,2,2,2,5,2,2,5,2,6, , , , , , , , , , , , , , , , , ,3,3,2,1,1,2,2,2, ,0,1,0,0,0,0,0,0,0,0,0,0,1,0,0,2,2, , , , , , , , , , , , , , , , , , , , , 
P1750,1,0,0,0,1,0,0,1,0,0,1,2,2,4,3,1,3,2,2,1,0,0,0,0,0,0,0,0,0,0,0,0,0,0,1,0,2,3,2,1,1,2,2,2, ,0,0,0,0,0,1,0,0,1,1,0,0,0,0,0,2,2, , , , , , , , , , , , , , , , , , , , , 
P1751,0,1,0,0,0,0,0,0,0,0,2,2,5,4,4,2,5,5,1, , , , , , , , , , , , , , , , , ,2,4,1,2,1,2, ,2, ,0,0,0,0,0,0,1,0, , , , , , , , , , , , , , , , , , , , , , , , , , , , , , 
P1752,0,0,0,0,1,0,0,0,0,0,3,3,3,2,1,3,1,3,5,0,0,0,0,0,0,0,0,1, , , , , , , , ,3,2,2,1,2,1,2, ,3,0,0,0,0,0,0,1,0, , , , , , , , , , , , , , , , , , , , , , , , , , , , , , 
P1753,0,1,1,0,0,0,0,1,0,0,2,1,1,2,2,1,1,1,3,1,0,0,0,0,0,0,0,0,0,0,0,1,1,1,0,0,2,2,1,1,1,1,2,2,2,0,0,1,0,1,0,0,0,0,1,0,1,1,0,0,2,2,1,1,0,0,1,0,1,0,0,0,1,0,0,2,2,1,2,1,1,2,3
P1754,1,1,1,0,1,0,0,0,0,0,1,1,1,3,2,2,2,2,2,1,0,0,1,0,0,0,0,0,0,0,0,0,0,0,0,1,2,1,1,1,1,1,2,2,2,1,0,1,0,0,1,0,0,1,0,0,0,1,0,0,2,2, , , , , , , , , , , , , , , , , , , , , 
P1755,0,0,0,0,0,1,0,1,0,0,2,3,1,3,5,2,4,3,1, , , , , , , , , , , , , , , , , ,1,1,2,1,2,1,1, ,3,0,1,0,0,0,0,0,0,0,0,0,1,0,0,0,2,2, , , , , , , , , , , , , , , , , , , , , 
P1756,0,0,0,0,1,0,0,0,0,0,1,2,2,2,2,1,3,1,2,1,0,0,0,0,0,0,0,0,0,0,0,1,1,1,0,0,3,3,1,1,2,2,1, , ,1,0,0,0,1,0,0,0,1,1,0,1,1,0,0,2,2,0,0,0,0,1,0,0,0,0,0,0,0,0,1,2,2,4,3,2,3,3
P1757,0,1,1,0,1,1,0,1,0,0,4,3,3,4,2,3,5,2,1, , , , , , , , , , , , , , , , , ,2,3,1,1,3,1,2, ,2,1,1,0,1,1,1,0,0,1,1,0,1,1,0,0,2,2, , , , , , , , , , , , , , , , , , , , , 
P1758,1,1,0,0,0,0,0,0,0,0,2,2,2,4,4,2,3,2,1, , , , , , , , , , , , , , , , , ,4,3,2,2,1,2, ,2, ,0,0,0,0,0,0,1,0, , , , , , , , , , , , , , , , , , , , , , , , , , , , , , 
P1759,1,1,1,1,1,0,1,1,0,0,1,1,1,1,1,1,2,1,2,1,0,0,0,0,0,0,0,0,1,1,0,1,1,0,0,1,1,1,1,1,1,1,1,1,2,0,0,0,0,1,0,0,0,0,0,1,0,0,0,0,2,2,1,0,0,0,1,1,1,0,0,0,0,0,0,1,1,2,2,1,1,2,1
P1760,0,1,0,0,0,0,0,0,0,0,1,1,1,3,2,2,3,2,1, , , , , , , , , , , , , , , , , ,4,4,3,2,1,2, ,2, ,0,0,0,0,0,0,1,0, , , , , , , , , , , , , , , , , , , , , , , , , , , , , , 
P1761,0,0,1,0,0,0,0,0,0,0,5,2,2,5,4,2,5,5,1, , , , , , , , , , , , , , , , , ,4,4,2,2,2,2, , , ,0,0,0,0,0,0,1,0, , , , , , , , , , , , , , , , , , , , , , , , , , , , , , 
P1762,1,0,0,0,1,1,0,1,0,0,3,2,2,4,3,2,3,2,2,1,0,0,0,0,0,0,0,0,0,0,0,0,0,0,1,0,2,3,1,1,1,1,2,2,2,0,1,1,0,0,0,0,0,1,0,0,0,0,0,0,2,2, , , , , , , , , , , , , , , , , , , , , 
P1763,1,1,0,0,0,0,0,0,0,0,3,1,2,4,3,2,2,3,2,0,0,0,1,0,0,0,0,0,1,0,1,0,1,0,0,0,2,2,2,1,1,2,1,1, ,0,0,0,0,0,0,1,0, , , , , , , , , ,0,0,0,0,1,0,1,0,0,0,1,0,0,2,2,2,4,3,3,3,3
P1764,0,0,0,0,0,1,0,0,0,0,3,2,3,3,3,3,3,3,1, , , , , , , , , , , , , , , , , ,2,2,1,1,1,2,2,2, ,0,0,0,0,0,0,1,0, , , , , , , , , , , , , , , , , , , , , , , , , , , , , , 
P1765,1,0,0,0,0,0,1,1,0,0,1,3,1,2,3,2,2,3,3,1,0,1,1,0,0,0,0,0,0,0,0,0,1,0,1,1,1,2,1,1,1,1,2,1,1,0,1,0,0,1,1,0,0,1,0,0,0,1,0,0,2,2,1,1,0,0,0,0,0,0,0,0,0,0,0,1,3,1,3,2,2,1,1
P1766,0,0,0,0,1,0,1,1,0,0,2,2,2,2,2,2,2,2,1, , , , , , , , , , , , , , , , , ,3,3,2,1,2,2,2, , ,0,0,0,0,0,0,1,0, , , , , , , , , , , , , , , , , , , , , , , , , , , , , , 
P1767,0,0,0,0,0,1,0,0,0,0,3,2,2,2,4,2,2,4,2,0,0,0,0,0,0,0,0,1, , , , , , , , ,3,3,2,2,2,2, , , ,0,0,0,0,0,0,1,0, , , , , , , , , , , , , , , , , , , , , , , , , , , , , , 
P1768,0,0,0,1,1,0,0,1,0,0,2,3,2,1,3,2,2,1,2,1,0,0,0,0,0,0,0,0,1,0,0,1,1,0,0,0,1,2,1,2,1,1, ,2,1,0,0,0,1,1,0,0,0,1,0,0,1,1,0,0,2,2,1,0,0,0,1,0,0,0,0,0,1,0,0,1,2,1,2,2,1,1,1
P1769,0,1,0,0,0,0,0,0,0,0,3,2,2,5,3,2,3,2,1, , , , , , , , , , , , , , , , , ,4,3,2,2,2,2, , , ,0,0,0,0,0,0,1,0, , , , , , , , , , , , , , , , , , , , , , , , , , , , , , 
P1770,1,1,1,1,1,1,1,1,0,0,1,1,1,1,1,1,1,1,5,1,0,0,0,0,0,0,0,0,1,1,1,1,1,1,1,0,1,1,1,1,1,1,1,4,1,0,1,0,0,0,0,0,0,1,1,0,0,0,0,0,1,2,0,0,0,0,1,0,0,0,0,0,1,0,0,1,1,2,3,2,2,1,3
P1771,1,1,1,0,0,0,0,1,0,0,1,1,1,3,1,1,1,1,2,0,0,0,0,0,0,0,0,1, , , , , , , , ,1,1,2,1,1,3,2,2, ,0,0,0,0,0,1,0,0,0,0,0,1,1,0,0,1,2, , , , , , , , , , , , , , , , , , , , , 
P1772,0,0,0,0,0,0,0,1,0,0,2,1,1,2,1,1,1,2,4,0,1,0,0,0,1,0,0,0,0,0,0,0,1,1,0,0,1,1,2,1,2,1,1, ,1,1,0,0,0,0,0,0,0,0,1,0,1,0,0,0,2,2,1,0,0,0,1,0,1,0,0,0,0,0,0,1,1,2,1,1,1,2,1
P1773,0,0,0,0,0,0,0,1,0,0,2,2,2,5,4,2,5,2,1, , , , , , , , , , , , , , , , , ,5,5,3,3,3,2, , , ,0,0,0,1,1,1,0,0,0,1,0,0,0,0,0,2,2, , , , , , , , , , , , , , , , , , , , , 
P1774,0,0,0,0,0,1,0,0,0,0,2,1,2,4,3,1,2,1,2,0,0,0,0,0,0,0,1,0,0,0,0,1,0,0,0,0,1,2,2,2,2,2, , , ,1,0,1,0,0,0,0,0,1,0,0,0,0,0,0,2,2, , , , , , , , , , , , , , , , , , , , , 
P1775,0,0,0,0,0,0,0,1,0,0,3,2,2,4,3,4,4,2,2,1,0,0,0,0,0,0,0,0,1,0,0,1,0,0,0,0,2,2,1,1,2,1,2, ,2,0,0,0,1,1,0,0,0,1,0,0,0,1,0,0,2,2, , , , , , , , , , , , , , , , , , , , , 
P1776,0,1,0,0,1,0,0,0,0,0,3,1,1,2,3,1,3,1,2,0,1,1,0,0,0,0,0,0,0,1,1,0,0,0,0,0,2,1,1,1,2,1,1, ,1,0,0,1,0,1,0,0,0,1,0,0,0,1,0,0,1,2, , , , , , , , , , , , , , , , , , , , , 
P1777,0,0,0,0,0,0,0,0,0,1,3,4,4,4,4,3,4,4,1, , , , , , , , , , , , , , , , , ,4,4,3,2,2,2, , , ,0,0,0,0,0,0,1,0, , , , , , , , , , , , , , , , , , , , , , , , , , , , , , 
P1778,0,1,0,0,0,0,0,0,0,0,5,1,1,5,1,1,5,1,1, , , , , , , , , , , , , , , , , ,5,5,3,2,2,2, , , ,0,0,0,0,0,0,0,1, , , , , , , , , , , , , , , , , , , , , , , , , , , , , , 
P1779,0,1,0,0,0,1,0,1,0,0,2,2,3,3,1,3,3,2,2,1,1,0,1,0,0,0,0,0,1,1,0,0,1,0,0,0,2,2,2,1,2,2,2, , ,0,0,1,0,0,0,0,0,1,0,0,0,0,0,0,2,2,1,0,0,0,1,0,0,1,0,0,0,0,0,2,2,2,4,3,3,3,2
P1780,0,0,0,0,0,0,0,0,0,1,1,1,1,2,3,1,3,1,6, , , , , , , , , , , , , , , , , ,3,3,2,1,2,2,2, , ,0,0,0,0,0,0,1,0, , , , , , , , , , , , , , , , , , , , , , , , , , , , , , 
P1781,0,0,0,0,0,0,0,0,0,1,2,2,2,2,2,2,2,2,3,0,0,0,0,0,0,0,0,1, , , , , , , , ,5,5,3,3,3,3, , , ,0,0,0,0,0,0,0,1, , , , , , , , , , , , , , , , , , , , , , , , , , , , , , 
P1782,0,1,0,0,1,1,1,1,0,0,2,2,1,2,2,2,2,1,4,1,1,0,0,1,0,0,0,0,0,0,0,1,0,1,0,1,2,3,1,1,1,1,2,2,2,0,0,1,0,0,0,0,0,1,1,1,0,0,0,0,2,2, , , , , , , , , , , , , , , , , , , , , 
P1783,0,1,1,0,1,1,0,0,0,0,2,1,1,4,3,1,2,2,1, , , , , , , , , , , , , , , , , ,2,1,1,1,1,2,1,2, ,1,0,1,0,1,0,0,0,1,1,0,0,0,0,0,2,2, , , , , , , , , , , , , , , , , , , , , 
P1784,0,1,0,0,1,0,0,0,0,0,4,2,3,3,2,2,5,2,2,0,0,0,0,0,0,0,0,1, , , , , , , , ,5,5,2,1,2,1,1, ,1,1,0,0,0,0,0,0,0,0,1,0,0,0,0,0,2,2, , , , , , , , , , , , , , , , , , , , , 
P1785,0,0,1,0,0,0,0,1,0,0,2,3,1,3,5,3,2,1,2,1,0,0,0,0,0,0,0,0,0,0,0,0,0,1,0,0,1,2,1,1,1,1,2,1,2,0,0,0,0,1,0,0,0,0,0,1,1,0,0,0,2,1, , , , , , , , , , , , , , , , , , , , , 
P1786,0,0,0,0,0,0,1,0,0,0,1,3,2,3,2,2,2,2,2,0,0,1,0,0,0,0,0,0,0,0,0,0,0,1,0,0,2,2,1,1,1,1,2,3,3,0,1,0,0,0,0,0,0,1,0,0,0,0,0,0,2,2, , , , , , , , , , , , , , , , , , , , , 
P1787,0,1,0,0,0,1,0,0,0,0,2,2,2,3,3,2,5,2,2,1,0,0,0,0,0,0,0,0,0,0,0,0,0,0,0,1,4,3,2,2,2,2, , , ,0,0,0,0,0,0,1,0, , , , , , , , , , , , , , , , , , , , , , , , , , , , , , 
P1788,0,1,1,0,0,0,0,0,0,0,2,2,2,2,4,2,3,2,3,0,0,0,0,0,0,0,1,0,0,0,0,0,0,1,0,0,2,3,1,2,1,2, ,1, ,1,1,0,0,0,0,0,0,1,0,0,0,1,0,0,2,1, , , , , , , , , , , , , , , , , , , , , 
P1789,0,1,1,0,1,1,0,0,0,0,1,1,1,3,1,1,3,1,5,0,0,0,0,0,0,0,1,0,0,0,0,0,0,0,1,0,3,3,2,2,2,2, , , ,0,0,0,0,0,0,1,0, , , , , , , , , , , , , , , , , , , , , , , , , , , , , , 
P1790,0,1,1,0,0,0,1,0,0,0,2,2,2,3,4,2,2,4,1, , , , , , , , , , , , , , , , , ,1,2,1,1,1,2,3,2, ,0,0,0,0,0,0,1,0, , , , , , , , , , , , , , , , , , , , , , , , , , , , , , 
P1791,0,0,1,0,1,1,1,0,0,0,1,1,1,1,1,1,1,1,3,1,1,0,0,0,0,0,0,0,1,0,0,0,0,1,0,0,1,1,1,1,1,1,1,1,1,0,0,1,0,0,0,0,0,0,1,1,1,0,0,0,2,2, , , , , , , , , , , , , , , , , , , , , 
P1792,0,1,0,0,0,0,1,0,0,0,3,1,2,4,4,1,2,4,5,1,1,0,1,0,1,0,0,0,0,0,0,1,1,1,0,0,1,2,1,1,2,2,1, , ,0,0,0,0,1,0,0,0,0,0,0,1,0,0,0,1,2,0,0,0,0,0,0,1,0,0,1,0,0,0,1,2,3,2,1,2,3,2
P1793,1,1,1,0,1,0,1,0,0,0,1,1,2,2,4,1,3,2,3,1,0,0,0,0,0,0,0,0,0,0,0,1,0,0,1,0,1,2,2,1,1,2,2,4, ,0,0,1,0,0,0,0,0,1,1,0,0,0,0,0,2,2, , , , , , , , , , , , , , , , , , , , , 
P1794,1,1,1,1,1,1,1,1,0,0,2,2,2,3,2,2,2,1,2,1,0,0,0,0,0,0,0,0,1,1,0,1,0,1,1,1,2,2,1,1,1,1,1,1,4,1,1,1,0,1,0,0,0,1,1,0,1,1,0,0,2,2,1,0,0,0,0,0,0,0,0,0,0,0,0,2,2,2,1,1,2,1,4
P1795,1,1,0,0,1,1,0,1,0,0,1,1,1,3,2,1,3,1,1, , , , , , , , , , , , , , , , , ,3,3,1,1,1,2,1,1, ,1,1,1,0,1,0,0,0,0,1,0,1,1,0,0,2,2, , , , , , , , , , , , , , , , , , , , , 
P1796,0,0,0,0,1,0,0,0,0,0,2,2,2,3,2,2,4,2,2,1,0,0,0,0,0,0,0,0,1,0,0,1,0,1,0,0,1,1,2,1,2,1,2, ,2,1,1,0,0,0,0,0,0,0,0,1,1,0,0,0,2,2, , , , , , , , , , , , , , , , , , , , , 
P1797,1,1,1,1,1,0,1,1,0,0,2,2,1,2,3,1,1,2,2,1,0,0,0,0,0,0,0,0,1,0,0,1,1,1,0,0,3,1,1,1,1,1,2,2,1,1,0,1,0,0,0,0,0,1,0,1,0,0,0,0,2,2,1,0,1,0,1,1,0,0,0,0,0,0,0,1,2,2,4,3,3,3,1
P1798,0,1,0,0,1,1,1,1,0,0,2,3,3,4,2,1,4,2,5,1,0,0,1,0,0,0,0,0,0,1,0,1,0,1,1,0,1,1,1,1,1,2,1,1, ,1,0,1,0,1,0,0,0,1,1,0,0,0,0,0,2,2, , , , , , , , , , , , , , , , , , , , , 
P1799,1,0,0,0,0,1,0,1,0,0,4,4,4,5,2,4,3,2,2,0,0,0,0,0,0,0,0,1, , , , , , , , ,2,2,1,1,1,3,2,2, ,0,0,0,0,0,0,1,0, , , , , , , , , , , , , , , , , , , , , , , , , , , , , , 
P1800,1,1,0,1,1,1,1,1,0,0,1,1,1,1,1,1,1,1,3,1,1,0,1,1,0,1,0,0,0,0,1,0,1,0,1,1,1,1,2,1,1,1,1,1,1,1,0,0,0,0,0,0,0,1,0,1,0,0,0,0,2,2,1,0,1,0,1,0,1,0,0,0,0,0,0,1,1,2,4,3,3,3,1
P1801,1,1,1,0,1,0,0,1,0,0,2,2,3,3,3,1,4,2,3,1,1,1,1,0,1,0,0,0,0,1,0,1,1,1,1,0,1,5,1,1,1,1,1,1,2,1,1,0,1,0,0,0,0,1,1,1,1,1,0,0,2,2,1,1,1,0,0,0,1,0,0,0,0,0,0,2,3,1,4,1,1,3,1
P1802,0,0,0,0,0,0,0,1,0,0,1,1,2,2,1,1,1,1,3,1,0,0,0,0,0,0,0,0,0,0,0,0,1,0,0,0,2,2,1,1,1,1,1,1,1,0,0,0,1,0,0,0,0,0,1,0,0,0,0,0,2,2,0,0,0,0,0,0,0,0,0,0,1,0,0,2,3,2,1,1,2,1,1
P1803,0,0,1,1,1,1,0,1,0,0,1,1,3,2,3,2,4,2,5,1,0,0,1,0,0,0,0,0,1,0,0,1,1,0,0,0,3,2,1,1,1,1,2,1,2,0,0,1,0,1,1,0,0,1,1,0,0,0,0,0,2,2,0,0,0,0,1,1,0,1,0,1,0,0,0,3,4,2,2,3,2,3,1
P1804,0,0,0,0,0,0,0,1,0,0,4,2,2,2,4,1,1,2,4,0,0,1,0,1,0,0,0,0,0,0,0,0,1,0,0,0,1,2,1,1,2,1,2, ,3,1,0,0,0,0,0,0,0,0,1,0,0,0,0,0,1,2,0,0,0,0,0,1,0,0,0,0,1,0,0,1,2,3,1,2,2,1,1
P1805,0,0,0,0,0,0,0,0,0,1,2,2,2,5,2,2,5,2,6, , , , , , , , , , , , , , , , , ,5,4,3,2,1,3, ,2, ,0,0,0,0,0,0,1,0, , , , , , , , , , , , , , , , , , , , , , , , , , , , , , 
P1806,1,1,0,0,1,0,1,0,0,0,2,2,2,2,2,3,2,2,2,1,0,0,0,0,0,0,0,0,0,0,0,0,0,0,0,1,3,3,2,1,1,2,2,1, ,0,0,0,0,0,0,1,0, , , , , , , , , , , , , , , , , , , , , , , , , , , , , , 
P1807,0,1,0,1,1,1,1,1,0,0,1,1,2,2,1,2,1,1,4,1,0,0,0,0,0,0,0,0,0,0,0,0,1,0,1,1,2,3,2,1,1,2,2,1, ,0,0,0,1,0,1,0,0,0,0,1,0,0,0,0,2,2,1,0,0,0,0,1,0,0,0,1,0,0,0,1,2,3,1,3,1,1,1
P1808,1,1,1,1,0,1,0,0,0,0,2,3,2,2,2,5,4,2,2,0,0,0,1,0,0,0,0,0,0,0,0,0,1,0,0,0,3,1,1,1,1,1,2,1,1,0,1,0,0,0,0,0,0,0,1,0,0,0,0,0,2,1,0,0,0,0,1,0,0,0,0,1,0,0,0,2,2,3,4,1,1,2,1
P1809,0,1,1,0,1,1,0,0,0,0,2,5,2,3,3,2,5,2,2,0,0,0,0,0,0,0,0,1, , , , , , , , ,5,2,3,1,1,3,2,2, ,1,0,0,0,0,0,0,0,1,0,0,0,0,0,0,2,2, , , , , , , , , , , , , , , , , , , , , 
P1810,0,1,0,1,1,1,0,0,0,0,3,3,3,3,3,3,3,3,2,1,0,0,0,0,0,0,0,0,0,0,0,0,0,0,0,1,2,1,1,2,2,2, , , ,0,0,0,0,0,0,1,0, , , , , , , , , ,0,0,0,0,1,0,0,0,0,0,0,0,0,3,3,1,5,4,4,4,4
P1811,0,1,1,0,0,0,0,0,0,0,3,2,2,2,3,2,5,2,1, , , , , , , , , , , , , , , , , ,5,3,2,1,2,2,2, , ,0,0,0,0,0,0,1,0, , , , , , , , , , , , , , , , , , , , , , , , , , , , , , 
P1812,0,1,0,0,0,0,0,0,0,0,5,2,2,5,4,2,5,2,1, , , , , , , , , , , , , , , , , ,4,5,3,2,2,2, , , ,0,0,0,0,0,0,1,0, , , , , , , , , , , , , , , , , , , , , , , , , , , , , , 
P1813,1,1,0,0,1,1,0,0,0,0,2,1,3,2,4,2,3,2,2,1,0,0,0,0,0,0,0,0,0,0,0,1,0,0,0,0,1,2,1,1,2,2,1, , ,1,0,1,0,0,0,0,0,1,1,0,0,0,0,0,2,2, , , , , , , , , , , , , , , , , , , , , 
P1814,0,1,1,0,1,0,0,0,0,0,1,1,1,4,2,1,2,1,1, , , , , , , , , , , , , , , , , ,3,3,2,1,1,2,1,1, ,1,1,1,0,0,0,0,0,0,0,0,1,1,0,0,2,2, , , , , , , , , , , , , , , , , , , , , 
P1815,0,0,0,0,1,1,0,0,0,0,2,2,2,4,3,2,4,2,1, , , , , , , , , , , , , , , , , ,5,5,3,1,2,3,2, , ,0,0,0,0,0,0,1,0, , , , , , , , , , , , , , , , , , , , , , , , , , , , , , 
P1816,1,1,0,0,0,0,0,0,0,0,1,1,1,3,3,2,5,3,2,1,0,0,0,0,0,0,0,0,0,0,1,0,0,0,0,1,3,3,3,1,1,3,2,2, ,0,0,0,0,0,0,1,0, , , , , , , , , , , , , , , , , , , , , , , , , , , , , , 
P1817,0,1,1,0,0,0,0,0,0,0,2,2,2,5,3,2,5,2,1, , , , , , , , , , , , , , , , , ,1,1,1,2,1,3, ,2, ,0,0,0,0,0,0,1,0, , , , , , , , , , , , , , , , , , , , , , , , , , , , , , 
P1818,0,0,0,0,0,0,0,0,0,1,4,4,5,4,4,5,5,5,1, , , , , , , , , , , , , , , , , ,3,5,2,2,2,2, , , ,0,0,0,0,0,0,1,0, , , , , , , , , , , , , , , , , , , , , , , , , , , , , , 
P1819,1,0,0,0,0,1,0,0,0,0,2,2,2,4,3,2,5,2,1, , , , , , , , , , , , , , , , , ,3,3,2,1,1,2,2,2, ,0,0,0,0,0,0,1,0, , , , , , , , , , , , , , , , , , , , , , , , , , , , , , 
P1820,1,1,0,0,0,0,1,0,0,0,2,2,1,1,3,1,2,3,4,1,0,0,1,0,1,1,0,0,0,1,0,0,1,0,0,1,2,1,1,1,2,1,1, ,1,0,0,1,0,1,1,0,0,0,1,0,0,1,0,0,2,2,0,1,0,0,0,0,1,0,0,1,0,0,0,2,1,2,3,2,1,3,3
P1821,0,1,0,0,0,0,0,0,0,0,2,2,5,2,3,2,3,1,2,0,0,0,0,0,0,1,0,0,0,0,0,0,0,0,0,1,5,3,2,2,2,2, , , ,0,0,0,0,0,0,1,0, , , , , , , , , , , , , , , , , , , , , , , , , , , , , , 
P1822,0,0,0,0,1,0,0,0,0,0,5,2,5,3,2,2,4,3,2,0,0,0,0,0,0,0,1,0,0,0,0,0,0,0,1,1,3,4,2,1,2,2,2, , ,0,0,0,0,0,0,1,0, , , , , , , , , , , , , , , , , , , , , , , , , , , , , , 
P1823,0,1,1,0,0,1,0,1,0,0,3,2,2,5,4,2,5,3,6, , , , , , , , , , , , , , , , , ,2,2,1,1,1,3,2,2, ,1,0,0,0,0,0,0,0,0,1,0,0,1,0,0,2,2, , , , , , , , , , , , , , , , , , , , , 
P1824,1,1,0,0,1,1,0,0,0,0,3,2,1,3,2,2,2,2,2,0,0,0,0,0,0,1,0,0,0,1,0,0,1,0,0,0,3,3,2,1,1,2,2,2, ,1,1,1,0,1,0,0,0,0,1,0,0,0,0,0,2,2,0,0,0,1,1,0,0,0,0,1,0,0,0,3,2,4,4,4,3,3,3
P1825,0,0,0,1,1,0,0,0,0,0,3,3,3,3,3,3,2,2,2,1,0,0,0,0,0,0,0,0,0,1,0,0,0,0,0,0,1,1,2,1,1,2,2,2, ,0,0,0,0,0,0,1,0, , , , , , , , , ,0,0,1,1,0,0,0,0,0,0,0,0,0,2,2,2,4,3,3,3,4
P1826,0,0,0,0,0,0,0,0,0,1,4,4,4,4,4,4,4,4,1, , , , , , , , , , , , , , , , , ,4,4,2,2,2,2, , , ,0,0,0,0,0,0,1,0, , , , , , , , , , , , , , , , , , , , , , , , , , , , , , 
P1827,0,1,1,0,0,0,0,0,0,0,2,2,2,4,4,1,2,3,6, , , , , , , , , , , , , , , , , ,3,3,2,2,1,2, ,2, ,0,0,0,0,0,0,1,0, , , , , , , , , , , , , , , , , , , , , , , , , , , , , , 
P1828,1,1,1,1,1,1,0,1,0,0,1,2,2,3,2,2,2,2,2,1,0,0,0,0,0,0,0,0,0,0,0,0,0,1,0,0,2,2,2,1,1,2,2,2, ,1,1,1,1,1,0,0,0,0,0,0,1,0,0,0,2,2,0,0,0,0,1,0,0,0,0,0,0,0,0,3,5,2,4,3,3,3,1
P1829,0,1,0,1,0,0,1,1,0,0,2,3,1,1,3,2,1,3,5,1,0,0,0,0,1,0,0,0,1,0,0,0,1,1,0,0,2,2,1,1,1,1,1,1,1,1,1,0,0,0,0,0,0,1,1,0,0,1,0,0,2,2,0,0,0,0,1,1,0,0,1,0,1,0,0,1,1,3,2,1,1,1,1
P1830,0,0,0,0,0,1,0,0,0,0,1,1,1,1,1,1,1,1,2,0,1,0,0,0,0,0,0,0,0,0,0,1,0,0,0,0,1,1,2,1,2,2,2, , ,0,0,0,0,0,0,1,0, , , , , , , , , , , , , , , , , , , , , , , , , , , , , , 
P1831,0,0,0,0,1,0,0,1,0,0,2,1,1,1,1,1,5,1,3,1,0,0,0,0,0,0,0,0,0,0,0,1,0,0,0,0,1,1,1,1,2,1,2, ,1,1,0,1,0,1,0,0,0,1,0,1,0,0,0,0,2,1, , , , , , , , , , , , , , , , , , , , , 
P1832,0,1,1,0,1,1,0,1,0,0,3,2,2,2,2,2,3,2,2,0,0,0,1,0,0,0,0,0,0,0,0,0,0,1,0,0,2,2,2,1,2,2,2, , ,0,1,0,0,0,0,0,0,0,0,0,1,1,0,0,2,2, , , , , , , , , , , , , , , , , , , , , 
P1833,0,0,0,0,1,0,0,0,0,0,2,2,2,3,2,2,2,2,2,1,0,0,0,0,0,0,0,0,0,0,0,0,1,0,1,0,2,2,1,1,2,2,2, , ,0,1,0,1,0,1,0,0,0,0,0,1,0,0,0,2,2,1,0,0,0,0,0,1,0,0,1,0,0,0,2,2,2,4,3,3,2,3
P1834,1,0,1,1,0,1,0,1,0,0,1,1,2,2,2,1,2,2,5,1,1,0,1,0,0,0,0,0,1,0,0,1,1,0,0,0,1,1,2,1,1,1,1,1,1,1,1,1,1,0,0,0,0,1,0,1,0,1,0,0,2,2,0,0,1,0,1,1,0,1,0,0,0,0,0,1,2,2,3,1,4,1,1
P1835,1,1,1,0,0,0,0,0,0,0,2,1,1,5,5,5,5,2,3,1,0,0,0,0,0,0,0,0,0,0,0,0,1,0,0,0,5,5,3,1,1,3,2,1, ,0,0,0,0,0,0,1,0, , , , , , , , , ,0,0,0,0,0,1,0,0,0,0,0,0,0,2,2,4,4,3,3,3,3
P1836,0,1,1,0,0,1,0,0,0,0,2,1,1,3,2,2,2,2,2,0,0,0,0,0,0,0,0,1, , , , , , , , ,5,5,3,1,1,3,1,1, ,0,0,0,0,0,1,0,0,0,0,0,0,1,0,0,2,2, , , , , , , , , , , , , , , , , , , , , 
P1837,0,1,0,0,0,0,0,0,0,0,2,2,2,5,5,2,5,2,1, , , , , , , , , , , , , , , , , ,3,3,2,2,1,2, ,2, ,0,0,0,0,0,0,1,0, , , , , , , , , , , , , , , , , , , , , , , , , , , , , , 
P1838,0,0,0,0,1,0,0,0,0,0,1,1,1,2,2,4,3,4,2,1,0,0,0,0,0,0,0,0,0,0,0,0,0,1,0,0,1,2,1,1,1,1,3,2,1,0,0,0,0,1,0,0,0,0,0,1,0,0,0,0,2,2, , , , , , , , , , , , , , , , , , , , , 
P1839,1,1,0,1,1,1,1,1,0,0,2,2,2,2,3,2,2,2,4,0,1,0,1,0,0,0,0,0,0,1,1,1,1,1,1,0,3,3,2,1,1,1,1,1,1,1,1,1,1,1,0,0,0,1,1,1,1,1,0,0,2,2,1,1,1,1,1,1,1,1,1,1,1,0,0,2,2,2,1,3,2,3,1
P1840,0,0,0,0,0,1,0,1,0,0,3,3,3,3,3,3,3,3,1, , , , , , , , , , , , , , , , , ,1,5,3,1,1,1,5,5,5,0,0,0,0,0,0,1,0, , , , , , , , , , , , , , , , , , , , , , , , , , , , , , 
P1841,0,1,1,0,0,0,0,1,0,0,2,2,2,3,3,2,2,2,2,1,0,0,0,0,0,0,0,0,0,0,0,0,0,0,0,1,1,1,1,1,1,1,2,2,2,1,0,0,0,0,0,0,0,0,1,0,0,0,0,0,2,2, , , , , , , , , , , , , , , , , , , , , 
P1842,0,0,0,0,0,1,0,0,0,0,2,3,1,2,3,4,2,3,3,0,1,0,1,0,0,0,0,0,1,0,1,0,0,0,0,0,2,3,1,1,1,2,2,1, ,0,0,0,1,0,0,0,0,0,0,0,0,1,0,0,2,1, , , , , , , , , , , , , , , , , , , , , 
P1843,1,1,0,0,0,0,1,1,0,0,1,1,1,2,3,1,1,1,2,1,1,1,0,0,0,0,0,0,1,1,0,1,0,1,0,0,1,1,1,1,1,1,1,1,1,0,1,0,0,0,0,0,0,1,0,1,0,0,0,0,1,1, , , , , , , , , , , , , , , , , , , , , 
P1844,0,1,0,0,0,1,0,0,0,0,3,1,2,4,2,2,2,3,2,1,0,0,0,0,0,0,0,0,0,0,0,0,0,0,0,1,5,5,2,1,1,2,1,2, ,0,0,0,0,0,0,1,0, , , , , , , , , , , , , , , , , , , , , , , , , , , , , , 
P1845,0,0,0,0,1,0,1,0,0,0,4,2,3,4,3,1,4,2,2,1,0,0,0,0,0,0,0,0,0,1,0,1,0,1,0,0,3,1,1,2,2,2, , , ,1,1,0,1,0,0,0,0,0,1,0,0,1,0,0,2,2, , , , , , , , , , , , , , , , , , , , , 
P1846,1,1,1,0,1,0,0,0,0,0,3,1,3,3,3,1,2,2,2,0,0,0,1,0,0,0,0,0,0,0,0,0,1,0,1,0,2,3,1,1,1,2,2,1, ,1,0,1,0,1,1,0,0,1,1,0,0,0,0,0,2,2,1,0,1,0,1,1,1,1,0,1,0,0,0,2,3,2,3,1,2,1,1
P1847,0,1,1,0,0,1,0,0,0,0,2,1,1,5,3,1,2,2,2,1,0,0,0,0,0,0,0,0,0,0,0,0,0,0,0,1,5,2,1,1,1,3,2,2, ,0,0,0,0,0,1,0,0,0,1,0,0,0,0,0,2,2, , , , , , , , , , , , , , , , , , , , , 
P1848,0,0,0,0,0,0,0,0,0,1,2,3,3,4,4,3,4,4,1, , , , , , , , , , , , , , , , , ,3,4,2,2,2,2, , , ,0,0,0,0,0,0,1,0, , , , , , , , , , , , , , , , , , , , , , , , , , , , , , 
P1849,0,1,1,0,1,1,1,0,0,0,2,1,1,2,2,1,2,2,1, , , , , , , , , , , , , , , , , ,2,2,2,1,1,2,1,2, ,0,0,0,0,0,1,0,0,0,1,0,1,1,0,0,2,2, , , , , , , , , , , , , , , , , , , , , 
P1850,0,0,1,0,1,0,0,0,0,0,2,1,1,3,2,1,2,1,2,1,0,0,0,0,0,0,0,0,0,0,1,1,0,0,0,1,2,2,2,1,1,2,1,2, ,0,0,0,0,1,0,0,0,0,0,0,1,0,0,0,2,2, , , , , , , , , , , , , , , , , , , , , 
P1851,0,0,0,0,0,1,0,0,0,0,1,1,2,1,1,1,1,1,2,1,0,0,0,0,0,0,0,0,0,0,0,1,0,0,0,0,3,3,1,2,2,2, , , ,0,0,0,0,0,0,1,0, , , , , , , , , , , , , , , , , , , , , , , , , , , , , , 
P1852,1,0,0,0,1,0,0,1,0,0,3,3,1,3,3,3,3,2,3,1,0,1,0,0,0,0,0,0,1,0,1,0,1,0,0,0,2,2,1,1,2,1,2, ,1,1,0,0,0,1,0,0,0,0,1,0,0,1,0,0,2,2,0,0,1,1,0,0,0,1,0,0,0,0,0,2,1,2,1,2,2,3,3
P1853,1,0,1,1,1,1,1,1,0,0,2,1,2,1,2,1,1,2,3,1,1,1,1,0,1,1,0,0,1,1,1,1,1,1,1,1,2,2,1,1,1,1,3,2,1,1,1,1,1,1,1,0,0,1,1,0,1,1,0,0,2,2,1,1,0,1,1,1,1,1,1,1,1,0,0,1,1,1,2,1,1,2,1
P1854,1,1,0,0,1,1,1,1,0,0,2,2,2,2,3,2,3,2,2,1,0,0,0,0,0,0,0,0,1,0,0,1,1,0,0,0,1,3,1,1,1,2,2,2, ,0,0,0,0,0,1,0,0,1,1,0,1,1,0,0,2,2,0,0,1,1,0,0,0,0,0,0,1,0,0,3,2,2,4,3,3,3,1
P1855,0,1,1,1,0,0,0,0,0,0,1,2,2,2,2,1,1,1,3,1,0,0,0,1,0,1,0,0,1,0,0,0,0,1,0,0,2,1,1,1,1,1,2,1,2,0,0,1,0,0,0,0,0,0,0,1,1,0,0,0,2,1,0,1,1,0,0,1,0,0,0,0,0,0,0,2,1,1,1,2,2,3,3
P1856,0,1,1,0,1,1,1,1,0,0,4,4,3,2,4,2,2,2,3,1,1,0,1,0,0,0,0,0,0,1,0,0,0,0,0,1,2,2,2,1,2,1,2, ,2,0,1,0,0,0,0,0,0,0,1,0,0,0,0,0,2,2, , , , , , , , , , , , , , , , , , , , , 
P1857,1,1,1,0,0,1,1,1,0,0,1,2,1,4,3,1,2,2,2,1,0,0,0,0,0,0,0,0,0,1,0,0,0,0,0,0,3,3,2,1,1,2,2,2, ,0,0,0,0,0,0,1,0, , , , , , , , , , , , , , , , , , , , , , , , , , , , , , 
P1858,0,0,0,0,0,0,0,0,0,1,3,3,2,3,3,3,3,2,6, , , , , , , , , , , , , , , , , ,5,5,2,2,2,2, , , ,0,0,0,0,0,0,0,1, , , , , , , , , , , , , , , , , , , , , , , , , , , , , , 
P1859,0,0,0,0,0,1,0,0,0,0,1,1,1,1,1,1,1,1,4,1,1,0,0,0,0,0,0,0,0,0,0,1,0,0,0,0,5,4,1,1,1,1,1,1,1,0,1,0,0,0,0,0,0,0,0,1,1,0,0,0,2,2, , , , , , , , , , , , , , , , , , , , , 
P1860,0,1,0,0,0,0,0,0,0,0,2,2,2,4,4,2,2,2,2,1,0,0,0,0,0,0,0,0,0,0,0,0,0,0,0,1,3,3,2,2,1,2, ,2, ,0,0,0,0,0,0,1,0, , , , , , , , , , , , , , , , , , , , , , , , , , , , , , 
P1861,0,0,0,0,0,0,0,0,0,1,4,4,4,5,4,4,4,4,6, , , , , , , , , , , , , , , , , ,5,5,3,3,3,3, , , ,0,0,0,0,0,0,0,1, , , , , , , , , , , , , , , , , , , , , , , , , , , , , , 
P1862,0,1,1,0,0,1,1,0,0,0,2,1,1,3,2,1,1,3,2,0,0,0,0,0,0,0,0,1, , , , , , , , ,3,3,1,1,1,2,1,1, ,0,0,1,0,0,0,0,0,0,1,0,0,0,0,0,2,2, , , , , , , , , , , , , , , , , , , , , 
P1863,1,1,1,0,1,1,1,1,0,0,1,2,2,3,4,1,2,2,2,1,0,0,0,0,0,0,0,0,1,0,0,0,1,1,0,0,3,3,2,2,1,3, ,2, ,0,0,0,1,0,1,0,0,0,0,0,0,1,0,0,2,2,1,0,0,1,0,0,0,0,0,0,0,0,0,3,3,2,3,3,3,3,3
P1864,0,0,1,0,0,0,0,0,0,0,3,2,2,3,3,2,5,5,1, , , , , , , , , , , , , , , , , ,3,3,2,2,2,2, , , ,0,0,0,0,0,0,1,0, , , , , , , , , , , , , , , , , , , , , , , , , , , , , , 
P1865,0,1,0,0,0,0,0,0,0,0,2,1,1,3,3,1,2,2,2,0,0,0,0,0,0,0,0,1, , , , , , , , ,3,3,2,2,2,2, , , ,0,0,0,0,0,0,1,0, , , , , , , , , , , , , , , , , , , , , , , , , , , , , , 
P1866,0,1,0,0,1,0,0,0,0,0,3,3,2,3,3,2,3,1,3,1,0,0,0,0,0,0,0,0,0,0,0,1,1,0,0,0,2,2,1,2,1,2, ,1, ,1,0,0,1,0,0,0,0,0,1,1,0,0,0,0,1,2,0,0,0,0,0,0,0,0,0,0,1,0,0,3,3,1,1,1,1,2,1
P1867,0,1,0,0,0,0,0,0,0,0,2,3,2,2,2,3,2,2,2,0,1,0,0,0,0,1,0,0,0,0,0,0,1,0,1,0,2,2,1,1,1,2,1,1, ,0,0,0,1,0,1,0,0,0,1,0,0,0,0,0,2,1,0,1,0,0,0,0,1,1,0,0,0,0,0,2,2,1,2,2,1,2,3
P1868,0,1,0,0,0,0,0,1,0,0,3,2,2,3,2,2,2,2,2,0,0,0,1,0,0,0,0,0,0,0,0,0,1,0,0,0,3,3,2,1,1,2,2,2, ,0,0,0,0,0,1,0,0,1,0,0,0,0,0,0,2,2,1,0,1,0,1,0,0,0,0,0,0,0,0,2,2,2,5,4,4,3,1
P1869,1,0,0,1,1,0,1,1,0,0,2,2,2,2,2,2,1,2,5,0,1,0,1,0,0,1,0,0,0,0,1,0,0,0,0,0,1,1,1,1,1,1,1,1,1,1,0,0,0,0,0,0,0,1,0,0,0,0,0,0,2,2,0,0,1,1,1,0,0,0,0,0,0,0,0,2,2,2,1,3,1,1,1
P1870,0,0,1,0,0,0,1,0,0,0,2,4,2,2,4,4,2,4,2,1,0,1,0,0,1,0,0,0,0,0,0,1,0,0,0,0,1,1,2,2,2,1, , ,2,0,0,1,0,0,0,0,0,0,1,1,0,0,0,0,2,2, , , , , , , , , , , , , , , , , , , , , 
P1871,0,0,1,0,0,0,0,0,0,0,4,4,2,4,4,4,4,4,1, , , , , , , , , , , , , , , , , ,4,5,3,2,2,3, , , ,0,0,0,0,0,0,1,0, , , , , , , , , , , , , , , , , , , , , , , , , , , , , , 
P1872,0,1,0,0,0,0,0,0,0,0,4,2,3,4,3,2,5,2,6, , , , , , , , , , , , , , , , , ,5,5,2,1,2,2,2, , ,0,0,0,0,0,0,1,0, , , , , , , , , , , , , , , , , , , , , , , , , , , , , , 
P1873,0,1,1,0,1,1,0,1,0,0,1,1,2,3,3,1,2,2,2,1,0,0,0,0,0,0,0,0,0,1,0,0,0,0,0,0,2,5,1,1,1,3,1,1, ,0,0,0,0,0,1,0,0,1,1,0,0,0,0,0,2,2, , , , , , , , , , , , , , , , , , , , , 
P1874,0,0,0,0,1,0,0,1,0,0,1,1,2,2,2,2,1,3,2,1,0,0,0,0,0,0,0,0,0,0,0,0,1,0,0,0,1,1,1,2,1,1, ,1,2,0,1,0,0,1,0,0,0,0,0,0,1,1,0,0,1,1,0,0,0,0,0,0,0,0,0,1,1,0,0,1,1,2,2,3,2,2,3
P1875,0,1,1,1,1,0,0,1,0,0,2,1,1,1,2,1,1,1,5,1,1,1,1,0,0,1,0,0,1,0,0,1,1,1,1,0,1,1,1,1,1,1,1,1,2,0,0,0,0,0,0,1,0, , , , , , , , , ,1,0,0,0,1,1,0,0,0,0,1,0,0,1,1,2,4,3,3,3,3
P1876,0,0,0,0,0,0,0,0,0,1,5,5,5,5,5,5,4,5,1, , , , , , , , , , , , , , , , , ,4,4,2,2,2,2, , , ,0,0,0,0,0,0,1,0, , , , , , , , , , , , , , , , , , , , , , , , , , , , , , 
P1877,0,0,0,0,1,1,0,0,0,0,2,3,2,4,4,3,3,2,2,0,0,0,0,0,0,0,0,1, , , , , , , , ,2,3,1,1,2,2,2, , ,0,0,1,0,0,0,0,0,0,1,0,0,0,0,0,2,2, , , , , , , , , , , , , , , , , , , , , 
P1878,0,0,1,0,1,0,0,0,0,0,3,2,1,4,2,2,1,2,1, , , , , , , , , , , , , , , , , ,5,5,1,1,1,3,1,1, ,0,0,1,0,0,0,0,0,0,1,0,0,0,0,0,2,2, , , , , , , , , , , , , , , , , , , , , 
P1879,0,1,0,0,1,0,0,0,0,0,2,1,5,2,2,1,3,1,2,1,0,0,1,0,0,0,0,0,0,1,0,1,1,0,1,0,3,4,2,1,1,3,2,2, ,0,0,0,0,0,0,1,0, , , , , , , , , ,0,0,0,0,0,0,0,0,0,0,0,1,0,2,2,2,4,4,4,3,3
P1880,0,0,1,0,1,0,0,0,0,0,1,1,1,1,1,2,1,1,2,0,0,0,1,0,0,0,0,0,0,1,1,0,1,0,0,0,1,1,1,1,2,1,3, ,2,0,0,0,1,0,0,0,0,1,0,0,0,1,0,0,2,1,0,0,1,1,0,0,0,0,0,1,0,0,0,3,3,3,2,3,3,1,3
P1881,1,1,1,0,0,1,0,0,0,0,2,1,1,5,4,1,2,3,1, , , , , , , , , , , , , , , , , ,4,3,3,2,1,2, ,1, ,0,0,0,0,0,0,1,0, , , , , , , , , , , , , , , , , , , , , , , , , , , , , , 
P1882,0,1,0,0,1,1,0,0,0,0,3,2,3,4,1,2,3,2,3,1,1,0,0,0,0,0,0,0,0,0,1,1,1,0,1,0,1,1,1,1,3,2,2, , ,0,1,0,0,0,0,0,0,0,1,0,0,0,0,0,2,2,0,0,1,0,0,0,0,0,0,0,0,0,0,2,2,2,5,3,3,3,1
P1883,0,1,0,0,0,1,0,0,0,0,5,2,1,5,3,1,5,2,2,0,0,0,0,0,0,0,1,0,0,0,0,0,0,0,0,1,3,3,3,2,2,2, , , ,0,0,0,0,0,0,1,0, , , , , , , , , , , , , , , , , , , , , , , , , , , , , , 
P1884,0,1,1,1,1,0,0,0,0,0,2,2,2,2,3,2,2,2,2,1,0,0,0,0,0,0,0,0,1,1,0,1,1,1,1,0,1,1,2,1,1,2,2,2, ,0,0,0,1,0,0,0,0,0,0,0,0,1,0,0,2,2,0,0,0,0,0,0,1,0,0,1,0,0,0,1,1,2,4,3,3,3,3
P1885,0,1,0,0,0,0,0,0,0,0,3,2,2,4,2,2,4,3,1, , , , , , , , , , , , , , , , , ,3,1,3,1,2,3,2, , ,0,0,0,0,0,0,1,0, , , , , , , , , , , , , , , , , , , , , , , , , , , , , , 
P1886,0,1,0,0,0,1,0,0,0,0,2,2,2,2,5,2,5,2,1, , , , , , , , , , , , , , , , , ,3,3,2,1,2,2,2, , ,0,0,0,0,0,0,1,0, , , , , , , , , , , , , , , , , , , , , , , , , , , , , , 
P1887,0,0,0,0,1,1,0,0,0,0,2,2,2,2,2,2,2,2,1, , , , , , , , , , , , , , , , , ,3,3,1,1,2,1,4, ,4,0,0,0,1,0,0,0,0,0,1,0,0,0,0,0,2,2, , , , , , , , , , , , , , , , , , , , , 
P1888,0,0,0,0,1,1,0,1,0,0,1,2,3,4,3,2,2,4,2,1,0,0,0,0,0,0,0,0,0,1,0,1,0,0,0,0,3,3,1,1,1,2,2,2, ,0,1,1,0,0,0,0,0,1,1,0,0,0,0,0,2,2, , , , , , , , , , , , , , , , , , , , , 
P1889,1,1,1,0,0,0,0,1,0,0,2,3,2,4,3,3,3,3,1, , , , , , , , , , , , , , , , , ,3,3,2,2,1,2, ,2, ,0,0,0,0,0,0,1,0, , , , , , , , , , , , , , , , , , , , , , , , , , , , , , 
P1890,1,1,1,0,0,0,0,0,0,0,2,2,2,4,4,2,4,4,6, , , , , , , , , , , , , , , , , ,5,5,3,3,3,3, , , ,0,0,0,0,0,0,1,0, , , , , , , , , , , , , , , , , , , , , , , , , , , , , , 
P1891,0,0,0,1,0,1,0,1,0,0,2,2,2,3,3,2,4,5,4,0,0,0,1,0,0,0,0,0,0,0,0,0,0,0,0,1,3,3,2,1,1,2,2,2, ,1,0,1,0,0,0,0,0,1,1,0,0,0,0,0,2,2,0,0,0,1,0,0,0,0,0,0,0,0,0,3,3,1,4,3,3,3,3
P1892,0,0,0,0,0,0,0,0,0,1,5,5,5,5,5,5,5,5,6, , , , , , , , , , , , , , , , , ,5,5,2,2,2,2, , , ,0,0,0,0,0,0,0,1, , , , , , , , , , , , , , , , , , , , , , , , , , , , , , 
P1893,0,1,0,0,0,0,0,0,0,0,3,2,2,2,4,2,2,2,6, , , , , , , , , , , , , , , , , ,3,3,2,1,2,2,2, , ,1,0,0,0,0,0,0,0,0,1,0,0,0,0,0,3,2, , , , , , , , , , , , , , , , , , , , , 
P1894,0,0,0,0,1,0,0,0,0,0,1,1,1,1,1,1,1,2,5,1,0,0,0,0,0,0,0,0,0,0,0,0,1,0,0,0,1,1,1,1,1,2,1,1, ,0,0,1,0,0,0,0,0,0,1,0,0,0,0,0,2,2,0,0,1,0,0,0,0,0,0,0,0,0,0,2,2,2,4,3,3,3,1
P1895,0,0,0,0,0,0,0,1,0,0,3,2,3,2,2,2,2,2,2,1,0,0,0,0,0,0,0,0,0,0,0,0,0,1,0,0,2,3,1,2,2,2, , , ,0,0,0,1,0,0,0,0,0,0,0,1,0,0,0,2,2, , , , , , , , , , , , , , , , , , , , , 
P1896,0,0,1,0,1,1,1,1,0,0,3,4,3,3,3,3,2,3,4,1,0,0,0,0,0,0,1,0,0,0,0,0,0,0,0,1,3,3,1,1,1,2,2,2, ,0,0,0,0,0,1,0,0,0,1,0,1,0,0,0,2,2, , , , , , , , , , , , , , , , , , , , , 
P1897,1,1,1,0,0,1,1,0,0,0,1,1,1,4,4,1,2,4,3,1,0,0,0,0,0,0,0,0,0,0,0,1,0,0,0,0,3,3,2,1,1,2,2,2, ,0,0,0,0,0,0,1,0, , , , , , , , , , , , , , , , , , , , , , , , , , , , , , 
P1898,0,0,0,0,0,0,0,0,0,1,3,2,2,5,4,2,3,2,1, , , , , , , , , , , , , , , , , ,4,4,2,2,2,2, , , ,0,0,0,0,0,0,1,0, , , , , , , , , , , , , , , , , , , , , , , , , , , , , , 
P1899,1,0,0,0,0,1,0,0,0,0,2,1,2,1,3,1,2,1,2,0,0,0,0,0,0,0,0,1, , , , , , , , ,4,3,2,2,1,2, ,2, ,0,0,0,0,0,0,1,0, , , , , , , , , , , , , , , , , , , , , , , , , , , , , , 
P1900,0,1,1,0,0,0,0,0,0,0,2,2,2,4,3,2,3,2,1, , , , , , , , , , , , , , , , , ,5,5,1,1,1,2,2,2, ,0,0,0,0,0,0,1,0, , , , , , , , , , , , , , , , , , , , , , , , , , , , , , 
P1901,0,1,0,0,0,0,0,0,0,0,2,2,2,5,2,1,2,1,2,1,0,0,0,0,0,0,0,0,0,0,0,1,0,0,0,0,2,3,1,2,1,2, ,2, ,0,0,0,0,0,0,1,0, , , , , , , , , , , , , , , , , , , , , , , , , , , , , , 
P1902,1,1,1,0,0,1,0,1,0,0,3,2,2,3,4,2,4,2,2,1,0,0,0,0,0,0,0,0,0,0,0,0,1,0,0,0,4,3,2,2,1,3, ,2, ,0,0,0,0,0,0,1,0, , , , , , , , , ,0,0,0,0,0,0,1,0,0,0,0,0,0,2,2,2,4,3,3,3,3
P1903,0,1,0,0,0,0,0,0,0,0,3,2,2,5,4,2,5,5,1, , , , , , , , , , , , , , , , , ,4,4,2,2,2,2, , , ,0,0,0,0,0,0,1,0, , , , , , , , , , , , , , , , , , , , , , , , , , , , , , 
P1904,0,1,1,0,0,0,0,1,0,0,2,1,1,4,3,1,4,3,1, , , , , , , , , , , , , , , , , ,3,3,2,2,1,2, ,2, ,0,0,1,0,0,0,0,0,1,1,0,0,0,0,0,2,2, , , , , , , , , , , , , , , , , , , , , 
P1905,0,1,0,0,0,0,0,0,0,0,3,2,5,5,3,3,3,2,2,0,0,0,0,0,0,0,0,1, , , , , , , , ,5,5,2,2,2,2, , , ,0,0,0,0,0,0,1,0, , , , , , , , , , , , , , , , , , , , , , , , , , , , , , 
P1906,0,0,0,0,0,0,0,0,0,1,2,2,2,2,2,1,3,2,2,1,0,0,0,0,0,0,0,0,0,0,0,1,0,1,0,0,3,3,2,2,2,2, , , ,0,0,0,0,0,0,1,0, , , , , , , , , , , , , , , , , , , , , , , , , , , , , , 
P1907,1,1,0,0,1,1,0,1,0,0,2,2,2,3,3,2,2,2,6, , , , , , , , , , , , , , , , , ,5,5,2,1,1,3,2,2, ,1,0,0,0,1,0,0,0,1,1,0,0,0,0,0,2,2, , , , , , , , , , , , , , , , , , , , , 
P1908,0,1,0,0,0,0,0,0,0,0,2,1,1,4,4,2,4,2,2,0,0,0,0,0,0,0,0,1, , , , , , , , ,3,4,2,1,2,2,2, , ,0,0,0,0,0,0,1,0, , , , , , , , , , , , , , , , , , , , , , , , , , , , , , 
P1909,0,1,0,0,0,0,0,0,0,0,3,3,5,4,4,4,4,3,1, , , , , , , , , , , , , , , , , ,4,4,2,2,2,2, , , ,0,0,0,0,0,0,0,1, , , , , , , , , , , , , , , , , , , , , , , , , , , , , , 
P1910,1,0,0,0,1,0,0,1,0,0,1,2,2,5,3,1,5,1,1, , , , , , , , , , , , , , , , , ,5,5,2,1,1,2,2,2, ,0,0,0,0,0,0,1,0, , , , , , , , , , , , , , , , , , , , , , , , , , , , , , 
P1911,0,1,0,0,1,0,0,1,0,0,4,4,4,4,3,4,4,3,3,1,0,0,0,0,0,0,0,0,0,0,0,1,0,0,0,0,3,3,1,1,1,2,1,1, ,1,0,1,0,0,0,0,0,0,1,0,0,0,0,0,2,2, , , , , , , , , , , , , , , , , , , , , 
P1912,0,1,0,0,1,1,0,0,1,0,3,1,2,2,2,2,3,3,3,1,0,0,1,0,0,0,0,0,0,0,0,1,1,1,0,0,1,3,1,1,2,2,1, , ,1,0,0,0,0,0,0,0,0,1,0,0,0,0,0,2,2,0,0,0,0,1,0,0,0,0,0,0,0,0,1,2,2,3,3,2,3,1
P1913,1,0,0,0,1,1,0,0,0,0,3,3,5,3,2,3,5,3,1, , , , , , , , , , , , , , , , , ,3,3,2,1,1,2,2,2, ,0,0,0,0,0,1,0,0,1,1,0,1,1,0,0,2,3, , , , , , , , , , , , , , , , , , , , , 
P1914,1,0,0,0,0,1,0,1,0,0,1,1,1,3,2,1,5,1,1, , , , , , , , , , , , , , , , , ,3,3,2,1,1,3,2,2, ,0,0,0,0,0,1,0,0,0,0,0,0,1,0,0,2,2, , , , , , , , , , , , , , , , , , , , , 
P1915,1,1,1,0,0,0,0,1,0,0,1,1,1,4,4,1,4,1,1, , , , , , , , , , , , , , , , , ,4,3,2,2,1,2, ,2, ,0,0,0,0,0,0,1,0, , , , , , , , , , , , , , , , , , , , , , , , , , , , , , 
P1916,0,0,1,0,0,0,0,1,0,0,2,2,1,2,3,3,2,2,2,1,0,0,0,0,0,0,0,0,0,0,1,0,0,0,0,0,2,2,2,2,2,2, , , ,0,1,0,0,0,0,0,0,0,0,0,1,0,0,0,2,2, , , , , , , , , , , , , , , , , , , , , 
P1917,0,0,0,1,0,0,0,0,0,0,1,3,1,2,2,2,1,1,2,0,0,0,1,0,0,0,0,0,0,0,0,0,1,0,0,0,3,2,2,2,1,2, ,2, ,1,0,0,0,0,0,0,0,0,1,0,0,0,0,0,3,3,0,0,0,0,0,0,0,0,0,0,1,0,0,2,2,3,3,3,1,1,4
P1918,0,0,0,0,1,1,1,0,0,0,3,2,3,5,2,3,2,2,2,0,0,0,1,0,0,0,0,0,0,0,0,0,0,0,1,0,5,5,1,1,1,3,1,2, ,1,0,1,0,0,0,0,0,0,1,0,0,0,0,0,2,2, , , , , , , , , , , , , , , , , , , , , 
P1919,0,1,0,0,0,0,0,1,0,0,5,1,2,5,2,1,5,1,1, , , , , , , , , , , , , , , , , ,5,5,2,1,2,2,1, , ,1,0,0,0,0,0,0,0,0,0,0,1,0,0,0,2,2, , , , , , , , , , , , , , , , , , , , , 
P1920,1,0,1,0,0,0,0,1,0,0,1,1,1,4,1,1,4,1,6, , , , , , , , , , , , , , , , , ,1,2,3,1,1,2,1,1, ,0,0,0,0,1,1,0,0,0,0,0,1,0,0,0,2,2, , , , , , , , , , , , , , , , , , , , , 
P1921,0,0,0,0,0,0,0,0,0,1,2,2,2,2,3,2,3,2,6, , , , , , , , , , , , , , , , , ,3,3,2,2,1,2, ,2, ,0,0,0,0,0,0,1,0, , , , , , , , , , , , , , , , , , , , , , , , , , , , , , 
P1922,0,0,0,1,0,0,0,1,0,0,2,3,3,2,3,2,3,2,5,1,1,1,0,0,1,0,0,0,1,1,1,1,0,1,0,0,2,3,1,1,1,1,2,2,2,0,0,1,0,0,0,0,0,1,0,1,0,1,0,0,2,2,0,0,0,1,1,1,1,0,1,0,1,0,0,1,1,2,4,2,1,3,3
P1923,0,0,0,0,0,0,0,1,0,0,5,4,2,2,3,4,3,1,1, , , , , , , , , , , , , , , , , ,2,1,2,1,2,3,3, , ,0,1,0,0,0,0,0,0,1,0,0,0,0,0,0,2,2, , , , , , , , , , , , , , , , , , , , , 
P1924,0,0,0,0,1,0,0,0,0,0,4,2,1,2,3,1,1,2,1, , , , , , , , , , , , , , , , , ,3,2,1,1,2,1,1, ,2,1,0,0,0,0,0,0,0,0,0,0,0,1,0,0,2,2, , , , , , , , , , , , , , , , , , , , , 
P1925,0,1,0,0,0,0,0,0,0,0,5,1,5,3,3,2,5,5,1, , , , , , , , , , , , , , , , , ,5,5,2,2,2,2, , , ,0,0,0,0,0,0,1,0, , , , , , , , , , , , , , , , , , , , , , , , , , , , , , 
P1926,0,0,0,0,0,0,0,0,0,1,4,2,2,4,4,2,2,2,2,0,0,0,0,0,0,0,1,0,0,0,0,0,1,0,0,0,2,2,1,1,1,1,2,2,2,0,0,0,0,0,0,1,0, , , , , , , , , ,0,0,0,1,0,0,0,0,0,0,0,0,0,3,3,3,4,3,3,3,3
P1927,1,0,1,0,1,1,0,0,0,0,3,1,1,2,3,2,2,3,3,0,0,0,0,0,0,0,1,0,0,0,1,0,0,0,0,0,3,5,1,1,1,2,2,2, ,0,0,0,0,0,1,0,0,0,1,0,0,0,0,0,2,2, , , , , , , , , , , , , , , , , , , , , 
P1928,1,0,0,0,1,0,0,0,0,0,2,2,2,3,2,2,3,2,2,0,0,0,0,0,0,0,0,1, , , , , , , , ,3,3,2,1,1,3,2,2, ,0,0,0,0,0,0,1,0, , , , , , , , , , , , , , , , , , , , , , , , , , , , , , 
P1929,1,1,0,0,1,0,0,0,0,0,2,1,1,2,2,3,2,1,2,1,1,1,0,0,0,0,0,0,0,0,0,1,1,0,0,1,3,2,1,1,1,1,2,4,1,0,1,0,1,0,0,0,0,0,1,1,0,0,0,0,1,2,0,0,0,1,1,0,1,0,0,0,0,0,0,2,2,3,2,3,1,3,1
P1930,1,1,1,0,0,0,0,1,0,0,1,2,1,5,2,2,5,1,2,1,0,0,1,0,0,0,0,0,0,0,0,1,1,0,0,0,3,3,2,2,1,2, ,2, ,0,0,0,1,0,0,0,0,0,1,0,0,1,0,0,2,2,0,0,1,0,1,0,1,0,0,0,1,0,0,2,2,2,4,3,3,3,3
P1931,0,1,1,0,1,1,1,1,0,0,3,2,2,4,2,4,2,2,2,0,0,0,0,0,0,0,0,1, , , , , , , , ,3,3,2,1,1,2,1,1, ,1,0,1,0,0,0,0,0,0,1,0,0,0,0,0,2,2, , , , , , , , , , , , , , , , , , , , , 
P1932,0,0,0,0,0,1,0,1,0,0,2,2,2,2,3,2,3,2,4,0,0,0,1,0,0,0,1,0,0,1,0,0,1,0,0,1,3,3,2,2,1,1, ,2,2,0,0,0,0,0,0,1,0, , , , , , , , , ,1,0,0,0,0,0,1,0,0,0,0,0,0,2,2,2,4,3,1,1,3
P1933,1,1,1,1,1,0,0,1,0,0,2,2,1,2,3,2,1,2,4,1,1,1,1,1,0,0,0,0,1,1,1,1,1,1,1,0,2,2,1,1,1,1,2,2,2,1,1,1,1,1,1,0,0,1,1,1,1,1,0,0,2,2,1,0,0,1,1,0,1,1,0,1,0,0,0,2,2,2,3,3,1,3,3
P1934,1,0,0,0,0,0,0,0,0,0,1,2,2,4,3,2,3,2,1, , , , , , , , , , , , , , , , , ,3,3,2,2,1,2, ,2, ,0,0,0,0,0,0,1,0, , , , , , , , , , , , , , , , , , , , , , , , , , , , , , 
P1935,0,0,1,0,0,1,1,0,0,0,2,1,1,2,1,1,1,2,1, , , , , , , , , , , , , , , , , ,1,2,2,1,1,2,1,2, ,0,0,0,0,0,0,1,0, , , , , , , , , , , , , , , , , , , , , , , , , , , , , , 
P1936,1,0,1,1,1,1,0,0,0,0,3,1,2,2,4,2,3,2,4,1,1,0,0,0,0,0,0,0,0,1,0,1,1,1,0,0,2,3,1,1,1,3,1,1, ,1,1,0,0,0,1,0,0,0,1,0,0,0,0,0,2,2,0,0,0,0,1,0,0,0,0,1,0,0,0,2,2,2,4,3,3,3,3
P1937,0,0,1,0,0,1,0,0,0,0,2,2,2,2,3,2,1,1,4,1,1,0,0,0,0,0,0,0,0,1,0,1,1,0,0,0,3,4,1,2,2,2, , , ,1,0,0,0,0,0,0,0,0,1,1,0,0,0,0,2,2,0,0,1,0,0,0,0,0,0,0,0,0,0,2,2,4,4,3,3,3,3
P1938,1,1,1,0,1,0,0,0,0,0,3,2,2,3,3,2,2,2,3,0,0,0,1,0,0,0,0,0,0,0,0,0,1,0,0,0,2,2,1,1,1,1,2,2,2,1,0,0,0,0,0,0,0,1,0,0,1,0,0,0,2,2,0,0,0,0,0,0,0,0,0,1,0,0,0,3,3,2,4,3,3,3,3
P1939,1,1,1,0,0,1,0,1,0,0,1,2,2,2,2,2,4,2,2,1,1,0,1,0,0,0,0,0,0,0,0,0,1,0,0,0,3,3,1,2,1,2, ,1, ,0,0,0,0,0,1,0,0,0,1,0,0,1,0,0,2,2,1,1,1,0,1,0,0,0,0,0,1,0,0,2,2,2,4,2,1,1,1
P1940,1,1,0,0,1,0,1,0,0,0,1,1,1,1,2,1,1,2,4,1,1,0,0,0,0,0,0,0,1,0,0,0,1,0,0,0,3,1,1,2,2,1, , ,1,0,1,0,1,0,0,0,0,0,0,1,0,0,0,0,2,2,1,0,0,0,1,0,1,1,0,0,0,0,0,1,1,2,1,1,1,1,1
P1941,0,1,0,0,1,0,0,1,0,0,2,2,2,3,2,2,2,3,2,1,0,0,0,0,0,0,0,0,0,1,0,1,0,0,1,0,3,3,1,1,1,2,2,2, ,1,1,1,0,1,0,0,0,1,0,0,0,0,0,0,2,2, , , , , , , , , , , , , , , , , , , , , 
P1942,1,1,1,0,0,0,0,0,0,0,2,2,2,3,4,2,5,2,6, , , , , , , , , , , , , , , , , ,3,3,2,2,1,2, ,2, ,0,0,0,0,0,0,1,0, , , , , , , , , , , , , , , , , , , , , , , , , , , , , , 
P1943,1,1,0,0,0,0,0,0,0,0,3,2,2,4,4,2,4,2,1, , , , , , , , , , , , , , , , , ,2,2,1,1,1,3,2,2, ,0,0,0,0,0,0,1,0, , , , , , , , , , , , , , , , , , , , , , , , , , , , , , 
P1944,1,1,1,0,1,1,0,1,0,0,2,3,2,4,3,2,3,2,1, , , , , , , , , , , , , , , , , ,5,5,1,1,1,3,2,2, ,0,0,0,0,0,0,1,0, , , , , , , , , , , , , , , , , , , , , , , , , , , , , , 
P1945,0,1,0,0,0,0,0,0,0,0,4,2,2,5,4,2,5,2,2,1,0,0,0,0,0,0,0,0,0,0,0,0,0,0,0,1,3,3,1,2,2,2, , , ,0,0,0,0,0,0,1,0, , , , , , , , , , , , , , , , , , , , , , , , , , , , , , 
P1946,0,1,1,0,0,0,0,1,0,0,2,2,2,5,5,2,5,2,1, , , , , , , , , , , , , , , , , ,3,3,2,1,1,2,2,2, ,0,0,0,0,0,0,1,0, , , , , , , , , , , , , , , , , , , , , , , , , , , , , , 
P1947,1,1,1,0,0,0,0,0,0,0,2,2,1,4,4,1,4,4,2,1,0,0,0,0,0,0,0,0,0,1,0,0,0,0,0,0,2,2,1,1,1,2,2,2, ,1,0,1,0,1,0,0,0,0,0,0,0,0,1,0,1,1, , , , , , , , , , , , , , , , , , , , , 
P1948,0,1,0,1,1,1,0,1,0,0,3,3,2,2,3,3,2,2,3,1,0,0,0,0,0,0,0,0,0,1,0,1,0,0,0,0,3,3,1,1,1,2,2,2, ,0,0,0,0,0,0,1,0, , , , , , , , , ,1,0,0,0,0,0,0,0,0,0,0,0,0,2,2,2,4,2,1,3,3
P1949,0,0,0,0,1,0,0,1,0,0,2,2,2,3,1,2,2,1,2,1,0,0,0,0,0,0,0,0,0,0,0,1,0,0,0,1,3,3,1,1,1,2,1,1, ,0,0,0,0,0,0,1,0, , , , , , , , , , , , , , , , , , , , , , , , , , , , , , 
P1950,0,0,0,0,1,0,0,0,0,0,2,4,3,5,2,2,4,3,2,1,0,0,0,0,0,0,0,0,0,0,0,1,0,0,0,0,1,3,1,1,1,2,1,1, ,1,0,0,0,0,0,0,0,0,1,0,0,0,0,0,2,2, , , , , , , , , , , , , , , , , , , , , 
P1951,1,1,1,0,1,1,1,1,0,0,1,1,1,1,1,1,1,1,4,1,1,0,0,0,0,0,0,0,1,0,0,1,1,1,0,0,1,1,2,1,1,1,1,1,1,1,1,1,1,1,0,0,0,1,1,1,1,1,0,0,2,2,1,1,1,1,1,1,1,1,0,1,1,0,0,1,1,2,4,3,3,1,2
P1952,0,0,0,0,0,0,0,1,0,0,2,2,2,2,2,2,2,1,2,1,0,0,0,0,0,0,0,0,0,1,0,0,0,0,0,0,3,3,2,2,1,2, ,2, ,0,0,0,0,1,0,0,0,0,0,0,0,1,0,0,2,2, , , , , , , , , , , , , , , , , , , , , 
P1953,1,1,0,0,0,0,0,1,0,0,2,2,3,2,2,2,2,2,2,1,1,0,0,0,0,0,0,0,1,1,0,0,0,1,0,0,3,2,1,1,1,1,2,1,1,1,1,1,1,1,0,0,0,1,0,0,0,1,0,0,2,2, , , , , , , , , , , , , , , , , , , , , 
P1954,0,0,0,0,0,0,0,0,0,1,2,4,2,4,2,2,5,2,6, , , , , , , , , , , , , , , , , ,1,5,3,1,1,1,5,5,5,0,0,0,0,0,0,0,1, , , , , , , , , , , , , , , , , , , , , , , , , , , , , , 
P1955,0,1,0,0,1,1,0,0,0,0,1,1,2,3,1,1,1,2,1, , , , , , , , , , , , , , , , , ,1,1,1,1,1,2,4,1, ,1,0,0,0,0,0,0,0,0,0,0,1,0,0,0,1,1, , , , , , , , , , , , , , , , , , , , , 
P1956,1,1,0,0,0,1,0,0,0,0,1,1,1,4,4,1,5,2,1, , , , , , , , , , , , , , , , , ,3,3,2,2,1,2, ,2, ,0,0,0,0,0,0,1,0, , , , , , , , , , , , , , , , , , , , , , , , , , , , , , 
P1957,0,1,0,0,0,0,0,0,0,0,3,3,3,4,4,5,4,3,1, , , , , , , , , , , , , , , , , ,5,5,3,2,2,3, , , ,0,0,0,0,0,0,1,0, , , , , , , , , , , , , , , , , , , , , , , , , , , , , , 
P1958,0,0,0,0,0,1,1,1,0,0,2,1,1,2,3,2,1,3,5,1,0,0,0,0,0,0,0,0,1,1,0,1,1,1,0,0,3,3,2,1,1,1,2,2,1,1,0,0,1,1,0,0,0,1,0,0,0,0,0,0,2,2,1,0,1,0,1,0,1,1,0,1,0,0,0,1,1,2,4,3,3,3,1
P1959,0,0,0,0,0,0,0,0,0,1,2,2,2,4,4,2,2,2,1, , , , , , , , , , , , , , , , , ,4,4,2,2,2,2, , , ,0,0,0,0,0,0,1,0, , , , , , , , , , , , , , , , , , , , , , , , , , , , , , 
P1960,1,1,0,0,0,0,0,0,0,0,2,2,2,3,3,2,2,2,2,1,0,0,0,0,0,0,0,0,0,0,0,0,1,1,0,0,3,3,2,2,1,2, ,2, ,0,0,0,0,0,0,1,0, , , , , , , , , ,1,0,0,1,1,0,1,0,0,0,0,0,0,2,2,2,4,3,2,3,3
P1961,1,1,1,0,0,0,0,0,0,0,3,3,3,4,4,4,4,3,1, , , , , , , , , , , , , , , , , ,4,3,2,2,1,2, ,2, ,0,0,0,0,0,0,1,0, , , , , , , , , , , , , , , , , , , , , , , , , , , , , , 
P1962,1,1,1,0,0,1,0,0,0,0,2,2,2,3,3,2,3,2,1, , , , , , , , , , , , , , , , , ,2,2,1,1,1,2,1,1, ,1,0,1,0,0,0,0,0,0,0,0,0,1,0,0,2,2, , , , , , , , , , , , , , , , , , , , , 
P1963,1,0,0,0,1,0,0,0,0,0,3,2,3,2,2,1,4,1,2,1,1,0,0,0,0,0,0,0,0,0,0,1,0,0,0,0,2,3,2,2,2,3, , , ,0,0,1,0,0,0,0,0,1,0,0,1,0,0,0,2,2, , , , , , , , , , , , , , , , , , , , , 
P1964,0,1,0,0,0,0,0,0,0,0,3,3,3,3,3,3,3,3,1, , , , , , , , , , , , , , , , , ,5,5,3,2,2,2, , , ,0,0,0,0,0,0,1,0, , , , , , , , , , , , , , , , , , , , , , , , , , , , , , 
P1965,0,0,0,0,0,0,0,0,0,1,3,3,5,5,3,4,4,4,1, , , , , , , , , , , , , , , , , ,4,4,2,2,1,2, ,2, ,0,0,0,0,0,0,1,0, , , , , , , , , , , , , , , , , , , , , , , , , , , , , , 
P1966,1,1,1,0,0,0,0,0,0,0,1,1,1,2,2,1,2,1,2,1,0,0,0,0,0,0,0,0,0,0,0,0,0,0,1,1,3,3,1,1,1,2,2,2, ,0,0,0,0,0,0,1,0, , , , , , , , , , , , , , , , , , , , , , , , , , , , , , 
P1967,1,1,0,0,1,0,0,1,0,0,5,5,5,5,5,5,5,5,6, , , , , , , , , , , , , , , , , ,5,5,3,1,1,3,2,2, ,0,0,0,0,0,0,1,0, , , , , , , , , , , , , , , , , , , , , , , , , , , , , , 
P1968,0,0,0,0,1,0,0,0,0,0,2,2,2,3,2,1,2,1,2,1,0,0,0,0,0,0,0,0,0,0,0,0,0,1,1,0,2,3,2,1,2,2,2, , ,0,0,0,0,0,0,1,0, , , , , , , , , , , , , , , , , , , , , , , , , , , , , , 
P1969,1,1,1,0,0,1,0,0,0,0,2,1,1,3,4,2,2,2,2,1,0,0,0,0,0,0,0,0,0,0,0,1,0,0,0,0,3,3,1,2,1,2, ,2, ,0,0,0,0,0,0,1,0, , , , , , , , , , , , , , , , , , , , , , , , , , , , , , 
P1970,0,1,1,0,1,0,0,0,0,0,3,2,2,2,2,1,2,1,2,1,0,0,0,0,0,0,0,0,0,0,0,0,0,0,0,1,5,1,1,1,2,3,1, , ,0,0,0,0,0,0,1,0, , , , , , , , , , , , , , , , , , , , , , , , , , , , , , 
P1971,1,1,0,1,1,0,0,1,0,0,2,2,2,2,2,2,3,1,2,1,1,0,1,1,0,0,0,0,1,0,1,1,0,0,1,1,1,1,1,1,2,1,2, ,2,0,0,1,0,1,1,0,0,1,1,1,0,0,0,0,2,2,0,0,0,0,1,0,1,1,0,1,0,0,0,2,2,2,4,3,3,3,3
P1972,0,0,0,0,0,0,1,0,0,0,1,2,2,2,3,3,1,2,2,0,0,0,0,0,0,1,0,0,0,0,0,0,1,0,0,0,2,2,1,1,1,2,1,1, ,0,0,1,0,0,0,0,0,0,0,0,0,1,0,0,2,2,0,0,0,0,0,1,0,0,0,0,1,0,0,5,5,3,3,1,1,1,1
P1973,1,1,1,0,1,1,1,1,0,0,2,2,1,2,3,1,2,2,2,1,0,0,0,0,0,0,0,0,0,0,0,1,0,0,1,0,2,2,1,1,1,2,2,1, ,0,0,1,0,0,0,0,0,0,1,0,0,0,0,0,2,2, , , , , , , , , , , , , , , , , , , , , 
P1974,1,1,1,0,0,0,0,0,0,0,3,2,2,5,4,2,3,3,1, , , , , , , , , , , , , , , , , ,4,4,2,2,1,2, ,2, ,0,0,0,0,0,0,1,0, , , , , , , , , , , , , , , , , , , , , , , , , , , , , , 
P1975,0,1,1,0,0,0,0,0,0,0,2,2,2,5,3,2,5,5,2,0,0,0,0,0,0,0,1,0,0,0,0,0,0,0,0,1,5,5,2,1,2,3,2, , ,0,0,0,0,0,1,0,0,0,1,0,0,0,0,0,2,2, , , , , , , , , , , , , , , , , , , , , 
P1976,1,1,1,0,1,1,0,1,0,0,2,2,2,3,2,2,3,2,2,1,0,0,0,0,0,0,0,0,0,0,0,0,1,1,0,1,2,2,1,1,1,1,2,2,2,0,0,1,0,0,1,0,0,0,1,0,0,1,0,0,2,1,1,0,0,0,0,0,1,0,1,1,0,0,0,3,3,3,4,3,3,3,3
P1977,1,1,0,0,0,0,0,0,0,0,2,2,2,3,3,2,5,5,2,0,0,0,0,0,0,0,0,1, , , , , , , , ,5,5,3,3,1,3, ,2, ,0,0,0,0,0,0,1,0, , , , , , , , , , , , , , , , , , , , , , , , , , , , , , 
P1978,0,0,1,1,0,0,1,0,0,0,2,3,2,2,2,3,1,2,5,0,1,0,1,0,1,1,0,0,1,0,0,0,1,0,1,0,1,1,1,1,2,1,2, ,1,0,1,0,0,1,0,0,0,0,1,1,1,0,0,0,2,2,1,0,0,0,1,0,0,1,0,0,0,0,0,1,2,3,1,2,2,2,3
P1979,0,0,0,0,1,0,0,0,0,0,1,1,1,1,1,1,1,1,1, , , , , , , , , , , , , , , , , ,1,1,1,1,1,1,2,2,2,0,1,0,0,0,0,0,0,1,0,0,0,0,0,0,1,1, , , , , , , , , , , , , , , , , , , , , 
P1980,0,1,0,0,1,0,0,1,0,0,3,2,2,2,2,2,3,2,2,0,0,0,0,0,0,0,0,1, , , , , , , , ,3,4,2,1,1,1,4,4,4,0,0,0,0,0,0,1,0, , , , , , , , , , , , , , , , , , , , , , , , , , , , , , 
P1981,0,1,0,0,0,1,0,0,0,0,2,2,2,4,4,2,4,3,1, , , , , , , , , , , , , , , , , ,3,3,2,2,1,2, ,2, ,0,0,0,0,0,0,1,0, , , , , , , , , , , , , , , , , , , , , , , , , , , , , , 
P1982,0,1,1,1,1,1,0,1,0,0,2,1,2,2,4,2,3,2,3,1,1,0,0,0,0,0,0,0,0,0,0,1,1,0,1,0,1,1,1,1,1,1,2,2,2,0,0,0,0,0,1,0,0,0,1,1,0,1,0,0,2,2,1,0,0,0,1,0,1,0,0,0,0,0,0,2,2,2,4,1,3,3,3
P1983,0,0,1,0,1,0,0,1,0,0,4,2,2,2,2,3,3,2,4,0,0,0,0,0,0,0,1,0,1,0,0,1,0,0,1,1,3,3,2,1,1,2,1,2, ,0,1,1,0,0,1,0,0,1,1,0,0,0,0,0,2,2, , , , , , , , , , , , , , , , , , , , , 
P1984,0,1,0,0,1,1,0,1,0,0,3,2,3,4,3,2,3,2,3,1,0,0,0,0,0,0,1,0,0,1,0,1,0,1,0,0,2,3,1,1,2,2,2, , ,1,0,0,0,1,1,0,0,1,1,0,0,0,0,0,2,2, , , , , , , , , , , , , , , , , , , , , 
P1985,1,1,0,0,0,0,0,0,0,0,2,2,2,5,5,2,5,2,1, , , , , , , , , , , , , , , , , ,3,3,3,2,1,2, ,2, ,0,0,0,0,0,0,1,0, , , , , , , , , , , , , , , , , , , , , , , , , , , , , , 
P1986,0,0,0,0,0,0,0,0,0,1,2,2,2,5,3,2,4,5,1, , , , , , , , , , , , , , , , , ,4,5,3,2,3,2, , , ,0,0,0,0,0,0,1,0, , , , , , , , , , , , , , , , , , , , , , , , , , , , , , 
P1987,1,1,1,1,1,1,0,1,0,0,2,2,1,1,2,2,2,1,5,1,1,0,0,0,1,0,0,0,1,1,1,1,1,1,1,1,1,1,1,1,1,1,1,1,1,1,0,0,0,0,0,0,0,0,1,1,1,1,0,0,2,2,1,0,1,0,0,0,0,1,0,0,0,0,0,1,1,2,3,1,2,3,1
P1988,0,1,0,0,0,1,0,1,0,0,1,1,1,2,2,1,2,2,3,0,0,0,1,0,0,0,0,0,1,0,0,0,1,0,0,0,1,1,2,1,1,1,1,1,1,1,0,0,0,0,1,0,0,0,1,0,0,1,0,0,2,2,0,0,0,0,1,0,1,0,0,1,0,0,0,1,2,2,2,1,1,1,1
P1989,1,1,1,0,0,1,0,0,0,0,2,2,1,5,3,2,5,2,1, , , , , , , , , , , , , , , , , ,3,3,1,1,1,3,2,2, ,0,0,0,0,0,0,1,0, , , , , , , , , , , , , , , , , , , , , , , , , , , , , , 
P1990,0,0,0,0,0,0,0,0,0,1,4,4,4,4,4,4,4,4,1, , , , , , , , , , , , , , , , , ,3,3,2,2,2,2, , , ,0,0,0,0,0,0,1,0, , , , , , , , , , , , , , , , , , , , , , , , , , , , , , 
P1991,0,0,0,0,0,0,0,1,0,0,1,1,1,1,1,2,1,1,3,0,0,1,1,0,1,1,0,0,1,1,0,1,1,1,0,0,1,1,1,1,1,1,3,1,1,1,1,0,1,1,0,0,0,1,0,0,0,1,0,0,2,2,0,0,1,0,0,0,1,0,0,1,1,0,0,1,1,2,3,2,1,2,1
P1992,1,0,0,0,0,0,0,0,0,0,2,2,2,2,3,1,5,2,1, , , , , , , , , , , , , , , , , ,3,3,1,2,1,3, ,1, ,0,0,0,0,0,0,1,0, , , , , , , , , , , , , , , , , , , , , , , , , , , , , , 
P1993,1,1,0,0,0,0,0,0,0,0,2,2,2,2,3,2,2,2,2,1,0,0,1,0,0,0,0,0,0,0,0,1,0,0,0,0,3,4,2,2,2,2, , , ,1,0,0,0,0,0,0,0,1,0,0,0,0,0,0,2,2, , , , , , , , , , , , , , , , , , , , , 
P1994,0,0,0,0,0,0,0,0,0,1,3,3,3,3,3,3,3,3,3,1,0,0,0,0,0,0,0,0,0,0,0,0,0,0,0,1,1,1,2,2,2,2, , , ,0,0,0,0,0,0,1,0, , , , , , , , , , , , , , , , , , , , , , , , , , , , , , 
P1995,1,0,0,0,1,1,1,1,0,0,1,1,2,3,1,1,1,1,3,1,1,0,0,0,0,0,0,0,1,1,0,0,0,0,1,1,1,2,1,1,1,2,1,1, ,1,0,0,0,0,0,0,0,0,1,0,1,0,0,0,2,2, , , , , , , , , , , , , , , , , , , , , 
P1996,0,0,0,0,1,0,1,1,0,0,2,3,2,4,1,2,2,2,1, , , , , , , , , , , , , , , , , ,1,1,1,1,2,2,2, , ,1,1,0,1,1,0,0,0,0,1,0,0,1,0,0,2,2, , , , , , , , , , , , , , , , , , , , , 
P1997,1,1,1,0,1,1,0,0,0,0,3,3,2,5,2,3,5,2,2,1,0,0,0,0,0,0,0,0,0,0,0,0,1,0,0,0,1,2,2,2,2,2, , , ,1,0,0,0,0,0,0,0,0,0,1,1,0,0,0,3,2,0,0,1,0,1,0,0,0,0,0,0,0,0,2,2,1,4,3,3,3,3
P1998,0,0,0,0,0,1,0,0,0,0,2,1,1,2,2,2,2,2,1, , , , , , , , , , , , , , , , , ,3,3,2,1,1,2,2,2, ,0,0,0,0,0,0,1,0, , , , , , , , , , , , , , , , , , , , , , , , , , , , , , 
P1999,1,1,0,0,1,1,0,1,0,0,2,3,5,2,1,2,5,2,2,0,0,0,0,0,0,0,1,0,0,0,0,0,0,0,0,1,3,3,1,1,2,2,2, , ,1,0,1,1,1,1,0,0,1,0,0,0,0,0,0,2,2, , , , , , , , , , , , , , , , , , , , , 
P2000,1,1,1,0,1,1,0,0,0,0,3,3,3,4,3,3,3,4,6, , , , , , , , , , , , , , , , , ,2,2,1,1,1,3,2,2, ,0,0,0,0,0,0,1,0, , , , , , , , , , , , , , , , , , , , , , , , , , , , , , 
P2001,0,0,0,0,1,0,0,0,0,0,3,4,4,4,1,2,2,1,2,1,0,0,0,0,0,0,0,0,0,0,0,0,0,0,0,1,1,1,2,1,2,2,1, , ,0,0,0,0,0,0,1,0, , , , , , , , , , , , , , , , , , , , , , , , , , , , , , 
P2002,0,1,0,0,0,0,0,0,0,0,2,2,2,5,5,2,5,5,1, , , , , , , , , , , , , , , , , ,3,5,2,2,2,2, , , ,0,0,0,0,0,0,1,0, , , , , , , , , , , , , , , , , , , , , , , , , , , , , , 
P2003,0,1,0,0,0,0,0,0,0,0,1,4,3,3,1,3,2,2,4,1,1,0,0,0,0,0,0,0,0,0,0,1,1,0,1,0,1,1,1,2,1,1, ,2,1,0,0,1,0,0,0,0,0,0,0,0,0,1,0,0,1,2,0,0,0,0,1,0,0,1,0,0,1,0,0,2,2,2,4,1,3,2,2
P2004,0,0,0,0,0,0,0,0,0,1,2,2,2,4,4,2,4,4,1, , , , , , , , , , , , , , , , , ,3,5,2,1,2,2,2, , ,0,0,0,0,0,0,1,0, , , , , , , , , , , , , , , , , , , , , , , , , , , , , , 
P2005,0,1,0,0,0,1,0,0,0,0,3,2,2,2,3,1,2,2,2,0,0,0,0,0,0,0,0,1, , , , , , , , ,4,3,2,2,2,2, , , ,0,0,0,0,0,0,1,0, , , , , , , , , , , , , , , , , , , , , , , , , , , , , , 
P2006,0,1,0,0,0,0,0,0,0,0,4,2,2,4,3,2,4,2,1, , , , , , , , , , , , , , , , , ,5,5,3,2,2,2, , , ,0,0,0,0,0,0,1,0, , , , , , , , , , , , , , , , , , , , , , , , , , , , , , 
P2007,0,0,0,0,1,0,0,1,0,0,2,2,1,3,3,2,2,2,3,1,0,0,1,0,0,0,0,0,0,0,0,1,1,0,0,0,3,3,2,1,3,3,1, , ,0,0,0,1,0,0,0,0,0,1,0,1,0,0,0,2,3,0,0,1,0,1,0,1,0,0,0,0,0,0,2,2,2,1,2,2,2,3
P2008,0,0,0,0,0,0,0,0,0,1,1,1,1,5,2,1,5,1,6, , , , , , , , , , , , , , , , , ,3,4,2,2,2,2, , , ,0,0,0,0,0,0,1,0, , , , , , , , , , , , , , , , , , , , , , , , , , , , , , 
P2009,1,1,1,1,0,1,0,1,0,0,2,2,2,2,3,1,3,2,3,1,0,0,0,0,0,0,1,0,0,0,0,1,0,0,0,0,1,1,2,1,1,1,2,3,2,1,0,1,0,0,0,0,0,0,1,0,0,0,0,0,2,2,0,0,0,0,0,0,0,0,0,1,0,0,0,2,2,2,4,3,3,3,1
P2010,0,1,1,0,1,1,0,0,0,0,2,2,2,2,2,2,2,2,2,1,0,0,0,1,0,0,0,0,0,0,1,0,0,0,1,0,1,1,2,1,2,1,2, ,2,1,0,0,0,1,1,0,0,0,0,1,1,0,0,0,2,2, , , , , , , , , , , , , , , , , , , , , 
P2011,0,0,1,0,0,0,0,0,0,0,4,4,1,2,4,1,3,1,4,1,1,0,0,0,0,0,0,0,0,0,0,0,0,0,0,1,3,2,2,2,2,2, , , ,1,0,0,0,0,0,0,0,1,0,0,0,0,0,0,2,2, , , , , , , , , , , , , , , , , , , , , 
P2012,0,0,1,0,0,1,0,0,0,0,3,3,3,3,2,3,3,3,1, , , , , , , , , , , , , , , , , ,2,2,2,2,2,2, , , ,0,0,0,0,0,0,1,0, , , , , , , , , , , , , , , , , , , , , , , , , , , , , , 
P2013,0,0,0,0,1,1,0,1,0,0,2,3,5,5,2,2,2,2,3,0,0,0,0,0,0,0,0,1, , , , , , , , ,5,5,3,1,2,2,2, , ,0,0,0,0,0,1,0,0,0,1,0,0,1,0,0,1,2, , , , , , , , , , , , , , , , , , , , , 
P2014,1,1,0,0,0,0,0,0,0,0,2,2,2,4,4,2,2,3,1, , , , , , , , , , , , , , , , , ,4,4,3,2,1,2, ,2, ,0,0,0,0,0,0,1,0, , , , , , , , , , , , , , , , , , , , , , , , , , , , , , 
P2015,1,1,0,0,1,1,0,0,0,0,2,2,2,2,2,2,2,2,3,1,0,0,0,0,0,0,1,0,0,0,0,1,0,1,0,0,5,5,1,1,1,1,2,2,2,0,0,0,0,0,1,0,0,0,1,0,1,1,0,0,2,2, , , , , , , , , , , , , , , , , , , , , 
P2016,0,1,0,0,0,0,0,0,0,0,4,3,4,3,4,3,4,3,5,1,0,0,0,0,0,0,0,0,1,0,0,0,0,0,0,0,3,3,1,1,2,1,1, ,3,1,0,0,0,0,0,0,0,0,1,0,0,0,0,0,2,1, , , , , , , , , , , , , , , , , , , , , 
P2017,0,1,0,1,1,1,0,1,0,0,3,2,2,2,3,2,2,3,2,1,0,0,0,0,0,0,0,0,1,0,0,0,1,0,0,0,2,2,1,1,1,1,2,2,2,0,0,0,1,0,0,0,0,1,1,1,1,0,0,0,2,2,0,0,0,0,0,1,1,0,0,0,0,0,0,2,2,2,4,4,4,4,4
P2018,1,1,0,0,0,1,0,1,0,0,2,2,2,5,5,2,5,3,2,0,0,0,0,0,0,0,0,1, , , , , , , , ,3,3,2,2,1,2, ,2, ,0,0,0,0,0,0,1,0, , , , , , , , , , , , , , , , , , , , , , , , , , , , , , 
P2019,0,0,0,0,0,1,0,1,0,0,2,2,3,2,1,1,2,1,2,0,0,1,0,0,0,0,0,0,0,0,1,0,1,0,0,0,1,3,1,1,1,1,2,2,2,0,1,0,0,0,0,0,0,0,1,0,0,0,0,0,2,2,0,0,0,0,0,0,0,0,0,1,0,0,0,4,2,2,3,3,2,1,3
P2020,0,1,1,1,1,1,1,1,0,0,1,1,1,1,1,1,2,1,5,1,1,1,1,1,1,1,0,0,0,1,1,1,1,1,0,0,2,2,1,1,1,1,1,1,1,0,1,1,1,1,0,0,0,1,1,1,1,1,0,0,2,2,1,0,1,1,1,1,1,0,1,1,1,0,0,1,1,2,2,1,1,1,1
P2021,0,0,0,0,1,0,0,0,0,0,3,1,4,1,1,1,2,1,2,1,0,0,0,1,0,0,0,0,1,0,0,0,0,0,0,0,3,2,1,1,1,2,1,1, ,0,0,1,0,0,0,0,0,1,0,0,1,1,0,0,2,2, , , , , , , , , , , , , , , , , , , , , 
P2022,1,0,0,0,0,0,0,0,0,0,3,3,3,3,4,2,4,2,1, , , , , , , , , , , , , , , , , ,3,3,2,1,1,2,2,2, ,0,0,0,0,0,0,1,0, , , , , , , , , , , , , , , , , , , , , , , , , , , , , , 
P2023,0,0,1,0,0,0,0,0,0,0,2,2,2,2,3,2,3,2,5,0,0,0,0,0,0,0,0,1, , , , , , , , ,2,2,1,2,2,2, , , ,1,0,0,0,0,0,0,0,0,0,0,1,0,0,0,2,2, , , , , , , , , , , , , , , , , , , , , 
P2024,0,0,0,0,1,0,0,0,0,0,3,2,2,3,2,3,2,4,1, , , , , , , , , , , , , , , , , ,2,2,2,1,2,1,4, ,2,0,1,0,0,0,0,0,0,1,0,0,0,0,0,0,2,2, , , , , , , , , , , , , , , , , , , , , 
P2025,0,0,0,0,0,0,0,1,0,0,1,1,1,1,1,1,1,1,1, , , , , , , , , , , , , , , , , ,5,5,3,1,1,1,1,2,3,0,0,1,0,0,0,0,0,0,1,1,0,0,0,0,2,2, , , , , , , , , , , , , , , , , , , , , 
P2026,1,0,1,0,0,0,0,0,0,0,3,2,2,4,4,2,2,4,2,1,0,0,0,0,0,0,0,0,0,0,0,0,0,0,1,0,4,3,3,2,1,2, ,2, ,0,0,0,0,0,0,1,0, , , , , , , , , , , , , , , , , , , , , , , , , , , , , , 
P2027,0,1,1,0,0,0,0,0,0,0,2,1,1,3,3,1,2,3,2,1,0,0,0,0,0,0,0,0,0,0,0,0,0,1,0,0,5,3,2,2,1,2, ,2, ,0,0,0,0,0,0,1,0, , , , , , , , , , , , , , , , , , , , , , , , , , , , , , 
P2028,1,1,1,0,0,1,1,1,0,0,2,1,1,2,2,1,2,2,3,1,0,0,0,0,0,0,0,0,0,0,0,0,1,0,0,0,3,3,2,1,1,1,1,1,1,1,1,1,0,1,0,0,0,1,0,0,0,1,0,0,2,2,1,1,1,0,1,0,0,0,0,0,0,0,0,2,2,2,4,1,2,1,1
P2029,0,0,0,0,0,0,0,0,0,1,2,2,2,4,4,2,4,1,5,1,0,0,0,0,0,0,0,0,0,0,0,0,0,0,0,1,5,5,3,2,2,2, , , ,0,0,0,0,0,0,1,0, , , , , , , , , , , , , , , , , , , , , , , , , , , , , , 
P2030,1,1,0,0,0,1,0,0,0,0,2,2,2,5,3,2,5,2,1, , , , , , , , , , , , , , , , , ,3,3,2,2,1,2, ,2, ,0,0,0,0,0,0,1,0, , , , , , , , , , , , , , , , , , , , , , , , , , , , , , 
P2031,0,0,0,0,0,0,0,0,0,1,3,2,2,4,4,2,5,2,1, , , , , , , , , , , , , , , , , ,4,4,3,2,2,2, , , ,0,0,0,0,0,0,1,0, , , , , , , , , , , , , , , , , , , , , , , , , , , , , , 
P2032,0,1,0,0,0,0,0,0,0,0,3,2,2,4,4,3,3,2,2,0,0,0,0,0,0,0,0,1, , , , , , , , ,3,3,2,2,2,2, , , ,0,0,0,0,0,0,1,0, , , , , , , , , , , , , , , , , , , , , , , , , , , , , , 
P2033,0,1,0,1,1,0,0,0,0,0,3,3,1,1,2,3,2,2,2,1,1,0,0,0,0,0,0,0,0,0,0,1,0,1,0,0,2,3,1,1,1,2,2,2, ,1,0,1,1,0,0,0,0,1,0,1,0,1,0,0,2,2,0,1,0,0,1,1,0,0,0,0,0,0,0,2,3,3,4,3,1,2,3
P2034,0,0,0,0,0,1,0,0,0,0,4,2,3,4,4,1,4,2,1, , , , , , , , , , , , , , , , , ,3,3,2,2,2,2, , , ,0,0,0,0,0,0,1,0, , , , , , , , , , , , , , , , , , , , , , , , , , , , , , 
P2035,0,1,0,0,0,1,0,0,0,0,3,2,3,3,3,2,2,2,1, , , , , , , , , , , , , , , , , ,3,3,2,2,2,2, , , ,1,0,1,1,1,0,0,0,0,1,0,0,0,0,0,2,2, , , , , , , , , , , , , , , , , , , , , 
P2036,0,1,0,1,1,1,0,1,0,0,1,1,2,2,3,2,3,2,2,1,0,0,0,0,0,0,0,0,1,1,0,0,1,0,0,0,2,2,1,1,1,1,2,2,2,1,0,0,0,1,0,0,0,1,0,1,0,0,0,0,2,2,0,0,0,0,1,0,0,0,0,1,0,0,0,2,2,4,1,3,3,3,3
P2037,1,1,1,0,0,0,0,0,0,0,2,2,4,3,4,4,2,3,1, , , , , , , , , , , , , , , , , ,1,2,1,1,2,3,3, , ,0,0,0,0,0,0,1,0, , , , , , , , , , , , , , , , , , , , , , , , , , , , , , 
P2038,0,1,0,0,1,0,0,1,0,0,1,1,1,1,1,1,2,1,2,1,0,0,1,0,0,0,0,0,1,0,1,0,0,1,1,1,1,1,1,1,1,1,1,1,1,0,1,1,1,0,0,0,0,1,0,0,0,0,0,0,2,2, , , , , , , , , , , , , , , , , , , , , 
P2039,1,1,0,0,0,0,1,0,0,0,2,2,2,1,1,1,2,2,2,0,0,1,0,1,1,0,0,0,0,0,0,1,1,0,1,0,2,2,1,1,1,1,2,2,1,1,1,0,0,1,0,0,0,1,0,1,0,1,0,0,1,1,1,0,0,0,0,0,1,0,0,1,0,0,0,2,2,1,1,2,2,3,1
P2040,0,0,0,1,1,0,0,1,0,0,2,3,4,2,1,1,2,1,3,0,0,0,0,0,0,1,0,0,0,0,0,1,0,0,1,0,1,2,1,2,1,2, ,2, ,0,0,1,0,0,0,0,0,0,0,0,0,1,0,0,2,2,0,0,0,0,1,0,1,0,0,1,0,0,0,2,2,1,4,3,3,2,1
P2041,0,1,0,0,1,0,0,0,0,0,4,2,2,4,2,2,4,2,2,0,0,0,0,0,0,0,0,1, , , , , , , , ,2,2,1,1,2,2,5, , ,0,0,0,0,0,0,1,0, , , , , , , , , , , , , , , , , , , , , , , , , , , , , , 
P2042,0,1,0,0,1,1,0,1,0,0,4,4,4,4,4,4,4,4,2,1,1,0,0,0,1,0,0,0,0,0,0,0,1,0,0,0,2,2,1,1,1,1,2,2,2,0,0,0,0,1,1,0,0,0,1,0,0,0,0,0,1,1,0,1,0,0,1,0,0,0,0,1,0,0,0,4,4,1,4,3,3,3,2
P2043,1,1,0,0,0,0,0,0,0,0,2,2,2,5,4,5,5,5,2,0,0,0,0,0,0,0,0,1, , , , , , , , ,4,4,2,2,1,2, ,1, ,0,0,0,0,0,0,1,0, , , , , , , , , , , , , , , , , , , , , , , , , , , , , , 
P2044,0,0,0,0,0,0,0,0,0,1,4,3,3,3,3,3,3,3,2,0,0,0,0,0,0,0,0,1, , , , , , , , ,5,5,1,3,2,2, , , ,0,0,0,0,0,1,0,0,0,1,0,0,0,0,0,2,2, , , , , , , , , , , , , , , , , , , , , 
P2045,1,0,0,0,0,1,0,0,0,0,2,2,2,2,4,1,5,2,1, , , , , , , , , , , , , , , , , ,4,3,2,2,1,2, ,2, ,0,0,0,0,0,0,1,0, , , , , , , , , , , , , , , , , , , , , , , , , , , , , , 
P2046,1,1,1,0,1,0,0,1,0,0,1,1,1,2,2,1,2,1,2,0,0,0,1,0,0,0,0,0,0,1,1,0,0,0,1,0,1,1,2,1,1,2,1,1, ,1,1,1,1,0,0,0,0,0,1,0,0,1,0,0,2,2, , , , , , , , , , , , , , , , , , , , , 
P2047,0,0,0,0,0,0,0,0,0,1,2,3,2,4,3,2,4,2,1, , , , , , , , , , , , , , , , , ,3,3,2,2,2,2, , , ,0,0,0,0,0,0,1,0, , , , , , , , , , , , , , , , , , , , , , , , , , , , , , 
P2048,0,0,0,0,0,1,0,0,0,0,3,2,2,5,3,2,5,2,2,0,0,0,0,0,0,0,0,1, , , , , , , , ,3,3,2,1,1,2,2,2, ,0,0,0,0,0,0,1,0, , , , , , , , , , , , , , , , , , , , , , , , , , , , , , 
P2049,1,1,0,0,0,0,0,0,0,0,2,2,2,2,2,2,2,2,3,0,0,0,0,0,0,0,0,1, , , , , , , , ,5,5,2,3,3,3, , , ,0,0,1,0,0,0,0,0,1,0,0,0,0,0,0,2,2, , , , , , , , , , , , , , , , , , , , , 
P2050,1,1,1,0,0,1,0,0,0,0,2,2,2,3,4,2,3,2,1, , , , , , , , , , , , , , , , , ,3,3,2,2,1,2, ,2, ,1,0,0,0,0,0,0,0,1,0,0,0,0,0,0,2,2, , , , , , , , , , , , , , , , , , , , , 
P2051,0,1,0,0,0,0,0,1,0,0,1,1,1,5,2,5,2,2,1, , , , , , , , , , , , , , , , , ,1,3,1,1,1,3,1,1, ,1,0,0,1,1,0,0,0,0,0,0,0,1,0,0,2,2, , , , , , , , , , , , , , , , , , , , , 
P2052,0,0,0,1,0,0,0,0,0,0,3,2,1,2,2,2,2,2,2,0,0,0,0,0,0,0,0,1, , , , , , , , ,2,1,1,2,1,2, ,2, ,0,1,0,0,0,0,0,0,0,1,0,0,0,0,0,1,1,0,0,0,1,0,0,0,0,0,0,0,0,0,2,2,2,5,3,3,3,1
P2053,0,1,0,0,0,0,0,0,0,0,4,1,2,4,4,2,4,3,1, , , , , , , , , , , , , , , , , ,3,3,2,2,2,2, , , ,0,0,0,0,0,0,1,0, , , , , , , , , , , , , , , , , , , , , , , , , , , , , , 
P2054,0,0,1,0,1,0,0,0,0,0,3,2,2,3,1,2,2,2,2,0,0,0,0,0,0,0,1,0,0,0,0,1,0,0,0,0,2,3,1,1,1,2,2,3, ,0,0,1,0,0,1,0,0,0,1,0,1,0,0,0,2,2, , , , , , , , , , , , , , , , , , , , , 
P2055,1,1,0,0,1,1,0,1,0,0,2,2,2,5,2,2,2,2,6, , , , , , , , , , , , , , , , , ,2,5,1,1,1,2,1,1, ,1,1,1,1,1,1,0,0,1,1,0,1,1,0,0,2,2, , , , , , , , , , , , , , , , , , , , , 
P2056,0,1,0,0,0,0,0,0,0,0,2,2,2,5,4,2,2,3,2,1,0,0,0,0,0,0,0,0,0,0,0,0,0,0,0,1,3,5,3,2,2,2, , , ,0,0,0,0,0,0,1,0, , , , , , , , , , , , , , , , , , , , , , , , , , , , , , 
P2057,1,1,1,0,1,0,0,0,0,0,2,2,2,3,2,2,2,2,2,1,0,0,0,0,0,0,0,0,0,0,0,0,0,0,0,1,3,3,2,1,1,1,2,2,2,0,0,0,0,0,0,1,0, , , , , , , , , , , , , , , , , , , , , , , , , , , , , , 
P2058,0,0,1,0,0,0,0,0,0,0,3,3,3,4,3,3,3,3,6, , , , , , , , , , , , , , , , , ,5,3,2,2,2,2, , , ,0,0,0,0,0,0,1,0, , , , , , , , , , , , , , , , , , , , , , , , , , , , , , 
P2059,1,1,1,1,1,1,0,1,0,0,3,2,2,2,3,2,5,2,2,1,0,0,0,0,0,0,0,0,0,0,0,0,0,0,0,1,3,3,1,1,1,1,2,2,2,1,0,0,0,0,0,0,0,0,0,0,1,0,0,0,2,2,0,1,0,0,0,0,0,0,0,0,0,0,0,2,2,2,4,3,3,3,3
P2060,1,1,0,0,0,0,0,0,0,0,2,1,2,3,3,2,2,2,1, , , , , , , , , , , , , , , , , ,2,1,1,1,1,2,2,1, ,1,1,1,0,1,0,0,0,0,1,0,0,0,0,0,2,2, , , , , , , , , , , , , , , , , , , , , 
P2061,0,0,0,0,1,1,0,1,0,0,2,4,2,3,2,2,1,2,3,0,1,0,0,0,1,1,0,0,0,0,0,0,1,0,0,0,1,1,1,2,3,2, , , ,0,0,1,1,0,1,0,0,0,1,0,0,1,0,0,2,2,0,1,0,0,0,0,0,0,0,1,1,0,0,1,2,3,2,2,1,3,2
P2062,0,1,1,0,0,1,0,0,0,0,4,4,4,4,4,4,4,4,1, , , , , , , , , , , , , , , , , ,4,5,3,2,1,3, ,2, ,0,0,0,0,0,0,1,0, , , , , , , , , , , , , , , , , , , , , , , , , , , , , , 
P2063,0,1,1,1,0,0,1,1,0,0,2,2,4,3,2,5,1,2,2,1,0,0,0,0,0,0,0,0,0,0,0,0,1,0,0,0,2,2,3,2,1,1, ,2,2,0,1,0,0,0,1,0,0,0,0,1,0,1,0,0,2,2,0,1,0,0,1,0,1,0,0,0,0,0,0,2,1,2,4,4,3,3,3
P2064,0,0,1,0,1,1,0,1,0,0,2,2,3,2,3,1,2,3,3,1,0,0,0,0,0,0,0,0,0,0,0,0,1,0,0,0,2,3,1,1,1,1,1,2,2,0,0,0,1,0,1,0,0,0,1,1,0,0,0,0,2,2,0,0,0,0,0,0,1,0,0,0,0,0,0,2,1,2,3,1,1,2,3
P2065,0,1,0,0,0,0,0,0,0,0,3,2,5,4,4,2,3,4,6, , , , , , , , , , , , , , , , , ,5,4,3,2,2,2, , , ,0,0,0,0,0,0,1,0, , , , , , , , , , , , , , , , , , , , , , , , , , , , , , 
P2066,1,0,1,0,0,1,0,0,0,0,3,2,2,5,4,2,3,2,2,0,0,0,0,0,0,0,0,1, , , , , , , , ,4,3,2,2,1,2, ,2, ,0,0,0,0,0,0,1,0, , , , , , , , , , , , , , , , , , , , , , , , , , , , , , 
P2067,0,1,0,0,1,0,0,0,0,0,3,1,1,4,2,2,5,2,2,0,0,0,0,0,0,0,0,1, , , , , , , , ,2,2,1,1,1,2,2,2, ,0,0,0,0,0,0,1,0, , , , , , , , , , , , , , , , , , , , , , , , , , , , , , 
P2068,1,1,0,0,0,0,0,0,0,0,2,1,1,2,3,1,5,2,2,1,0,0,0,0,0,0,0,0,0,0,1,0,0,0,0,0,3,3,2,1,1,2,2,2, ,1,0,0,0,0,0,0,0,0,1,0,0,0,0,0,2,2, , , , , , , , , , , , , , , , , , , , , 
P2069,0,1,0,1,1,0,1,1,0,0,1,2,2,2,1,1,1,1,3,1,1,0,0,0,1,0,0,0,1,1,0,1,0,0,0,1,1,2,1,1,1,2,1,1, ,1,0,1,0,1,1,0,0,0,1,1,0,1,0,0,2,2,0,1,1,0,0,1,1,0,0,0,1,0,0,2,2,1,2,2,2,2,1
P2070,1,1,0,0,0,0,0,0,0,0,2,2,5,3,3,2,4,2,1, , , , , , , , , , , , , , , , , ,3,3,2,2,1,2, ,2, ,0,0,0,0,0,0,1,0, , , , , , , , , , , , , , , , , , , , , , , , , , , , , , 
P2071,0,0,0,0,0,0,0,0,0,1,1,1,1,3,4,1,2,1,6, , , , , , , , , , , , , , , , , ,1,5,3,1,1,2,5,5, ,0,0,0,0,0,0,0,1, , , , , , , , , , , , , , , , , , , , , , , , , , , , , , 
P2072,0,0,0,1,0,0,0,0,0,0,2,1,1,1,1,2,1,1,2,1,0,0,0,0,0,0,0,0,0,0,0,1,0,0,0,0,4,4,2,2,2,2, , , ,0,0,0,0,0,0,1,0, , , , , , , , , ,0,0,0,0,0,0,0,0,0,0,0,0,1,1,1,3,4,3,4,4,2
P2073,1,0,1,1,0,0,1,0,0,0,3,3,3,2,2,3,2,3,2,0,0,0,1,0,0,0,0,0,0,0,0,0,0,0,1,0,1,3,1,1,1,1,1,1,1,1,0,0,0,0,0,0,0,1,0,0,0,0,0,0,2,2,0,0,0,0,0,0,1,0,0,0,0,0,0,2,2,3,3,3,3,3,1
P2074,0,1,1,1,1,0,1,0,0,0,2,3,1,5,1,1,3,2,3,1,0,0,0,0,0,0,0,0,1,0,0,0,0,0,0,0,1,1,2,1,2,1,2, ,2,1,0,0,0,0,0,0,0,0,0,0,1,0,0,0,1,2,1,0,1,0,0,1,0,0,1,0,0,0,0,1,1,1,1,1,1,3,1
P2075,0,1,0,0,0,0,0,0,0,0,2,1,1,4,3,3,1,2,1, , , , , , , , , , , , , , , , , ,3,3,2,1,2,2,1, , ,0,0,0,1,0,0,0,0,1,0,0,0,0,0,0,2,2, , , , , , , , , , , , , , , , , , , , , 
P2076,0,0,0,0,1,0,0,0,0,0,3,3,2,1,3,2,1,3,1, , , , , , , , , , , , , , , , , ,5,2,1,2,2,2, , , ,0,0,0,0,0,0,1,0, , , , , , , , , , , , , , , , , , , , , , , , , , , , , , 
P2077,0,0,0,0,0,0,0,1,0,0,3,3,2,1,2,2,1,1,2,1,0,0,0,0,0,0,0,0,1,0,1,0,1,0,0,0,3,3,1,1,1,1,1,2,1,1,1,0,0,0,0,0,0,0,0,1,1,0,0,0,3,1,0,1,0,0,1,0,0,1,0,0,0,0,0,2,2,2,4,2,3,1,2
P2078,0,1,0,0,0,0,0,0,0,0,2,2,5,5,5,2,5,5,2,0,0,0,0,0,0,0,1,0,0,0,0,0,0,0,0,1,3,3,2,2,2,2, , , ,0,0,0,0,0,0,1,0, , , , , , , , , , , , , , , , , , , , , , , , , , , , , , 
P2079,1,1,0,0,0,0,0,0,0,0,2,2,3,3,4,1,2,3,2,1,0,0,0,0,0,0,0,0,0,0,0,1,1,0,0,0,2,2,3,1,1,2,2,1, ,1,0,1,0,0,0,0,0,1,1,0,0,0,0,0,2,2,0,1,1,1,0,0,0,0,0,0,0,0,0,2,2,2,2,2,2,1,2
P2080,1,1,0,0,1,1,0,1,0,0,2,1,2,2,2,1,2,2,3,1,0,0,0,0,0,0,0,0,0,0,0,1,1,1,1,0,3,3,2,1,1,2,1,2, ,1,1,1,1,1,0,0,0,1,1,0,1,1,0,0,2,2,1,1,1,1,1,1,1,1,1,1,1,0,0,2,2,2,4,3,3,3,3
P2081,0,1,0,0,1,0,1,0,0,0,3,2,2,3,3,2,1,2,3,1,0,0,0,0,0,0,0,0,0,0,0,0,1,1,1,0,1,1,1,1,1,1,1,1,1,1,0,0,1,1,0,0,0,1,0,0,0,1,0,0,2,2,0,0,0,0,1,1,0,1,0,0,0,0,0,1,1,2,3,2,3,3,1
P2082,0,0,1,0,0,0,0,0,0,0,2,2,2,5,3,5,2,2,2,0,0,0,0,0,0,0,0,1, , , , , , , , ,5,3,2,2,2,2, , , ,0,0,0,0,0,0,1,0, , , , , , , , , , , , , , , , , , , , , , , , , , , , , , 
P2083,0,0,0,1,0,0,0,1,0,0,2,1,2,2,3,1,2,2,2,1,0,0,1,0,0,0,0,0,1,0,0,0,0,0,0,0,3,3,2,1,1,2,2,2, ,1,0,0,0,0,0,0,0,1,0,0,0,0,0,0,2,2,0,0,0,0,0,0,1,0,0,0,0,0,0,1,1,2,3,3,3,3,1
P2084,1,1,0,0,0,0,0,0,0,0,2,2,5,5,3,2,5,2,1, , , , , , , , , , , , , , , , , ,3,3,2,1,1,3,2,2, ,0,0,0,0,0,0,1,0, , , , , , , , , , , , , , , , , , , , , , , , , , , , , , 
P2085,0,0,0,0,1,1,0,1,0,0,2,2,2,4,3,2,2,2,1, , , , , , , , , , , , , , , , , ,2,2,1,1,2,2,2, , ,0,0,0,0,0,0,1,0, , , , , , , , , , , , , , , , , , , , , , , , , , , , , , 
P2086,0,1,1,0,1,0,0,1,0,0,4,3,3,3,3,4,3,3,2,1,0,0,0,0,0,0,0,0,0,0,0,0,0,0,0,1,3,3,1,1,2,3,2, , ,0,0,0,0,0,0,1,0, , , , , , , , , , , , , , , , , , , , , , , , , , , , , , 
P2087,0,0,0,0,1,1,1,1,0,0,1,2,2,1,2,2,2,2,2,1,0,0,0,0,0,0,0,0,1,1,1,1,1,0,0,0,3,3,2,1,1,1,1,1,1,1,1,1,1,0,0,0,0,1,0,1,1,0,0,0,2,2,0,1,0,1,0,1,0,0,0,0,0,0,0,2,2,3,2,1,3,1,1
P2088,1,1,1,0,1,1,0,0,0,0,2,3,3,4,4,2,3,4,1, , , , , , , , , , , , , , , , , ,2,2,1,1,1,1,2,2,2,0,0,0,0,0,0,1,0, , , , , , , , , , , , , , , , , , , , , , , , , , , , , , 
P2089,0,0,0,0,0,1,0,0,0,0,1,2,1,2,3,1,2,2,2,1,0,0,0,0,0,0,0,0,0,0,0,0,0,1,0,0,3,3,2,1,2,2,1, , ,0,0,1,0,0,0,0,0,0,1,0,0,1,0,0,2,2, , , , , , , , , , , , , , , , , , , , , 
P2090,1,0,1,0,0,0,0,1,0,0,2,2,2,1,1,2,2,2,2,0,0,1,0,1,0,0,0,0,0,0,0,1,1,1,0,0,1,2,1,1,2,1,1, ,2,1,0,0,0,1,0,0,0,1,0,0,0,0,0,0,1,2,0,1,0,0,1,0,1,0,0,0,0,0,0,2,1,1,2,2,2,1,1
P2091,1,1,1,1,1,1,1,1,0,0,1,1,1,1,1,1,1,1,5,1,1,0,1,0,1,0,0,0,1,0,0,0,1,1,0,0,2,1,1,1,1,1,1,1,1,0,1,1,0,1,0,0,0,1,1,1,0,1,0,0,2,2,0,0,1,0,0,1,0,1,0,0,0,0,0,1,1,1,1,1,1,1,1
P2092,1,1,1,0,0,0,0,0,0,0,2,2,2,2,2,2,2,2,6, , , , , , , , , , , , , , , , , ,5,5,2,1,1,1,2,2,2,0,0,1,1,0,0,0,0,1,0,0,0,1,0,0,3,2, , , , , , , , , , , , , , , , , , , , , 
P2093,1,1,0,0,0,0,0,0,0,0,2,2,2,3,3,2,2,2,2,0,0,0,0,0,0,0,0,1, , , , , , , , ,3,3,2,2,1,2, ,2, ,0,0,0,0,0,0,1,0, , , , , , , , , , , , , , , , , , , , , , , , , , , , , , 
P2094,0,1,0,0,1,0,0,1,0,0,1,2,2,3,1,1,4,2,2,1,0,0,0,0,0,0,0,0,0,0,0,1,0,0,0,0,3,4,2,1,1,2,2,1, ,1,1,0,0,0,0,0,0,0,0,0,1,0,0,0,2,2, , , , , , , , , , , , , , , , , , , , , 
P2095,0,1,0,0,1,0,0,1,0,0,4,3,3,2,3,4,3,2,2,1,0,0,0,0,0,0,0,0,0,0,0,1,0,0,0,0,2,3,1,2,2,2, , , ,0,0,0,0,0,0,1,0, , , , , , , , , , , , , , , , , , , , , , , , , , , , , , 
P2096,1,1,1,0,1,0,0,1,0,0,2,1,1,2,2,1,2,2,3,1,0,0,1,0,0,0,0,0,0,0,0,1,1,0,1,0,3,3,1,2,1,2, ,2, ,0,1,1,1,0,0,0,0,1,0,0,1,0,0,0,2,2,1,0,0,0,1,1,0,0,0,1,0,0,0,2,2,2,4,3,3,3,3
P2097,0,1,1,1,1,0,0,1,0,0,2,2,2,2,2,2,2,2,5,1,0,0,1,0,0,0,0,0,0,0,0,0,0,1,0,0,3,3,2,1,2,2,2, , ,0,0,0,0,0,0,1,0, , , , , , , , , ,0,0,0,0,0,0,0,0,0,1,0,0,0,1,1,2,4,3,3,3,3
P2098,1,0,1,0,0,0,0,1,0,0,1,3,1,1,2,2,2,1,5,0,0,0,1,0,0,0,0,0,0,0,0,0,0,0,1,1,2,2,1,1,1,1,1,1,1,0,0,0,1,0,0,0,0,1,0,0,0,0,0,0,2,2, , , , , , , , , , , , , , , , , , , , , 
P2099,1,1,1,0,1,0,0,0,0,0,3,3,3,4,4,3,3,3,2,0,0,0,1,0,0,0,0,0,0,0,0,1,1,0,0,0,3,3,2,1,1,3,2,2, ,0,0,0,0,1,0,0,0,1,0,0,0,0,0,0,2,2,1,0,0,0,1,0,0,0,1,1,0,0,0,2,2,1,4,3,3,3,1
P2100,0,1,0,0,1,0,0,0,0,0,2,2,2,2,2,2,2,2,1, , , , , , , , , , , , , , , , , ,2,2,1,1,2,1,2, ,2,1,0,0,0,0,0,0,0,0,0,0,1,0,0,0,2,2, , , , , , , , , , , , , , , , , , , , , 
P2101,0,0,0,1,0,0,0,0,0,0,3,2,3,2,3,2,3,2,3,0,0,0,1,0,0,0,0,0,1,0,0,0,1,0,0,0,3,2,3,2,2,1, , ,2,0,0,0,0,0,1,0,0,0,1,0,0,0,0,0,2,2,0,0,0,0,0,0,0,0,0,1,0,0,0,2,2,3,4,3,2,3,1
P2102,0,0,0,0,1,1,0,0,0,0,3,2,2,5,2,2,5,3,2,1,0,0,0,0,0,0,0,0,1,0,0,0,0,0,0,0,5,5,2,1,3,2,1, , ,1,1,1,0,0,0,0,0,0,1,0,0,0,0,0,2,2, , , , , , , , , , , , , , , , , , , , , 
P2103,0,1,0,0,0,1,0,0,0,0,2,1,1,5,3,1,3,2,2,0,0,0,0,0,0,0,0,1, , , , , , , , ,3,3,1,1,2,3,2, , ,1,0,1,1,1,1,0,0,1,1,0,0,0,0,0,2,2, , , , , , , , , , , , , , , , , , , , , 
P2104,1,0,1,0,0,1,0,1,0,0,2,2,1,3,3,1,2,2,1, , , , , , , , , , , , , , , , , ,5,5,3,2,1,3, ,2, ,0,0,0,0,0,1,0,0,0,0,0,0,0,1,0,2,2, , , , , , , , , , , , , , , , , , , , , 
P2105,0,1,0,0,1,0,0,0,0,0,3,3,3,4,3,4,4,3,2,1,0,0,0,0,0,0,0,0,0,0,0,0,0,1,0,0,5,5,1,1,1,3,1,1, ,0,0,0,0,0,1,0,0,0,0,0,1,0,0,0,2,3, , , , , , , , , , , , , , , , , , , , , 
P2106,0,1,0,0,0,0,0,0,0,0,3,2,2,4,3,3,3,2,1, , , , , , , , , , , , , , , , , ,3,3,3,1,2,3,2, , ,0,0,0,0,0,0,1,0, , , , , , , , , , , , , , , , , , , , , , , , , , , , , , 
P2107,1,1,1,0,0,0,0,0,0,0,1,1,1,5,3,1,5,2,1, , , , , , , , , , , , , , , , , ,5,3,2,1,1,2,2,3, ,0,0,0,0,0,0,1,0, , , , , , , , , , , , , , , , , , , , , , , , , , , , , , 
P2108,1,1,1,0,0,0,0,1,0,0,2,2,2,3,4,2,2,2,1, , , , , , , , , , , , , , , , , ,3,3,2,1,1,3,2,2, ,0,0,0,0,0,0,1,0, , , , , , , , , , , , , , , , , , , , , , , , , , , , , , 
P2109,0,1,0,0,0,0,0,0,0,0,2,1,5,4,3,2,5,5,1, , , , , , , , , , , , , , , , , ,5,4,2,2,1,2, ,2, ,0,0,0,0,0,0,1,0, , , , , , , , , , , , , , , , , , , , , , , , , , , , , , 
P2110,1,0,0,0,0,0,0,1,0,0,2,2,1,1,1,1,1,2,3,1,0,0,0,0,1,0,0,0,0,1,0,0,0,0,1,0,2,2,1,1,1,1,2,2,1,0,0,1,1,0,0,0,0,0,1,0,0,0,0,0,2,1, , , , , , , , , , , , , , , , , , , , , 
P2111,0,1,0,0,0,0,0,0,0,0,3,3,3,3,4,3,4,3,6, , , , , , , , , , , , , , , , , ,4,4,2,2,2,2, , , ,1,1,1,1,1,0,0,0,0,0,0,0,0,0,1,3,3, , , , , , , , , , , , , , , , , , , , , 
P2112,0,1,0,0,0,0,0,0,0,0,2,2,2,2,2,2,5,2,2,0,0,0,0,0,0,0,0,1, , , , , , , , ,3,3,3,1,2,2,2, , ,0,0,0,0,0,0,1,0, , , , , , , , , , , , , , , , , , , , , , , , , , , , , , 
P2113,1,1,1,0,1,1,0,1,0,0,1,1,2,1,1,3,2,2,2,1,1,0,0,0,0,0,0,0,1,0,0,0,1,1,0,0,2,2,2,1,1,1,1,1,1,1,0,0,0,0,0,0,0,1,0,0,0,0,0,0,2,2,0,0,1,0,1,0,0,1,0,0,0,0,0,2,2,2,1,1,1,1,3
P2114,0,1,1,0,1,1,0,1,0,0,2,1,2,2,2,1,3,1,3,1,0,0,1,0,0,0,0,0,1,0,0,1,0,0,0,0,5,1,1,1,2,2,2, , ,1,1,1,0,0,0,0,0,1,1,0,0,1,0,0,2,2, , , , , , , , , , , , , , , , , , , , , 
P2115,1,1,1,1,1,1,1,0,0,0,2,1,1,1,2,1,2,2,5,1,0,0,0,0,0,0,0,0,0,1,0,1,1,0,0,0,1,1,2,1,1,1,1,1,1,1,0,1,1,0,0,0,0,1,1,1,0,1,0,0,2,2,1,0,1,0,1,0,1,1,0,0,0,0,0,1,1,2,3,1,3,3,1
P2116,1,1,0,0,1,1,1,1,0,0,3,2,2,2,3,2,2,2,2,1,0,0,0,0,0,0,0,0,0,1,0,0,0,0,0,0,1,1,1,1,1,2,2,2, ,0,0,0,0,0,1,0,0,0,0,0,0,1,0,0,2,2, , , , , , , , , , , , , , , , , , , , , 
P2117,0,1,1,0,0,0,0,0,0,0,2,2,2,4,4,1,2,2,2,1,0,0,0,0,0,0,0,0,0,0,0,0,0,0,0,1,5,5,1,2,1,2, ,2, ,0,0,0,0,0,0,1,0, , , , , , , , , , , , , , , , , , , , , , , , , , , , , , 
P2118,1,0,0,0,0,1,0,0,0,0,2,2,2,4,4,2,3,2,2,1,0,0,0,0,0,0,0,0,0,0,0,0,1,0,0,0,2,2,1,1,1,2,4,2, ,0,1,0,0,0,0,0,0,0,0,0,0,1,0,0,2,2,0,0,0,0,0,0,0,0,0,0,1,0,0,5,4,4,4,4,4,3,2
P2119,0,1,1,1,1,1,0,1,0,0,1,1,1,1,1,1,1,1,3,1,0,0,0,0,0,0,0,0,0,0,0,0,1,0,0,0,1,1,2,1,1,1,1,1,1,0,1,1,1,1,0,0,0,0,0,1,1,1,0,0,2,2,1,0,0,0,1,0,1,1,0,1,1,0,0,1,1,2,3,3,3,3,1
P2120,0,1,1,0,0,1,0,0,0,0,5,3,2,5,4,3,5,3,6, , , , , , , , , , , , , , , , , ,5,5,3,1,2,3,2, , ,0,0,0,0,0,0,1,0, , , , , , , , , , , , , , , , , , , , , , , , , , , , , , 
P2121,0,1,0,0,0,0,0,0,0,0,2,2,2,2,2,2,2,2,1, , , , , , , , , , , , , , , , , ,5,5,3,2,2,2, , , ,0,0,0,0,0,0,1,0, , , , , , , , , , , , , , , , , , , , , , , , , , , , , , 
P2122,0,1,0,0,1,0,0,1,0,0,4,3,3,4,3,3,3,4,1, , , , , , , , , , , , , , , , , ,4,4,2,2,2,2, , , ,0,0,0,0,0,0,0,1, , , , , , , , , , , , , , , , , , , , , , , , , , , , , , 
P2123,0,0,0,0,0,0,0,1,0,0,2,2,2,3,3,2,5,2,1, , , , , , , , , , , , , , , , , ,3,4,2,1,2,2,2, , ,0,0,0,0,0,1,0,0,1,0,0,0,0,0,0,2,2, , , , , , , , , , , , , , , , , , , , , 
P2124,0,1,0,0,0,0,0,0,0,0,2,2,2,5,2,2,5,2,1, , , , , , , , , , , , , , , , , ,3,3,2,2,2,2, , , ,0,0,0,0,0,0,1,0, , , , , , , , , , , , , , , , , , , , , , , , , , , , , , 
P2125,0,1,0,0,1,1,0,0,0,0,1,2,2,3,3,1,3,2,2,1,0,0,0,0,0,0,0,0,0,0,0,0,0,1,0,0,3,3,1,1,1,1,1,1,2,1,0,0,1,0,0,0,0,1,0,0,0,0,0,0,2,2, , , , , , , , , , , , , , , , , , , , , 
P2126,0,0,0,1,0,0,0,1,0,0,1,1,1,1,1,1,1,1,3,0,0,0,0,0,0,0,0,1, , , , , , , , ,3,3,2,1,1,1,3,3,3,0,0,0,0,0,0,0,1, , , , , , , , , ,0,0,0,0,0,0,1,0,0,0,0,0,0,4,4,3,1,3,2,3,3
P2127,0,0,0,0,0,0,0,0,0,1,2,2,2,4,4,1,4,1,6, , , , , , , , , , , , , , , , , ,4,4,2,2,2,2, , , ,0,0,0,0,0,0,1,0, , , , , , , , , , , , , , , , , , , , , , , , , , , , , , 
P2128,0,1,1,0,1,0,0,0,0,0,2,1,1,3,2,5,5,3,1, , , , , , , , , , , , , , , , , ,3,2,1,1,1,2,1,2, ,0,0,0,0,0,0,1,0, , , , , , , , , , , , , , , , , , , , , , , , , , , , , , 
P2129,0,0,1,0,0,0,0,0,0,0,1,1,1,1,1,2,1,1,1, , , , , , , , , , , , , , , , , ,1,2,1,1,1,2,2,2, ,0,0,0,1,0,0,0,0,0,0,0,0,1,0,0,2,2, , , , , , , , , , , , , , , , , , , , , 
P2130,0,0,0,0,0,0,0,0,0,1,2,2,1,5,2,2,2,1,2,0,0,0,0,0,0,0,0,1, , , , , , , , ,5,4,2,2,2,2, , , ,0,0,0,0,0,0,1,0, , , , , , , , , , , , , , , , , , , , , , , , , , , , , , 
P2131,1,0,1,0,1,1,0,1,0,0,1,1,1,3,1,2,2,1,1, , , , , , , , , , , , , , , , , ,5,5,1,1,1,2,2,2, ,0,0,0,0,0,1,0,0,0,1,0,1,1,0,0,2,2, , , , , , , , , , , , , , , , , , , , , 
P2132,0,1,0,0,1,1,0,1,0,0,3,4,3,3,5,4,3,2,4,0,0,0,0,0,0,0,1,0,0,1,0,1,1,1,0,1,3,3,2,1,2,2,1, , ,0,1,0,1,1,1,0,0,1,1,0,1,1,0,0,2,2,0,0,0,1,0,0,0,0,0,0,0,0,0,1,2,2,4,3,3,3,3
P2133,0,1,1,0,0,0,0,1,0,0,2,3,2,3,2,2,2,4,3,1,0,0,0,0,0,0,0,0,0,0,0,0,1,0,0,1,3,1,1,1,1,1,3,3,2,1,0,0,0,0,0,0,0,0,0,0,1,0,0,0,2,1,0,0,0,0,0,0,0,0,1,0,1,0,0,2,3,2,2,1,1,2,2
P2134,0,1,0,0,0,0,0,1,0,0,2,2,2,5,3,2,5,2,1, , , , , , , , , , , , , , , , , ,5,4,1,1,1,2,4,4, ,1,0,0,0,0,0,0,0,0,0,0,0,0,0,1,3,3, , , , , , , , , , , , , , , , , , , , , 
P2135,0,0,0,0,1,1,0,1,0,0,2,2,2,4,1,2,3,2,2,1,0,0,0,0,0,0,0,0,0,0,0,1,0,0,0,0,3,3,1,1,1,2,1,1, ,0,1,0,1,0,0,0,0,0,1,0,0,1,0,0,2,2, , , , , , , , , , , , , , , , , , , , , 
P2136,0,1,1,0,0,0,0,0,0,0,2,2,2,2,3,1,2,2,2,1,0,0,0,0,0,0,0,0,0,0,0,0,0,0,0,1,5,3,2,2,2,2, , , ,0,0,0,0,0,0,1,0, , , , , , , , , , , , , , , , , , , , , , , , , , , , , , 
P2137,0,0,0,0,1,1,0,1,0,0,3,3,3,2,2,2,3,2,3,1,0,0,0,0,0,0,0,0,1,1,0,0,0,0,0,0,2,1,1,1,1,2,2,1, ,0,0,1,1,1,0,0,0,0,1,0,1,0,0,0,2,2, , , , , , , , , , , , , , , , , , , , , 
P2138,1,1,0,0,1,1,0,1,0,0,2,2,2,2,1,1,1,2,4,1,1,0,1,1,0,0,0,0,1,1,0,1,1,0,1,0,1,2,1,1,1,1,1,2,1,1,0,1,0,1,1,0,0,1,0,1,1,1,0,0,2,2,1,1,0,1,1,0,1,0,1,0,1,0,0,2,1,2,3,1,3,1,1
P2139,0,0,0,0,0,0,0,0,0,1,3,2,2,3,3,3,3,3,1, , , , , , , , , , , , , , , , , ,3,5,3,3,2,2, , , ,0,0,0,0,0,0,1,0, , , , , , , , , , , , , , , , , , , , , , , , , , , , , , 
P2140,0,0,0,0,0,0,1,0,0,0,1,2,3,2,1,2,2,1,3,1,0,0,0,0,0,0,0,0,0,0,1,0,0,1,0,0,2,3,1,1,1,2,2,3, ,1,0,0,0,1,0,0,0,0,1,0,1,0,0,0,2,2, , , , , , , , , , , , , , , , , , , , , 
P2141,0,1,0,0,1,0,0,0,0,0,3,3,3,1,1,2,1,4,2,1,0,0,1,0,0,0,0,0,0,0,0,0,1,0,0,1,1,3,1,1,2,2,1, , ,0,0,1,0,0,1,0,0,1,0,1,0,0,0,0,2,1,0,1,0,1,0,0,0,0,0,1,0,0,0,3,1,2,4,1,3,1,1
P2142,1,0,0,0,1,1,1,1,0,0,4,3,2,3,2,2,2,2,3,0,1,0,0,0,0,0,0,0,0,0,0,0,1,0,0,1,3,3,1,1,1,2,2,2, ,0,0,0,0,0,1,0,0,0,1,0,0,0,0,0,2,2,0,0,0,0,0,0,0,0,0,0,0,1,0,3,5,2,4,3,3,3,3
P2143,1,1,0,0,0,1,1,0,0,0,2,2,2,3,4,2,2,3,2,0,0,0,0,0,0,0,0,1, , , , , , , , ,3,3,2,2,1,2, ,2, ,0,0,0,0,0,0,1,0, , , , , , , , , , , , , , , , , , , , , , , , , , , , , , 
P2144,0,0,0,0,1,0,0,0,0,0,3,2,3,2,1,3,3,2,1, , , , , , , , , , , , , , , , , ,5,2,2,1,2,2,1, , ,0,0,0,0,1,0,0,0,0,0,0,0,1,0,0,2,2, , , , , , , , , , , , , , , , , , , , , 
P2145,0,0,1,0,0,1,0,1,0,0,4,5,1,4,4,1,5,3,1, , , , , , , , , , , , , , , , , ,3,3,2,1,2,3,2, , ,0,0,0,0,0,0,1,0, , , , , , , , , , , , , , , , , , , , , , , , , , , , , , 
P2146,1,1,1,1,0,0,0,0,0,0,2,1,2,2,2,1,2,2,3,1,1,0,0,0,0,1,0,0,0,0,0,1,1,1,0,0,2,3,1,1,1,1,1,1,1,0,0,1,0,0,1,0,0,1,0,1,0,0,0,0,2,2,0,0,0,0,1,0,1,0,0,0,1,0,0,2,2,2,4,3,3,3,3
P2147,0,1,0,0,0,0,0,0,0,0,2,4,2,2,2,2,2,2,2,1,0,0,0,0,0,0,0,0,0,0,0,1,0,0,0,0,1,1,1,1,1,1,2,2,2,0,1,0,0,0,0,0,0,1,0,0,0,0,0,0,2,2, , , , , , , , , , , , , , , , , , , , , 
P2148,0,0,0,0,1,0,0,0,0,0,3,3,3,3,3,3,3,3,6, , , , , , , , , , , , , , , , , ,5,5,3,2,2,2, , , ,0,0,0,0,0,0,1,0, , , , , , , , , , , , , , , , , , , , , , , , , , , , , , 
P2149,0,0,0,0,0,0,0,0,0,1,4,4,4,4,4,4,4,4,1, , , , , , , , , , , , , , , , , ,5,5,3,1,1,3,1,1, ,0,0,0,0,0,0,1,0, , , , , , , , , , , , , , , , , , , , , , , , , , , , , , 
P2150,0,1,0,0,1,0,0,1,0,0,3,3,3,4,2,4,2,2,1, , , , , , , , , , , , , , , , , ,5,5,2,1,2,2,2, , ,0,0,0,0,0,0,1,0, , , , , , , , , , , , , , , , , , , , , , , , , , , , , , 
P2151,0,0,0,0,0,1,0,1,0,0,2,2,2,3,2,2,2,2,2,1,0,0,0,0,0,0,0,0,0,0,0,0,0,0,0,1,3,3,2,1,1,2,2,2, ,1,0,0,0,0,0,0,0,0,1,0,1,1,0,0,2,2, , , , , , , , , , , , , , , , , , , , , 
P2152,0,0,0,0,0,0,0,0,0,1,2,2,2,2,2,2,2,2,3,0,0,0,0,0,0,0,0,1, , , , , , , , ,5,5,3,1,1,1,5,5,5,0,0,0,0,0,0,0,1, , , , , , , , , , , , , , , , , , , , , , , , , , , , , , 
P2153,0,0,1,0,1,0,0,0,0,0,1,2,1,3,2,1,3,1,3,1,0,0,1,0,0,0,0,0,0,0,0,0,0,0,0,1,2,2,1,1,1,2,2,2, ,0,0,0,0,0,0,1,0, , , , , , , , , , , , , , , , , , , , , , , , , , , , , , 
P2154,1,1,1,1,1,0,1,1,0,0,2,2,2,3,4,4,3,3,3,1,0,0,0,1,0,0,0,0,0,0,0,0,0,0,1,1,2,3,1,1,1,2,2,2, ,0,0,0,0,0,0,1,0, , , , , , , , , ,0,0,0,0,1,0,0,0,0,0,0,0,0,2,3,2,4,3,3,3,2
P2155,1,0,0,1,1,1,0,1,0,0,2,1,2,2,2,1,2,1,3,1,1,0,1,0,0,0,0,0,0,0,0,1,1,1,1,1,3,3,2,1,1,2,1,1, ,1,1,0,1,1,1,0,0,0,0,0,1,1,0,0,2,2,1,0,1,1,1,0,1,1,0,0,0,0,0,3,2,4,4,3,1,3,1
P2156,0,0,0,0,0,0,0,1,0,0,3,3,3,3,3,3,3,3,2,1,0,0,0,0,0,0,0,0,0,0,0,0,0,0,0,1,3,3,2,2,2,2, , , ,0,0,0,0,0,0,1,0, , , , , , , , , , , , , , , , , , , , , , , , , , , , , , 
P2157,0,1,0,1,1,0,0,0,0,0,3,1,5,2,2,2,2,2,2,1,0,0,0,0,0,0,0,0,0,0,0,0,1,0,0,0,3,3,2,1,2,1,2, ,2,0,0,0,0,0,0,1,0, , , , , , , , , ,1,0,0,0,1,0,0,0,0,0,0,0,0,2,1,2,4,3,3,3,1
P2158,0,0,0,0,1,0,0,0,0,0,1,2,1,2,2,1,2,1,2,0,0,0,0,0,0,0,1,0,0,0,0,0,0,0,1,0,1,1,2,1,1,2,1,1, ,0,0,0,0,0,1,0,0,0,0,0,1,0,0,0,2,2, , , , , , , , , , , , , , , , , , , , , 
P2159,0,0,0,1,0,0,0,0,0,0,2,2,2,2,2,2,2,2,3,1,0,0,0,0,0,0,0,0,0,0,0,1,0,0,1,0,3,3,3,2,2,2, , , ,0,1,1,0,0,0,0,0,0,0,0,0,0,0,1,1,1,1,0,0,0,0,0,0,0,0,0,0,0,0,2,2,2,4,3,3,3,2
P2160,0,0,0,0,0,0,0,1,0,0,3,3,3,5,2,3,5,2,2,0,0,0,0,0,0,0,0,1, , , , , , , , ,3,4,1,2,2,2, , , ,0,0,0,0,0,0,1,0, , , , , , , , , , , , , , , , , , , , , , , , , , , , , , 
P2161,0,0,0,0,1,0,0,1,0,0,2,1,2,3,3,2,3,1,6, , , , , , , , , , , , , , , , , ,5,3,3,2,2,2, , , ,0,0,0,0,1,0,0,0,1,1,0,0,0,0,0,2,2, , , , , , , , , , , , , , , , , , , , , 
P2162,0,1,1,0,1,1,0,0,0,0,2,2,2,3,2,2,2,2,2,0,0,0,0,0,0,0,0,1, , , , , , , , ,5,5,2,1,1,2,2,2, ,0,0,0,0,0,0,1,0, , , , , , , , , , , , , , , , , , , , , , , , , , , , , , 
P2163,0,0,0,0,1,0,0,0,0,0,4,4,4,5,2,4,2,3,3,1,0,0,0,0,0,0,0,0,0,0,0,0,0,1,0,1,3,3,3,1,2,2,2, , ,0,0,0,0,0,0,1,0, , , , , , , , , , , , , , , , , , , , , , , , , , , , , , 
P2164,1,1,1,0,1,0,0,0,0,0,3,1,1,3,2,2,2,2,1, , , , , , , , , , , , , , , , , ,3,5,1,1,2,1,2, ,2,0,0,0,0,0,0,0,1, , , , , , , , , , , , , , , , , , , , , , , , , , , , , , 
P2165,1,1,0,0,0,1,0,0,0,0,2,2,2,3,4,2,2,2,2,1,0,0,0,0,0,0,0,0,1,0,0,0,0,0,0,0,2,1,3,1,1,2,2,2, ,0,0,0,0,0,0,1,0, , , , , , , , , , , , , , , , , , , , , , , , , , , , , , 
P2166,1,1,0,0,0,0,0,0,0,0,2,2,2,4,3,2,3,2,6, , , , , , , , , , , , , , , , , ,5,1,1,1,2,2,2, , ,0,0,0,0,0,0,0,1, , , , , , , , , , , , , , , , , , , , , , , , , , , , , , 
P2167,0,0,0,0,1,0,1,1,0,0,4,2,3,3,2,2,2,3,2,1,0,0,0,0,0,0,0,0,0,0,0,0,0,0,0,1,3,3,1,1,2,1,2, ,2,0,1,0,0,0,0,0,0,0,0,0,0,1,0,0,2,2, , , , , , , , , , , , , , , , , , , , , 
P2168,0,0,0,0,0,0,0,0,0,1,2,2,2,2,3,2,5,3,2,1,0,0,0,0,0,0,0,0,0,0,0,0,0,1,0,0,3,4,2,2,2,2, , , ,0,0,0,0,0,0,0,1, , , , , , , , , , , , , , , , , , , , , , , , , , , , , , 
P2169,1,1,0,1,1,1,1,1,0,0,3,2,3,3,3,2,5,2,3,1,1,0,0,0,0,0,0,0,0,1,0,0,1,1,0,0,5,1,1,1,1,1,2,2,2,0,0,1,1,1,0,0,0,0,1,0,0,1,0,0,2,2,1,0,0,0,1,0,1,0,0,0,0,0,0,2,2,2,3,3,3,3,3
P2170,1,1,0,0,1,1,0,1,0,0,2,1,2,3,1,1,3,2,3,1,1,0,0,0,0,0,0,0,0,0,0,1,0,1,0,0,2,3,1,1,2,2,2, , ,1,1,1,0,0,0,0,0,0,1,0,1,1,0,0,2,2, , , , , , , , , , , , , , , , , , , , , 
P2171,0,0,1,0,1,1,1,1,0,0,1,1,1,4,1,1,3,1,2,1,1,1,0,0,1,0,0,0,0,0,0,0,1,0,0,0,1,1,1,1,1,2,1,1, ,0,0,0,1,0,0,0,0,0,0,0,1,0,0,0,2,2,0,1,1,0,1,0,0,0,0,1,0,0,0,1,1,3,2,1,1,1,1
P2172,0,1,1,1,1,0,0,1,0,0,5,2,2,5,3,1,5,2,2,0,0,0,1,0,0,0,0,0,0,0,0,0,0,0,0,1,2,2,1,2,2,2, , , ,0,0,0,0,0,0,1,0, , , , , , , , , ,0,0,0,0,0,0,0,0,0,0,0,0,1,3,3,4,4,3,3,3,3
P2173,1,0,0,0,1,0,1,1,0,0,3,2,2,1,3,2,3,1,2,0,1,0,0,0,1,1,0,0,0,1,0,1,1,0,0,0,3,1,1,2,1,2, ,1, ,1,1,0,0,1,0,0,0,0,1,0,1,1,0,0,2,2,0,0,1,0,1,0,0,1,0,0,0,0,0,2,2,3,4,2,2,3,1
P2174,0,0,1,0,0,1,1,0,0,0,2,2,2,3,3,2,2,2,1, , , , , , , , , , , , , , , , , ,4,3,2,2,2,2, , , ,0,0,0,0,0,0,1,0, , , , , , , , , , , , , , , , , , , , , , , , , , , , , , 
P2175,0,1,1,1,0,0,0,0,0,0,4,1,2,1,2,3,2,3,3,1,0,0,1,0,1,0,0,0,0,0,0,0,1,0,0,1,2,2,1,1,1,1,1,3,2,0,0,1,0,1,1,0,0,0,0,1,0,0,0,0,1,2,0,0,0,1,0,1,0,0,0,0,1,0,0,2,1,3,3,1,2,2,3
P2176,0,0,0,0,0,0,0,0,0,1,4,2,3,4,3,2,5,2,1, , , , , , , , , , , , , , , , , ,5,4,3,2,2,2, , , ,0,0,0,0,0,0,1,0, , , , , , , , , , , , , , , , , , , , , , , , , , , , , , 
P2177,0,1,1,0,1,0,0,1,0,0,3,3,3,5,3,3,3,2,1, , , , , , , , , , , , , , , , , ,3,3,2,1,2,2,2, , ,0,0,0,0,0,0,1,0, , , , , , , , , , , , , , , , , , , , , , , , , , , , , , 
P2178,0,1,0,0,0,0,0,0,0,0,5,1,1,5,3,1,5,5,1, , , , , , , , , , , , , , , , , ,3,3,3,2,2,2, , , ,0,0,0,0,0,0,1,0, , , , , , , , , , , , , , , , , , , , , , , , , , , , , , 
P2179,1,1,0,0,1,1,0,1,0,0,3,2,3,3,1,4,5,2,2,1,0,0,0,0,0,0,0,0,0,0,0,0,0,0,0,1,3,3,2,1,1,2,2,2, ,0,0,0,0,0,0,1,0, , , , , , , , , , , , , , , , , , , , , , , , , , , , , , 
P2180,1,1,0,0,0,0,0,0,0,0,1,1,2,3,3,2,2,3,2,1,0,0,0,0,0,0,0,0,0,0,0,0,0,0,0,1,3,3,3,2,1,2, ,2, ,0,0,0,0,0,0,1,0, , , , , , , , , , , , , , , , , , , , , , , , , , , , , , 
P2181,1,0,0,0,0,1,0,0,0,0,3,3,3,3,3,3,3,3,6, , , , , , , , , , , , , , , , , ,4,5,1,2,1,3, ,2, ,0,0,0,0,0,0,1,0, , , , , , , , , , , , , , , , , , , , , , , , , , , , , , 
P2182,1,1,1,0,0,1,0,0,1,0,2,2,1,4,4,2,5,2,1, , , , , , , , , , , , , , , , , ,4,3,2,2,1,2, ,2, ,0,0,0,0,0,0,1,0, , , , , , , , , , , , , , , , , , , , , , , , , , , , , , 
P2183,1,0,0,0,0,0,1,0,0,0,3,2,3,4,1,3,2,3,4,1,0,0,0,1,0,0,0,0,0,0,0,0,0,0,1,1,3,3,2,1,1,2,1,1, ,0,0,0,1,1,0,0,0,0,0,0,1,0,0,0,2,2, , , , , , , , , , , , , , , , , , , , , 
P2184,0,1,0,0,0,0,0,0,0,0,4,2,2,2,3,3,5,3,2,0,1,0,0,0,0,0,0,0,0,0,0,0,0,0,0,1,2,2,2,2,2,2, , , ,0,0,0,0,0,0,1,0, , , , , , , , , , , , , , , , , , , , , , , , , , , , , , 
P2185,0,0,0,0,0,1,1,0,0,0,4,3,4,3,4,3,2,3,1, , , , , , , , , , , , , , , , , ,5,1,3,1,2,3,2, , ,0,0,0,0,0,1,0,0,0,1,0,0,0,1,0,2,2, , , , , , , , , , , , , , , , , , , , , 
P2186,0,0,0,0,1,0,0,0,0,0,1,1,1,2,1,1,1,1,2,1,0,0,1,0,0,0,0,0,0,0,0,1,1,0,0,1,1,2,1,3,3,1, , ,2,1,0,0,0,0,0,0,0,0,1,1,0,0,0,0,1,2,1,0,0,0,1,0,0,1,0,1,0,0,0,1,1,2,2,2,3,2,3
P2187,0,0,0,0,1,0,0,1,0,0,2,2,5,4,3,3,4,2,2,0,0,0,0,0,0,0,0,1, , , , , , , , ,5,5,2,2,2,2, , , ,0,1,1,1,1,0,0,0,1,0,0,0,0,0,0,2,3, , , , , , , , , , , , , , , , , , , , , 
P2188,0,0,1,0,0,0,0,0,0,0,4,2,2,4,2,2,5,2,1, , , , , , , , , , , , , , , , , ,4,4,2,2,2,2, , , ,0,0,0,0,0,0,1,0, , , , , , , , , , , , , , , , , , , , , , , , , , , , , , 
P2189,0,0,0,0,1,0,0,1,0,0,1,2,1,5,2,2,5,1,2,1,0,0,0,0,0,0,0,0,0,0,0,0,0,1,0,0,3,3,2,1,2,2,1, , ,0,1,1,0,0,0,0,0,1,0,0,0,0,0,0,2,2, , , , , , , , , , , , , , , , , , , , , 
P2190,0,0,0,0,0,0,0,0,0,1,4,4,4,4,4,4,4,4,1, , , , , , , , , , , , , , , , , ,3,4,3,2,1,3, ,2, ,0,0,0,0,0,0,1,0, , , , , , , , , , , , , , , , , , , , , , , , , , , , , , 
P2191,0,0,0,0,1,0,0,1,0,0,3,2,2,4,2,2,2,2,1, , , , , , , , , , , , , , , , , ,2,2,1,1,2,3,1, , ,0,0,0,0,0,1,0,0,0,1,0,0,0,0,0,2,2, , , , , , , , , , , , , , , , , , , , , 
P2192,0,1,0,0,0,0,0,0,0,0,3,1,2,2,1,1,3,1,2,1,0,0,0,0,0,0,0,0,0,0,0,0,1,0,0,0,1,1,1,1,2,1,1, ,1,0,1,0,0,0,0,0,0,0,0,0,0,1,0,0,2,2,0,0,0,0,0,0,0,0,1,0,0,0,0,2,1,1,2,1,1,1,3
P2193,0,0,0,0,1,1,1,0,0,0,3,2,2,4,2,2,2,2,3,1,0,0,0,0,0,0,0,0,0,1,0,1,0,0,0,0,2,2,3,1,2,2,1, , ,1,1,1,0,1,0,0,0,0,1,0,0,0,0,0,2,2, , , , , , , , , , , , , , , , , , , , , 
P2194,0,1,0,0,0,0,0,1,0,0,2,1,2,3,4,1,2,2,1, , , , , , , , , , , , , , , , , ,3,3,1,2,1,2, ,2, ,0,0,0,0,0,0,1,0, , , , , , , , , , , , , , , , , , , , , , , , , , , , , , 
P2195,1,1,1,0,1,0,1,1,0,0,4,2,3,3,2,4,4,2,2,1,1,0,1,0,0,0,0,0,1,0,0,1,0,1,0,1,3,2,2,2,1,1, ,4,4,0,0,0,1,0,0,0,0,1,1,0,1,1,0,0,2,2, , , , , , , , , , , , , , , , , , , , , 
P2196,0,0,0,0,1,0,0,0,0,0,2,3,4,2,4,1,3,3,5,1,0,0,0,0,0,0,0,0,0,0,0,0,0,1,0,0,2,2,2,1,2,2,2, , ,0,0,0,1,0,0,0,0,1,0,0,0,0,0,0,2,2, , , , , , , , , , , , , , , , , , , , , 
P2197,1,1,0,0,0,1,0,0,0,0,1,1,5,3,2,2,2,2,2,0,0,0,0,0,0,0,0,1, , , , , , , , ,3,3,2,1,1,3,2,1, ,0,0,0,0,0,0,1,0, , , , , , , , , , , , , , , , , , , , , , , , , , , , , , 
P2198,0,1,1,0,0,1,1,1,0,0,2,2,2,2,2,2,2,2,2,1,0,0,0,0,0,0,0,0,0,0,0,1,0,1,0,0,2,2,1,1,1,1,3,3,2,1,0,0,0,1,0,0,0,1,0,0,0,0,0,0,2,2, , , , , , , , , , , , , , , , , , , , , 
P2199,1,0,0,0,0,1,0,0,0,0,5,4,5,5,5,4,4,4,1, , , , , , , , , , , , , , , , , ,2,5,3,3,3,3, , , ,0,0,0,0,0,0,0,1, , , , , , , , , , , , , , , , , , , , , , , , , , , , , , 
P2200,0,1,0,0,0,0,0,0,0,0,3,2,2,3,4,2,5,2,1, , , , , , , , , , , , , , , , , ,3,4,1,2,2,2, , , ,0,0,0,0,0,0,1,0, , , , , , , , , , , , , , , , , , , , , , , , , , , , , , 
P2201,1,1,1,1,1,1,1,1,0,0,1,1,1,1,1,1,1,1,5,1,0,0,1,0,1,0,0,0,1,0,0,1,1,0,0,0,3,3,2,1,1,1,1,1,1,1,1,1,1,1,1,0,0,1,0,0,1,1,0,0,2,2,0,0,1,1,0,1,1,0,0,1,1,0,0,1,1,3,4,3,2,3,1
P2202,0,0,0,1,1,1,1,1,0,0,1,2,1,2,2,1,2,2,5,1,1,0,1,0,0,0,0,0,0,1,0,1,1,0,0,0,3,3,1,1,1,2,1,5, ,0,1,0,1,0,0,0,0,1,0,0,0,0,0,0,2,2,1,0,0,0,0,0,0,1,0,1,0,0,0,2,2,4,3,1,1,1,1
P2203,1,1,1,0,1,1,0,1,0,0,3,3,2,2,4,3,2,2,3,1,0,0,0,0,0,0,0,0,1,0,1,1,0,0,0,1,1,1,1,1,1,2,3,2, ,0,0,0,0,0,1,0,0,1,1,0,1,1,0,0,2,1, , , , , , , , , , , , , , , , , , , , , 
P2204,1,1,1,0,0,0,0,0,0,0,3,4,3,4,3,4,2,2,1, , , , , , , , , , , , , , , , , ,3,2,2,1,1,3,1,1, ,0,0,0,0,0,1,0,0,0,0,0,1,0,0,0,2,2, , , , , , , , , , , , , , , , , , , , , 
P2205,1,1,1,1,1,1,0,1,0,0,1,1,1,3,2,2,3,2,3,1,0,0,0,0,0,0,0,0,0,1,0,1,0,1,1,0,5,5,3,1,1,3,2,2, ,1,0,0,1,1,0,0,0,1,0,0,0,0,0,0,2,2,0,1,0,1,1,0,0,0,0,0,0,0,0,3,3,1,4,3,3,3,3
P2206,0,1,0,0,0,0,0,0,0,0,2,1,2,4,3,1,3,2,1, , , , , , , , , , , , , , , , , ,2,4,1,2,2,2, , , ,0,0,0,0,0,0,1,0, , , , , , , , , , , , , , , , , , , , , , , , , , , , , , 
P2207,0,1,0,0,1,0,0,1,0,0,3,1,2,4,2,2,3,2,2,0,0,0,1,0,0,0,0,0,0,1,0,0,1,0,0,0,3,3,3,1,3,2,1, , ,0,0,0,1,0,0,0,0,0,0,0,0,1,0,0,2,2,0,0,0,0,1,0,0,0,0,1,0,0,0,3,2,2,2,3,2,1,1
P2208,0,0,1,0,0,0,0,0,0,0,3,2,2,5,4,2,4,3,1, , , , , , , , , , , , , , , , , ,4,3,3,2,2,2, , , ,0,0,0,0,0,0,1,0, , , , , , , , , , , , , , , , , , , , , , , , , , , , , , 
P2209,0,1,0,0,1,1,1,0,0,0,4,3,3,2,3,4,2,3,1, , , , , , , , , , , , , , , , , ,3,3,1,1,2,3,2, , ,0,0,0,0,0,0,1,0, , , , , , , , , , , , , , , , , , , , , , , , , , , , , , 
P2210,0,1,0,0,1,1,0,1,0,0,2,2,2,1,2,2,3,1,2,1,0,0,1,0,1,0,0,0,0,0,0,0,1,1,1,0,1,2,1,1,1,2,1,1, ,1,0,1,1,0,1,0,0,1,1,1,0,0,0,0,2,2,0,0,1,0,0,0,1,0,1,1,0,0,0,2,2,1,3,2,2,2,1
P2211,1,1,0,0,0,0,0,0,0,0,3,2,2,4,4,2,4,3,1, , , , , , , , , , , , , , , , , ,3,3,2,2,1,2, ,2, ,0,0,0,0,0,0,1,0, , , , , , , , , , , , , , , , , , , , , , , , , , , , , , 
P2212,1,1,1,0,0,0,0,0,0,0,2,2,2,4,4,5,4,2,1, , , , , , , , , , , , , , , , , ,4,4,2,2,1,2, ,2, ,0,0,0,0,0,0,1,0, , , , , , , , , , , , , , , , , , , , , , , , , , , , , , 
P2213,0,1,1,0,0,0,0,0,0,0,2,2,1,2,3,2,2,1,2,0,0,0,0,0,0,0,0,1, , , , , , , , ,3,3,1,1,2,3,2, , ,0,0,0,0,0,0,1,0, , , , , , , , , , , , , , , , , , , , , , , , , , , , , , 
P2214,1,1,0,0,0,0,0,0,0,0,3,2,2,5,3,1,4,3,2,1,0,0,0,0,0,0,0,0,0,0,0,1,0,0,0,0,3,3,3,1,1,2,1,2, ,1,0,0,1,0,0,0,0,0,0,0,0,1,0,0,2,2, , , , , , , , , , , , , , , , , , , , , 
P2215,0,1,0,1,0,0,0,0,0,0,2,1,1,1,1,1,2,1,4,1,0,0,0,0,0,0,0,0,1,0,0,1,1,1,0,0,3,3,2,1,1,1,1,1,1,1,0,1,1,0,0,0,0,1,1,0,1,1,0,0,2,2,1,1,0,0,0,0,0,0,0,0,0,0,0,1,1,3,2,1,1,1,1
P2216,1,1,0,0,0,0,0,0,0,0,1,1,2,5,3,2,5,1,1, , , , , , , , , , , , , , , , , ,3,3,2,2,1,3, ,2, ,0,0,0,0,0,0,1,0, , , , , , , , , , , , , , , , , , , , , , , , , , , , , , 
P2217,0,1,0,0,0,1,0,1,0,0,3,1,2,5,3,1,2,2,2,0,0,0,0,0,0,0,0,1, , , , , , , , ,3,3,2,2,2,3, , , ,0,0,0,0,0,0,1,0, , , , , , , , , , , , , , , , , , , , , , , , , , , , , , 
P2218,0,1,0,0,0,1,0,0,0,0,1,1,1,3,3,1,1,1,2,0,0,0,0,0,0,0,0,1, , , , , , , , ,3,3,2,2,2,2, , , ,0,0,0,0,0,0,1,0, , , , , , , , , , , , , , , , , , , , , , , , , , , , , , 
P2219,0,0,0,0,0,0,0,0,0,1,2,1,2,5,5,2,5,2,2,0,0,0,0,0,0,0,0,1, , , , , , , , ,5,5,3,3,3,3, , , ,0,0,0,0,0,0,1,0, , , , , , , , , , , , , , , , , , , , , , , , , , , , , , 
P2220,1,1,0,0,0,0,0,0,0,0,2,2,2,5,2,2,5,2,6, , , , , , , , , , , , , , , , , ,3,3,2,1,1,3,5,5, ,0,0,0,0,0,0,1,0, , , , , , , , , , , , , , , , , , , , , , , , , , , , , , 
P2221,0,1,0,0,0,0,0,0,0,0,2,2,2,3,3,2,5,3,1, , , , , , , , , , , , , , , , , ,3,3,2,2,2,2, , , ,0,0,0,0,0,0,1,0, , , , , , , , , , , , , , , , , , , , , , , , , , , , , , 
P2222,0,0,0,0,0,0,0,1,0,0,1,2,2,4,3,2,2,2,2,1,0,0,0,0,0,0,0,0,0,0,0,0,0,0,1,0,2,3,1,1,2,2,3, , ,0,0,0,0,0,0,0,1, , , , , , , , , , , , , , , , , , , , , , , , , , , , , , 
P2223,0,1,0,0,1,1,0,0,0,0,2,1,1,2,2,2,2,2,2,0,0,0,0,0,0,0,0,1, , , , , , , , ,3,3,2,1,1,2,2,2, ,0,0,0,0,0,1,0,0,0,1,0,0,0,0,0,2,2, , , , , , , , , , , , , , , , , , , , , 
P2224,0,0,0,1,0,0,0,1,0,0,5,1,3,4,4,3,4,2,2,1,0,0,0,0,0,0,0,0,1,1,1,0,0,0,0,0,2,2,1,1,2,1,1, ,2,0,0,1,1,0,1,0,0,1,0,1,1,0,0,0,2,2,0,0,1,0,0,1,0,0,0,1,0,0,0,2,3,2,4,2,3,3,1
P2225,0,0,0,0,0,0,0,0,0,1,5,5,5,5,5,5,5,5,1, , , , , , , , , , , , , , , , , ,5,5,3,2,2,2, , , ,0,0,0,0,0,0,1,0, , , , , , , , , , , , , , , , , , , , , , , , , , , , , , 
P2226,0,1,0,0,1,0,0,0,0,0,1,2,2,3,2,2,1,2,6, , , , , , , , , , , , , , , , , ,3,3,1,1,1,2,1,1, ,0,0,0,0,0,0,0,1, , , , , , , , , , , , , , , , , , , , , , , , , , , , , , 
P2227,0,1,0,0,1,0,0,0,0,0,2,2,2,2,2,2,3,2,2,0,0,0,0,0,0,0,0,1, , , , , , , , ,3,3,1,1,2,2,3, , ,0,0,0,0,0,0,1,0, , , , , , , , , , , , , , , , , , , , , , , , , , , , , , 
P2228,0,1,0,0,1,0,0,0,0,0,2,2,3,3,2,3,3,2,2,1,0,0,0,0,0,0,0,0,0,0,0,0,0,0,1,0,1,1,1,1,1,1,2,2,2,0,0,0,0,1,0,0,0,0,0,0,0,1,0,0,2,2, , , , , , , , , , , , , , , , , , , , , 
P2229,1,1,1,1,1,1,1,1,0,0,1,1,1,2,2,3,1,1,5,1,0,0,0,0,0,0,0,0,1,1,1,1,1,0,0,1,1,1,1,1,1,1,1,2,1,0,0,1,0,0,0,0,0,1,0,1,0,1,0,0,2,1,1,0,1,1,0,0,1,0,0,0,1,0,0,1,2,2,3,1,1,1,1
P2230,0,0,0,0,0,0,0,0,0,1,3,3,3,3,3,3,3,3,1, , , , , , , , , , , , , , , , , ,5,4,3,1,2,2,2, , ,0,0,0,0,0,0,0,1, , , , , , , , , , , , , , , , , , , , , , , , , , , , , , 
P2231,1,0,0,0,1,0,0,0,0,0,2,2,2,4,3,3,3,2,2,1,0,0,0,0,0,0,0,0,0,0,0,1,0,1,0,0,3,3,1,1,1,2,3,2, ,0,0,1,1,0,0,0,0,1,0,0,0,0,0,0,2,2, , , , , , , , , , , , , , , , , , , , , 
P2232,0,0,0,0,0,1,0,0,0,0,3,2,2,3,4,1,3,2,1, , , , , , , , , , , , , , , , , ,3,2,2,2,2,2, , , ,0,0,0,0,0,0,1,0, , , , , , , , , , , , , , , , , , , , , , , , , , , , , , 
P2233,0,0,0,0,1,0,0,0,0,0,4,4,4,4,3,4,2,2,2,1,0,0,0,0,0,0,0,0,0,0,0,1,0,0,0,0,2,2,1,1,2,2,3, , ,0,0,0,0,0,0,1,0, , , , , , , , , , , , , , , , , , , , , , , , , , , , , , 
P2234,0,1,0,0,0,1,1,0,0,0,4,3,3,2,2,3,2,2,3,1,0,0,0,0,0,0,0,0,0,0,0,0,0,0,0,1,3,3,2,1,2,2,1, , ,0,0,0,0,0,0,1,0, , , , , , , , , , , , , , , , , , , , , , , , , , , , , , 
P2235,0,0,0,0,1,0,0,1,0,0,3,2,1,1,2,1,2,1,2,0,0,0,0,0,0,0,0,1, , , , , , , , ,5,5,2,3,2,3, , , ,0,0,0,0,0,1,0,0,0,1,0,0,0,0,0,2,2, , , , , , , , , , , , , , , , , , , , , 
P2236,0,0,0,0,1,0,0,0,0,0,1,1,2,2,1,2,2,1,3,0,0,1,0,0,0,0,0,0,0,0,0,0,0,0,1,0,2,2,1,3,2,1, , ,1,1,0,0,0,0,0,0,0,1,0,0,0,0,0,0,2,3, , , , , , , , , , , , , , , , , , , , , 
P2237,0,0,0,0,1,1,0,1,0,0,2,1,1,4,3,1,3,2,4,1,0,0,1,1,0,0,0,0,1,0,0,1,0,1,0,0,3,3,1,1,1,2,2,2, ,1,1,0,1,0,1,0,0,0,1,0,1,1,0,0,2,2, , , , , , , , , , , , , , , , , , , , , 
P2238,0,0,0,0,0,0,0,0,0,1,2,5,4,4,2,2,3,2,3,1,0,0,0,0,0,0,0,0,0,0,0,0,0,1,0,0,2,4,2,2,1,2, ,2, ,0,0,0,0,0,0,1,0, , , , , , , , , , , , , , , , , , , , , , , , , , , , , , 
P2239,0,1,0,0,0,0,0,0,0,0,5,2,2,4,4,2,4,2,1, , , , , , , , , , , , , , , , , ,4,4,2,2,2,2, , , ,0,0,0,0,0,0,1,0, , , , , , , , , , , , , , , , , , , , , , , , , , , , , , 
P2240,1,1,0,0,0,0,0,0,0,0,2,2,2,4,4,2,3,2,6, , , , , , , , , , , , , , , , , ,5,5,3,2,2,2, , , ,0,0,0,0,0,0,1,0, , , , , , , , , , , , , , , , , , , , , , , , , , , , , , 
P2241,1,1,1,0,0,0,0,0,0,0,2,2,2,4,5,2,5,2,1, , , , , , , , , , , , , , , , , ,4,5,3,2,1,3, ,2, ,0,0,0,0,0,0,1,0, , , , , , , , , , , , , , , , , , , , , , , , , , , , , , 
P2242,0,1,0,0,0,1,0,0,0,0,2,1,1,2,3,1,2,1,2,1,0,0,0,0,0,0,0,0,0,0,0,0,0,0,0,1,3,3,3,2,1,2, ,2, ,0,0,0,0,0,0,1,0, , , , , , , , , , , , , , , , , , , , , , , , , , , , , , 
P2243,0,1,0,1,1,0,0,1,0,0,4,3,4,1,3,1,4,1,5,1,1,0,0,0,0,0,0,0,0,0,0,1,0,1,1,0,1,1,3,2,3,2, , , ,0,0,0,0,0,0,1,0, , , , , , , , , ,1,0,0,0,1,0,0,0,0,0,0,0,0,1,1,2,4,4,4,4,1
P2244,1,1,1,0,0,1,0,1,0,0,2,2,2,3,4,1,2,2,2,1,0,0,0,0,0,0,0,0,1,0,0,1,1,0,0,0,3,3,2,2,1,3, ,1, ,1,0,0,0,0,1,0,0,0,1,0,0,0,0,0,2,2,0,0,0,0,0,0,0,0,0,0,0,1,0,2,2,2,4,3,3,3,3
P2245,0,0,0,0,1,1,0,0,0,0,2,2,5,5,2,2,5,2,1, , , , , , , , , , , , , , , , , ,5,5,2,1,1,2,2,2, ,0,0,0,0,0,0,1,0, , , , , , , , , , , , , , , , , , , , , , , , , , , , , , 
P2246,0,0,1,0,0,0,0,0,0,0,2,2,2,4,2,2,2,2,1, , , , , , , , , , , , , , , , , ,2,2,2,1,2,2,2, , ,0,0,0,0,0,1,0,0,0,0,0,1,0,0,0,2,2, , , , , , , , , , , , , , , , , , , , , 
P2247,0,0,0,0,0,0,0,0,0,1,2,2,2,4,4,2,2,2,2,0,0,0,0,0,0,0,1,0,0,0,0,0,0,0,0,1,3,4,2,2,2,2, , , ,0,0,0,0,0,0,1,0, , , , , , , , , , , , , , , , , , , , , , , , , , , , , , 
P2248,0,0,0,0,0,1,0,0,0,0,2,2,1,2,3,2,3,2,2,0,0,0,0,0,0,0,0,1, , , , , , , , ,3,3,2,2,2,2, , , ,0,0,0,0,0,0,1,0, , , , , , , , , , , , , , , , , , , , , , , , , , , , , , 
P2249,0,0,0,0,0,1,0,0,0,0,3,2,2,4,4,2,2,4,1, , , , , , , , , , , , , , , , , ,2,2,3,2,1,2, ,2, ,0,0,1,0,0,0,0,0,0,0,0,0,1,0,0,2,2, , , , , , , , , , , , , , , , , , , , , 
P2250,1,0,0,0,0,0,0,0,0,0,1,2,2,3,4,2,3,2,1, , , , , , , , , , , , , , , , , ,4,3,2,2,1,2, ,2, ,0,0,0,0,0,0,1,0, , , , , , , , , , , , , , , , , , , , , , , , , , , , , , 
P2251,0,1,1,1,0,0,1,1,0,0,4,3,1,2,3,1,4,2,2,1,1,0,1,0,1,0,0,0,1,0,0,0,1,1,0,1,1,3,1,1,2,1,3, ,1,0,0,0,1,0,0,0,0,0,0,0,0,1,0,0,2,2,0,1,0,0,0,0,0,0,0,0,0,0,0,2,3,1,4,2,2,2,1
P2252,0,0,0,0,0,0,0,0,0,1,5,5,5,5,5,5,5,5,1, , , , , , , , , , , , , , , , , ,5,5,3,2,2,2, , , ,0,0,0,0,0,0,1,0, , , , , , , , , , , , , , , , , , , , , , , , , , , , , , 
P2253,0,0,0,0,1,1,0,0,0,0,2,1,2,4,2,2,3,2,1, , , , , , , , , , , , , , , , , ,3,3,2,1,1,2,1,2, ,0,0,0,0,0,1,0,0,1,0,0,0,0,0,0,2,2, , , , , , , , , , , , , , , , , , , , , 
P2254,0,1,0,1,0,1,0,1,0,0,5,2,2,2,3,2,2,5,5,1,1,0,0,0,0,0,0,0,0,1,0,1,1,1,0,0,3,3,2,1,1,3,2,2, ,1,1,1,0,1,1,0,0,1,1,1,0,0,0,0,2,2,0,0,0,0,0,0,0,0,0,0,0,1,0,1,2,2,4,3,3,3,3
P2255,1,0,0,0,1,0,0,0,0,0,2,2,2,3,2,2,2,2,1, , , , , , , , , , , , , , , , , ,5,5,3,1,1,2,2,2, ,0,0,0,0,0,0,1,0, , , , , , , , , , , , , , , , , , , , , , , , , , , , , , 
P2256,1,0,0,0,0,0,0,0,0,0,2,1,2,4,2,2,5,2,1, , , , , , , , , , , , , , , , , ,3,3,2,2,2,2, , , ,1,1,1,1,1,0,0,0,0,0,0,0,0,0,1,2,2, , , , , , , , , , , , , , , , , , , , , 
P2257,0,1,0,0,0,0,0,0,0,0,2,1,1,3,3,2,3,2,2,1,0,0,0,0,0,0,0,0,0,0,0,0,0,1,0,0,3,3,2,2,2,2, , , ,0,0,1,0,0,0,0,0,0,1,0,0,0,0,0,2,2, , , , , , , , , , , , , , , , , , , , , 
P2258,0,1,1,0,1,0,0,0,0,0,3,3,3,3,3,4,3,3,2,1,0,0,0,0,0,0,0,0,0,0,0,0,0,1,0,0,4,4,2,1,1,1,2,2,2,0,0,0,0,0,0,1,0, , , , , , , , , , , , , , , , , , , , , , , , , , , , , , 
P2259,1,1,0,1,0,0,0,1,0,0,2,1,1,2,2,1,2,1,3,0,0,1,0,0,0,1,0,0,1,1,0,1,0,0,0,0,3,3,2,1,1,2,1,1, ,0,1,0,0,1,1,0,0,1,1,0,1,0,0,0,2,2,1,0,0,0,0,0,1,0,1,1,0,0,0,3,3,1,4,2,2,3,1
P2260,0,0,0,0,1,1,0,1,0,0,1,2,3,3,2,1,3,2,2,1,1,0,0,0,0,0,0,0,1,0,0,0,0,1,1,0,3,5,1,1,1,2,2,2, ,0,1,0,0,0,1,0,0,1,0,0,1,1,0,0,2,2, , , , , , , , , , , , , , , , , , , , , 
P2261,0,0,0,1,0,1,0,0,0,0,2,1,2,2,1,3,1,1,3,1,0,0,0,0,0,0,0,0,1,0,0,0,0,0,0,0,3,3,1,1,1,1,2,2,2,0,0,0,1,1,0,0,0,1,0,1,0,0,0,0,2,2,0,0,0,0,0,0,0,0,0,0,0,0,1,1,1,2,3,3,3,2,1
P2262,1,1,1,0,1,0,0,1,0,0,4,2,2,2,2,1,1,2,3,1,0,0,0,0,0,0,0,0,0,0,0,0,0,0,0,1,2,2,1,1,1,2,2,2, ,0,0,0,0,0,1,0,0,0,1,0,1,1,0,0,2,2, , , , , , , , , , , , , , , , , , , , , 
P2263,1,0,0,1,0,1,1,0,0,0,1,2,2,2,2,3,2,2,2,0,0,0,1,0,0,0,0,0,0,0,0,0,0,1,1,1,2,2,1,1,1,2,2,2, ,0,0,0,0,1,0,0,0,1,0,0,1,1,0,0,2,2,0,0,0,0,0,0,0,0,0,1,1,0,0,2,3,1,4,1,1,2,2
P2264,0,1,1,0,1,1,1,1,0,0,3,1,1,1,1,1,1,1,4,1,0,0,0,0,0,0,0,0,1,0,0,0,1,0,0,0,1,1,2,1,1,1,2,2,2,0,1,1,0,0,0,0,0,1,1,0,0,1,0,0,2,2,1,0,0,0,1,0,0,0,0,0,0,0,0,1,1,2,4,4,3,3,1
P2265,0,0,0,1,0,0,0,1,0,0,1,1,2,2,4,1,2,2,3,1,0,0,0,0,0,0,0,0,0,0,1,0,0,0,0,0,3,3,1,2,1,3, ,2, ,0,0,0,1,0,0,0,0,1,0,0,0,0,0,0,2,2,1,0,0,0,0,1,0,0,0,0,0,0,0,2,5,2,4,4,2,3,3
P2266,0,1,0,0,1,0,0,1,0,0,3,2,3,1,4,1,2,1,3,0,0,0,0,0,1,1,0,0,1,0,1,0,0,0,0,0,1,2,1,1,2,1,1, ,2,1,0,0,0,0,0,0,0,1,0,0,1,0,0,0,1,2, , , , , , , , , , , , , , , , , , , , , 
P2267,1,1,1,0,1,1,0,1,0,0,2,1,3,2,1,1,2,2,2,1,0,0,0,0,0,0,0,0,0,0,0,1,0,0,0,0,3,3,2,2,1,1, ,2,2,0,0,0,0,1,0,0,0,0,0,1,0,0,0,0,2,1, , , , , , , , , , , , , , , , , , , , , 
P2268,1,0,0,0,0,0,0,0,0,0,1,1,2,4,3,2,3,2,2,0,0,0,1,0,0,0,0,0,0,0,0,0,0,0,1,0,1,1,1,1,1,1,1,1,2,1,0,0,0,0,0,0,0,0,0,0,1,0,0,0,3,2, , , , , , , , , , , , , , , , , , , , , 
P2269,1,0,0,0,0,1,0,1,0,0,1,2,2,4,4,2,3,1,3,1,0,0,1,0,0,0,0,0,0,0,0,1,1,0,0,1,2,3,1,2,1,2, ,1, ,1,1,0,0,0,1,0,0,1,1,0,0,1,0,0,2,2,1,1,1,0,1,1,1,1,0,0,0,0,0,2,3,1,4,2,2,3,1
P2270,1,0,1,0,0,1,1,0,0,0,2,2,3,2,1,1,1,3,2,1,0,1,0,0,0,0,0,0,0,0,0,0,0,1,1,1,2,1,1,1,2,1,1, ,1,1,1,0,1,0,0,0,0,0,0,1,0,1,0,0,2,2, , , , , , , , , , , , , , , , , , , , , 
P2271,1,1,1,0,0,1,1,1,0,0,2,2,2,4,3,2,2,3,2,0,0,0,0,0,0,0,0,1, , , , , , , , ,3,3,2,1,1,2,2,2, ,0,0,0,0,0,0,1,0, , , , , , , , , , , , , , , , , , , , , , , , , , , , , , 
P2272,0,1,0,0,1,0,0,0,0,0,4,2,5,4,3,3,2,4,2,1,0,0,0,0,0,0,0,0,0,0,0,0,0,0,0,1,5,5,3,1,2,3,2, , ,0,0,0,0,0,0,1,0, , , , , , , , , , , , , , , , , , , , , , , , , , , , , , 
P2273,1,1,1,0,1,1,1,1,0,0,1,2,1,2,2,1,1,1,3,1,1,0,0,0,0,0,0,0,0,1,0,1,0,0,0,0,1,1,1,1,1,1,1,1,1,1,1,1,0,1,0,0,0,1,1,0,0,1,0,0,2,2, , , , , , , , , , , , , , , , , , , , , 
P2274,1,1,0,0,1,1,0,1,0,0,2,1,1,3,2,2,3,2,3,1,0,0,0,0,0,0,0,0,0,0,0,1,0,0,0,1,3,3,1,1,1,2,1,1, ,0,0,0,0,0,0,1,0, , , , , , , , , , , , , , , , , , , , , , , , , , , , , , 
P2275,1,1,0,0,1,0,0,0,0,0,2,2,2,3,2,2,5,1,1, , , , , , , , , , , , , , , , , ,3,3,2,2,2,2, , , ,0,0,0,0,0,0,1,0, , , , , , , , , , , , , , , , , , , , , , , , , , , , , , 
P2276,0,1,1,0,1,1,0,1,0,0,2,2,2,3,2,2,5,2,1, , , , , , , , , , , , , , , , , ,3,3,2,1,1,2,3,2, ,0,0,0,0,0,0,1,0, , , , , , , , , , , , , , , , , , , , , , , , , , , , , , 
P2277,0,0,0,0,0,0,0,0,0,1,2,2,2,3,2,2,2,2,1, , , , , , , , , , , , , , , , , ,3,3,2,2,2,2, , , ,0,0,0,0,0,0,1,0, , , , , , , , , , , , , , , , , , , , , , , , , , , , , , 
P2278,0,1,1,0,0,1,0,0,0,0,3,2,2,5,3,1,5,2,2,0,0,0,0,0,0,0,0,1, , , , , , , , ,4,3,2,2,2,2, , , ,0,0,0,0,0,0,1,0, , , , , , , , , , , , , , , , , , , , , , , , , , , , , , 
P2279,0,0,0,0,0,0,0,0,0,1,2,3,2,3,3,3,4,2,1, , , , , , , , , , , , , , , , , ,3,4,2,2,2,2, , , ,1,0,1,0,0,0,0,0,0,1,0,0,0,0,0,2,2, , , , , , , , , , , , , , , , , , , , , 
P2280,1,1,1,0,1,0,1,0,0,0,1,1,1,1,1,1,1,1,2,1,0,0,1,0,0,0,0,0,1,1,0,1,0,1,0,0,1,1,2,1,1,2,1,1, ,0,1,1,1,1,0,0,0,1,0,0,0,0,0,0,2,2, , , , , , , , , , , , , , , , , , , , , 
P2281,0,1,0,1,1,1,0,1,0,0,1,1,3,2,2,1,2,2,3,1,0,0,0,0,0,0,0,0,0,0,0,1,0,1,0,1,2,2,1,1,1,2,4,1, ,0,1,0,0,0,0,0,0,0,0,1,1,1,0,0,2,1,1,0,0,0,0,0,0,1,0,0,0,0,0,1,1,3,3,4,2,1,3
P2282,0,0,1,0,0,0,0,0,0,0,1,2,1,2,3,4,1,1,3,0,0,0,0,0,0,1,0,0,0,0,1,0,0,0,0,0,3,3,1,1,2,1,2, ,2,0,0,0,0,0,0,0,1, , , , , , , , , , , , , , , , , , , , , , , , , , , , , , 
P2283,0,0,1,0,1,0,1,0,0,0,1,1,1,2,3,1,4,3,2,1,0,0,0,0,0,0,0,0,0,0,1,0,1,0,0,0,1,1,1,1,1,1,1,1,2,0,0,0,0,1,1,0,0,1,0,0,1,1,0,0,2,2,1,0,1,0,0,0,1,0,0,1,0,0,0,1,2,2,3,2,3,3,1
P2284,0,0,0,0,1,0,1,0,0,0,3,4,5,4,2,3,2,5,6, , , , , , , , , , , , , , , , , ,4,5,2,1,1,3,2,2, ,1,0,1,0,0,0,0,0,0,1,0,0,0,0,0,2,2, , , , , , , , , , , , , , , , , , , , , 
P2285,0,0,0,0,0,0,0,1,0,0,3,1,2,2,1,2,1,1,3,1,0,0,0,0,0,0,0,0,0,0,0,0,1,0,0,0,2,1,1,1,1,2,1,2, ,0,0,0,1,1,0,0,0,1,1,0,0,0,0,0,2,2,0,0,1,0,0,0,1,0,0,0,0,0,0,1,1,3,1,1,2,2,1
P2286,0,1,0,0,1,1,0,0,0,0,3,1,1,3,1,1,3,1,1, , , , , , , , , , , , , , , , , ,2,2,1,1,2,1,2, ,2,0,0,0,0,0,0,1,0, , , , , , , , , , , , , , , , , , , , , , , , , , , , , , 
P2287,0,1,0,0,0,0,0,0,0,0,2,2,2,5,3,2,5,2,1, , , , , , , , , , , , , , , , , ,3,3,3,1,2,3,2, , ,0,0,0,0,0,0,1,0, , , , , , , , , , , , , , , , , , , , , , , , , , , , , , 
P2288,1,1,0,0,1,0,0,1,0,0,1,1,1,1,1,1,1,1,5,1,1,0,1,0,0,0,0,0,0,1,1,1,1,1,1,0,1,1,1,1,1,1,1,1,1,0,1,0,1,1,0,0,0,1,0,1,1,1,0,0,2,2,1,1,0,0,0,0,1,0,0,0,1,0,0,1,1,3,3,3,2,1,3
P2289,0,0,0,0,1,1,0,1,0,0,3,2,2,2,2,2,5,1,4,1,0,0,0,0,0,0,0,0,1,1,0,1,0,1,0,0,3,3,1,1,1,3,2,2, ,1,0,1,0,1,1,0,0,0,1,0,0,0,0,0,2,2, , , , , , , , , , , , , , , , , , , , , 
P2290,0,0,0,0,0,0,0,0,0,1,1,1,2,2,3,2,4,1,1, , , , , , , , , , , , , , , , , ,3,1,2,2,1,2, ,2, ,0,0,0,0,0,0,1,0, , , , , , , , , , , , , , , , , , , , , , , , , , , , , , 
P2291,1,1,1,0,1,1,1,1,0,0,1,1,1,2,1,1,1,1,2,1,0,0,0,0,0,0,0,0,0,0,0,1,1,1,0,1,1,1,1,1,1,2,1,1, ,1,1,1,1,1,0,0,0,1,1,0,0,1,0,0,2,2,0,0,0,0,1,0,1,0,0,0,0,0,0,2,1,2,3,2,3,3,2
P2292,1,1,0,0,0,0,0,1,0,0,2,2,2,3,3,2,2,2,6, , , , , , , , , , , , , , , , , ,3,5,3,2,1,2, ,2, ,0,0,0,0,0,0,1,0, , , , , , , , , , , , , , , , , , , , , , , , , , , , , , 
P2293,0,0,0,0,1,1,0,1,0,0,1,1,1,5,1,1,5,1,1, , , , , , , , , , , , , , , , , ,5,1,2,2,2,2, , , ,0,0,0,0,0,0,1,0, , , , , , , , , , , , , , , , , , , , , , , , , , , , , , 
P2294,0,0,0,0,1,0,0,0,0,0,1,1,1,3,1,1,2,3,1, , , , , , , , , , , , , , , , , ,2,5,1,1,1,2,1,1, ,0,1,0,0,0,0,0,0,0,0,0,1,0,0,0,2,2, , , , , , , , , , , , , , , , , , , , , 
P2295,0,1,0,1,1,0,1,0,0,0,3,2,1,4,2,1,3,2,2,0,0,0,1,0,0,0,0,0,1,1,0,0,0,0,1,0,1,2,2,1,1,1,1,1,4,1,1,1,0,1,1,0,0,0,1,1,1,0,0,0,1,2,0,0,1,1,1,1,1,0,0,1,0,0,0,2,3,1,4,2,2,2,1
P2296,1,1,0,0,1,1,1,1,0,0,3,4,3,3,4,3,3,2,1, , , , , , , , , , , , , , , , , ,2,3,1,1,1,2,2,2, ,0,1,0,0,1,0,0,0,0,1,0,0,0,0,0,2,2, , , , , , , , , , , , , , , , , , , , , 
P2297,0,1,1,0,0,0,0,0,0,0,2,1,1,4,4,1,4,2,1, , , , , , , , , , , , , , , , , ,3,5,2,2,1,3, ,2, ,0,0,0,0,0,0,1,0, , , , , , , , , , , , , , , , , , , , , , , , , , , , , , 
P2298,1,0,1,1,1,0,0,1,0,0,3,3,2,2,4,2,5,1,4,1,0,0,0,0,0,0,0,0,0,1,0,0,1,1,0,0,2,2,3,1,1,1,2,2,2,1,1,1,0,0,0,0,0,0,1,1,0,0,0,0,2,2,1,0,0,1,1,0,0,0,0,0,0,0,0,1,1,2,4,3,3,3,3
P2299,0,0,0,0,1,0,0,1,0,0,3,2,2,1,3,3,2,2,3,1,0,0,1,0,0,0,0,0,0,0,1,0,1,0,0,0,1,1,1,1,1,2,2,2, ,1,0,1,0,0,0,0,0,0,1,0,0,0,0,0,2,2,0,0,1,0,0,0,1,0,0,0,0,0,0,2,2,2,4,2,3,3,2
P2300,0,1,0,0,1,0,0,0,0,0,2,2,2,5,2,2,2,2,1, , , , , , , , , , , , , , , , , ,3,3,1,1,1,3,1,1, ,0,0,0,0,0,0,1,0, , , , , , , , , , , , , , , , , , , , , , , , , , , , , , 
P2301,0,0,0,0,1,0,1,1,0,0,3,3,2,3,2,1,2,1,2,1,0,0,0,0,0,0,0,0,1,0,0,1,1,0,0,0,2,3,1,2,2,2, , , ,0,0,0,0,0,1,0,0,0,1,0,0,0,0,0,2,2,1,0,1,0,0,0,0,0,0,1,1,0,0,2,2,3,4,3,1,3,3
P2302,0,0,0,0,1,1,0,1,0,0,2,2,2,5,3,2,2,2,2,0,0,0,1,0,0,0,0,0,0,1,0,0,1,0,1,0,3,3,2,1,1,2,2,2, ,0,1,0,0,0,0,0,0,1,0,0,0,0,0,0,2,2,1,0,0,1,0,0,0,0,0,0,0,0,0,2,2,2,4,3,3,3,3
P2303,1,1,0,0,1,0,0,0,0,0,1,1,2,1,1,1,1,1,6, , , , , , , , , , , , , , , , , ,3,3,1,1,1,3,1,1, ,0,0,1,0,0,1,0,0,0,0,0,1,1,0,0,2,2, , , , , , , , , , , , , , , , , , , , , 
P2304,0,0,0,0,0,0,0,0,0,1,4,4,4,4,4,4,4,4,1, , , , , , , , , , , , , , , , , ,3,3,2,2,2,2, , , ,0,0,0,0,0,0,1,0, , , , , , , , , , , , , , , , , , , , , , , , , , , , , , 
P2305,1,1,1,0,0,0,0,0,0,0,2,2,2,4,4,2,4,2,1, , , , , , , , , , , , , , , , , ,4,3,2,2,1,2, ,2, ,1,1,1,1,1,0,0,0,1,0,0,0,0,0,0,2,2, , , , , , , , , , , , , , , , , , , , , 
P2306,0,0,0,0,0,0,0,0,0,1,4,4,4,3,2,4,3,2,1, , , , , , , , , , , , , , , , , ,2,3,1,1,2,2,2, , ,0,0,0,0,0,0,1,0, , , , , , , , , , , , , , , , , , , , , , , , , , , , , , 
P2307,1,1,1,0,1,0,0,1,0,0,2,2,2,2,2,2,2,2,4,1,0,0,0,0,0,0,0,0,0,0,0,0,1,0,0,0,1,1,2,1,1,1,1,1,1,0,0,1,1,0,1,0,0,0,0,1,0,0,0,0,2,2,1,1,0,0,1,0,0,0,0,0,0,0,0,1,1,2,3,1,1,1,1
P2308,0,1,0,0,0,1,0,1,0,0,2,2,2,2,2,2,3,2,3,1,0,0,0,0,0,0,0,0,0,0,0,0,1,0,0,0,2,2,1,1,2,1,2, ,2,0,0,1,0,0,0,0,0,0,0,0,0,1,0,0,2,2,1,0,0,0,1,0,1,0,0,0,0,0,0,3,3,3,4,3,3,3,3
P2309,1,1,1,1,1,1,1,0,0,0,2,2,2,2,2,2,2,2,4,1,1,0,0,0,1,0,0,0,0,0,0,0,1,1,1,0,2,2,1,1,1,1,1,1,1,1,0,0,0,0,1,0,0,1,0,0,1,0,0,0,2,2,0,1,0,1,1,1,0,0,0,0,0,0,0,2,2,1,1,2,1,2,2
P2310,1,1,1,0,0,0,0,1,0,0,2,2,2,2,4,2,3,3,2,0,0,0,0,0,0,0,0,1, , , , , , , , ,3,3,1,2,1,2, ,2, ,1,0,0,0,0,0,0,0,0,1,0,0,0,0,0,2,2, , , , , , , , , , , , , , , , , , , , , 
P2311,0,1,0,0,0,0,0,0,0,0,4,2,3,4,4,5,4,5,1, , , , , , , , , , , , , , , , , ,5,5,3,2,2,2, , , ,0,0,0,0,0,0,1,0, , , , , , , , , , , , , , , , , , , , , , , , , , , , , , 
P2312,0,0,0,0,1,1,0,0,0,0,4,5,3,5,3,4,3,3,2,0,0,0,0,0,0,0,0,1, , , , , , , , ,3,3,3,1,2,2,1, , ,0,0,0,0,0,0,1,0, , , , , , , , , , , , , , , , , , , , , , , , , , , , , , 
P2313,0,1,0,0,1,1,0,1,0,0,2,2,2,4,2,2,2,3,1, , , , , , , , , , , , , , , , , ,1,3,2,1,1,2,1,1, ,0,0,1,0,0,0,0,0,0,1,0,0,0,0,0,2,2, , , , , , , , , , , , , , , , , , , , , 
P2314,1,1,1,0,0,1,1,1,0,0,2,2,2,3,3,2,2,2,1, , , , , , , , , , , , , , , , , ,3,3,2,1,1,3,1,1, ,0,0,0,0,0,0,1,0, , , , , , , , , , , , , , , , , , , , , , , , , , , , , , 
P2315,1,1,1,0,1,1,0,1,0,0,2,2,2,3,4,2,3,2,2,0,0,0,1,0,0,0,0,0,0,0,0,0,0,0,1,0,2,2,2,1,1,3,2,2, ,0,0,0,0,0,1,0,0,1,1,0,0,0,0,0,2,2, , , , , , , , , , , , , , , , , , , , , 
P2316,0,0,0,0,1,0,0,0,0,0,3,1,1,4,1,4,1,2,4,0,0,0,0,0,0,0,0,1, , , , , , , , ,3,1,1,2,3,1, , ,4,0,0,0,0,0,0,1,0, , , , , , , , , , , , , , , , , , , , , , , , , , , , , , 
P2317,1,1,0,0,0,0,0,0,0,0,2,2,2,2,2,2,2,2,2,0,0,0,0,0,0,0,0,1, , , , , , , , ,5,5,3,1,1,1,1,1,1,0,1,0,0,0,0,0,0,0,0,0,1,0,0,0,2,2, , , , , , , , , , , , , , , , , , , , , 
P2318,0,1,1,0,0,0,0,0,0,0,2,3,3,2,2,3,2,2,4,1,0,0,0,0,0,0,0,0,0,0,0,1,0,0,0,0,3,3,1,1,1,2,2,1, ,0,1,0,0,0,0,0,0,0,1,0,0,0,0,0,2,2, , , , , , , , , , , , , , , , , , , , , 
P2319,0,1,0,0,1,0,0,0,0,0,3,2,2,4,3,2,5,2,6, , , , , , , , , , , , , , , , , ,5,5,3,1,3,3,2, , ,0,0,0,0,0,0,1,0, , , , , , , , , , , , , , , , , , , , , , , , , , , , , , 
P2320,1,1,0,0,0,1,1,0,0,0,1,1,1,2,2,1,1,1,4,1,1,0,0,0,0,0,0,0,0,0,1,0,1,1,0,0,4,1,2,1,1,1,2,2,2,0,0,0,0,1,0,0,0,1,1,1,0,1,0,0,2,2,1,1,1,0,1,1,1,0,0,0,0,0,0,1,1,2,4,3,3,3,1
P2321,1,1,0,1,1,1,1,1,0,0,1,2,2,1,2,2,1,1,3,1,1,0,0,0,0,0,0,0,0,0,0,1,1,1,1,0,1,1,2,1,1,1,1,1,1,1,0,0,0,0,1,0,0,1,0,1,0,1,0,0,2,2,1,1,1,0,1,1,0,0,0,1,1,0,0,2,2,2,1,2,3,2,1
P2322,1,1,0,0,1,1,1,1,0,0,3,3,3,3,3,3,3,3,3,1,1,0,0,0,0,1,0,0,0,0,0,0,0,1,0,0,2,2,1,1,1,1,2,1,1,0,0,0,0,1,0,0,0,1,0,0,0,1,0,0,2,2, , , , , , , , , , , , , , , , , , , , , 
P2323,1,1,1,0,0,0,0,0,0,0,1,1,1,5,3,1,2,2,2,0,0,0,0,0,0,0,0,1, , , , , , , , ,3,3,2,2,1,2, ,2, ,0,0,0,0,0,1,0,0,0,0,0,0,0,1,0,2,2, , , , , , , , , , , , , , , , , , , , , 
P2324,1,1,0,0,0,0,1,0,0,0,2,1,2,3,3,1,2,2,1, , , , , , , , , , , , , , , , , ,4,3,2,2,1,3, ,2, ,0,0,0,0,0,0,1,0, , , , , , , , , , , , , , , , , , , , , , , , , , , , , , 
P2325,0,1,0,0,1,1,0,0,0,0,2,2,3,5,2,2,5,1,6, , , , , , , , , , , , , , , , , ,1,1,2,1,2,2,2, , ,0,0,0,0,0,0,1,0, , , , , , , , , , , , , , , , , , , , , , , , , , , , , , 
P2326,1,1,0,1,1,1,1,1,0,0,3,2,2,5,1,2,1,2,3,1,0,0,1,0,0,0,0,0,0,1,0,0,1,0,1,1,5,3,2,1,1,1,1,1,2,1,0,0,0,1,0,0,0,1,1,0,1,0,0,0,2,2,0,0,0,0,0,1,0,0,0,0,0,1,0,2,2,2,1,3,3,2,1
P2327,0,0,1,1,1,0,0,1,0,0,2,3,2,1,4,3,1,2,2,1,1,1,0,0,0,0,0,0,0,0,0,0,1,0,0,1,2,2,1,1,2,2,2, , ,1,0,0,0,0,1,0,0,1,0,0,0,0,0,0,2,2,0,1,0,0,1,0,0,0,0,1,0,0,0,2,4,3,2,3,3,2,1
P2328,0,1,1,1,1,0,1,1,0,0,2,2,2,3,3,2,2,2,3,1,0,0,0,0,0,0,0,0,0,0,0,1,1,0,0,0,2,2,1,1,1,1,2,2,2,0,0,1,0,0,0,0,0,1,0,0,0,0,0,0,2,2,1,0,0,0,0,0,1,0,1,0,0,0,0,3,3,3,4,3,3,3,3
P2329,0,0,0,0,0,0,0,0,0,1,3,3,4,4,4,3,4,3,3,1,0,0,1,0,0,0,0,0,0,0,0,0,0,0,0,1,2,3,2,2,2,2, , , ,0,0,0,0,0,0,1,0, , , , , , , , , , , , , , , , , , , , , , , , , , , , , , 
P2330,0,0,0,1,1,1,1,1,0,0,2,3,3,1,1,3,1,1,2,1,0,0,0,0,0,0,0,0,0,0,1,1,1,0,0,0,3,1,1,1,2,1,1, ,1,0,0,0,1,0,0,0,0,1,0,1,1,0,0,0,2,2,0,0,1,0,1,0,0,0,0,1,1,0,0,1,1,3,2,3,1,3,1
P2331,0,1,0,0,0,0,0,0,0,0,4,2,2,4,4,2,3,3,1, , , , , , , , , , , , , , , , , ,3,3,2,2,2,2, , , ,0,0,0,0,0,0,1,0, , , , , , , , , , , , , , , , , , , , , , , , , , , , , , 
P2332,0,1,0,1,0,1,0,0,0,0,2,2,2,2,3,2,2,2,3,1,0,0,0,0,0,0,0,0,0,0,0,0,1,1,0,0,4,3,2,2,2,1, , ,2,0,0,0,0,0,1,0,0,0,0,1,0,1,0,0,2,2,0,0,1,0,1,0,0,0,0,1,0,0,0,2,2,2,4,3,3,3,1
P2333,0,1,1,0,0,1,0,0,0,0,2,1,1,2,2,2,2,3,2,0,0,0,0,0,0,1,0,0,0,0,0,0,1,0,0,0,2,1,1,1,1,1,1,2,1,1,0,0,0,0,0,0,0,0,0,0,0,1,0,0,2,1,0,1,1,0,0,1,0,0,0,0,0,0,0,2,1,2,2,3,3,3,3
P2334,0,1,0,0,1,1,0,1,0,0,2,2,2,3,4,2,3,2,2,1,0,0,0,0,0,0,0,0,1,0,0,0,0,1,0,0,5,5,1,1,1,3,2,2, ,0,1,0,0,0,0,0,0,0,1,0,0,0,0,0,2,2, , , , , , , , , , , , , , , , , , , , , 
P2335,0,1,0,0,1,0,0,1,0,0,1,2,1,3,2,3,2,2,1, , , , , , , , , , , , , , , , , ,3,1,2,1,1,1,2,2,2,1,0,0,0,0,0,0,0,0,1,0,0,0,0,0,1,2, , , , , , , , , , , , , , , , , , , , , 
P2336,0,1,0,0,0,0,0,0,0,0,2,2,2,3,4,2,5,5,1, , , , , , , , , , , , , , , , , ,4,3,2,2,1,2, ,2, ,0,0,0,0,0,0,1,0, , , , , , , , , , , , , , , , , , , , , , , , , , , , , , 
P2337,0,1,1,0,1,1,0,0,0,0,2,2,2,5,2,2,2,2,1, , , , , , , , , , , , , , , , , ,2,5,3,1,1,3,2,2, ,1,0,0,0,0,0,0,0,1,0,0,0,0,0,0,2,2, , , , , , , , , , , , , , , , , , , , , 
P2338,0,1,0,0,1,1,0,1,0,0,1,1,3,2,2,1,3,1,3,1,1,0,0,0,0,0,0,0,1,1,0,0,1,0,1,0,2,2,2,1,1,2,1,1, ,1,0,1,0,0,1,0,0,1,0,0,1,0,0,0,2,2,1,0,0,0,1,0,0,0,0,0,1,0,0,2,2,2,4,2,1,1,1
P2339,0,0,0,0,0,0,0,0,0,1,3,3,3,3,3,3,5,3,4,1,0,0,0,0,0,0,0,0,0,0,0,0,1,0,0,0,3,4,1,1,2,2,3, , ,0,0,0,0,1,0,0,0,1,0,0,0,0,0,0,2,2,0,1,1,0,1,0,0,0,0,0,0,0,0,3,3,3,4,3,3,3,1
P2340,0,0,0,1,0,0,0,0,0,0,2,2,2,2,2,2,1,2,2,0,1,0,0,0,0,0,0,0,1,1,0,0,0,0,0,0,3,2,2,1,1,2,2,2, ,0,0,1,0,0,1,0,0,1,0,0,0,0,0,0,2,2,1,0,0,0,0,0,0,1,0,0,0,0,0,2,2,1,1,2,2,3,3
P2341,1,1,0,0,0,0,0,0,0,0,2,2,2,3,3,2,3,3,1, , , , , , , , , , , , , , , , , ,5,5,3,2,1,2, ,2, ,0,0,0,0,0,0,1,0, , , , , , , , , , , , , , , , , , , , , , , , , , , , , , 
P2342,0,0,0,0,1,0,0,0,0,0,3,3,3,3,2,4,3,3,1, , , , , , , , , , , , , , , , , ,1,3,2,3,3,3, , , ,0,1,0,0,0,0,0,0,0,0,0,1,0,0,0,2,2, , , , , , , , , , , , , , , , , , , , , 
P2343,0,0,1,0,0,1,0,1,0,0,2,2,2,4,4,2,3,2,2,0,0,0,0,0,0,0,0,1, , , , , , , , ,5,3,3,2,1,2, ,2, ,0,0,0,0,0,0,1,0, , , , , , , , , , , , , , , , , , , , , , , , , , , , , , 
P2344,0,1,0,0,1,1,0,0,0,0,2,2,2,5,2,2,5,2,1, , , , , , , , , , , , , , , , , ,5,5,1,1,3,2,2, , ,0,0,0,0,0,0,1,0, , , , , , , , , , , , , , , , , , , , , , , , , , , , , , 
P2345,0,0,0,0,1,0,0,0,0,0,2,2,2,3,5,2,2,5,2,0,0,0,0,0,0,0,0,1, , , , , , , , ,1,4,2,1,1,2,1,2, ,1,0,0,0,0,0,0,0,0,1,0,0,0,0,0,2,2, , , , , , , , , , , , , , , , , , , , , 
P2346,1,1,1,0,1,1,0,1,0,0,2,2,2,3,3,2,2,2,2,0,0,0,0,0,0,0,0,1, , , , , , , , ,3,3,2,1,1,2,1,1, ,1,1,0,1,0,0,0,0,1,1,0,0,1,0,0,2,2, , , , , , , , , , , , , , , , , , , , , 
P2347,0,0,0,1,1,0,0,1,0,0,1,1,2,2,2,2,2,2,2,1,0,0,0,0,0,0,0,0,1,0,0,0,0,0,0,0,2,2,1,1,2,2,2, , ,0,0,1,0,0,0,0,0,0,1,0,0,0,0,0,2,2,0,0,0,0,1,0,0,0,0,0,0,0,0,2,2,2,4,3,3,3,3
P2348,1,0,1,0,0,1,0,1,0,0,2,2,2,3,3,2,2,3,2,0,0,0,0,0,0,0,0,1, , , , , , , , ,4,3,2,2,2,2, , , ,0,0,0,0,0,0,1,0, , , , , , , , , , , , , , , , , , , , , , , , , , , , , , 
P2349,1,0,0,0,0,0,0,0,0,0,2,5,2,5,5,2,5,5,1, , , , , , , , , , , , , , , , , ,4,3,3,2,1,2, ,5, ,0,0,0,0,0,0,1,0, , , , , , , , , , , , , , , , , , , , , , , , , , , , , , 
P2350,0,1,0,0,0,0,0,0,0,0,1,1,1,1,1,1,1,1,2,0,0,1,0,0,0,1,0,0,0,1,0,0,0,0,0,0,2,2,1,1,1,1,2,1,1,0,0,0,1,0,0,0,0,0,0,1,0,0,0,0,2,2, , , , , , , , , , , , , , , , , , , , , 
P2351,1,1,0,0,0,0,0,0,0,0,2,2,2,3,4,3,4,3,2,0,0,0,0,0,0,0,0,1, , , , , , , , ,3,3,2,2,1,3, ,2, ,0,0,0,0,0,0,1,0, , , , , , , , , , , , , , , , , , , , , , , , , , , , , , 
P2352,1,1,0,0,0,0,0,0,0,0,2,2,2,5,4,2,4,2,1, , , , , , , , , , , , , , , , , ,4,5,2,2,2,3, , , ,1,0,0,0,0,0,0,0,0,1,0,0,0,0,0,2,2, , , , , , , , , , , , , , , , , , , , , 
P2353,0,0,0,0,1,0,0,0,0,0,5,4,2,2,2,2,2,2,6, , , , , , , , , , , , , , , , , ,5,4,2,2,2,2, , , ,0,0,0,0,0,0,0,1, , , , , , , , , , , , , , , , , , , , , , , , , , , , , , 
P2354,0,0,0,0,0,1,0,0,0,0,3,2,5,5,5,5,5,3,5,0,0,0,0,1,0,0,0,0,0,0,0,0,1,0,0,0,2,4,1,1,3,1,4, ,2,0,0,1,0,0,0,0,0,0,0,1,0,1,0,0,2,1,1,0,0,0,1,1,0,0,0,0,0,0,0,3,2,1,3,1,2,3,2
P2355,0,1,0,0,1,1,0,0,0,0,2,2,2,3,3,2,2,3,2,1,0,0,0,0,0,0,0,0,1,1,0,1,0,0,0,0,2,3,1,1,1,3,1,1, ,1,0,0,0,0,0,0,0,0,1,0,0,0,0,0,2,2, , , , , , , , , , , , , , , , , , , , , 
P2356,0,1,0,0,0,0,0,0,0,0,3,2,2,5,2,1,5,2,1, , , , , , , , , , , , , , , , , ,3,3,2,2,2,2, , , ,0,0,0,0,0,0,1,0, , , , , , , , , , , , , , , , , , , , , , , , , , , , , , 
P2357,0,0,0,0,0,1,0,0,0,0,3,2,2,2,2,2,3,1,2,1,0,0,0,0,0,0,0,0,0,0,0,1,0,0,0,0,3,1,3,2,2,1, , ,2,0,0,0,1,0,0,0,0,0,0,0,1,0,0,0,2,2, , , , , , , , , , , , , , , , , , , , , 
P2358,1,0,0,0,0,1,0,0,0,0,1,2,3,3,3,2,2,2,3,1,0,0,0,0,0,0,0,0,0,0,0,1,0,0,0,0,3,1,1,1,1,2,1,1, ,0,0,1,0,0,1,0,0,0,1,0,0,0,0,0,2,2, , , , , , , , , , , , , , , , , , , , , 
P2359,0,0,0,0,1,0,0,0,1,0,2,2,2,3,3,2,3,3,4,0,0,0,0,0,0,0,1,0,0,0,0,1,0,0,0,0,3,3,3,1,1,2,1,2, ,0,0,0,0,0,1,0,0,0,0,0,1,0,1,0,2,3, , , , , , , , , , , , , , , , , , , , , 
P2360,1,0,0,0,0,0,0,1,0,0,2,2,3,3,3,1,2,2,2,1,0,0,0,0,0,0,0,0,0,0,0,0,1,0,0,0,3,3,2,1,1,2,2,2, ,0,0,0,0,0,1,0,0,0,0,0,0,1,0,0,2,2,0,0,0,0,0,0,0,0,0,0,0,0,1,5,2,4,4,3,3,3,3
P2361,0,0,0,0,0,0,0,0,0,1,3,2,2,5,3,2,3,2,1, , , , , , , , , , , , , , , , , ,5,4,2,2,2,2, , , ,0,0,0,0,0,0,1,0, , , , , , , , , , , , , , , , , , , , , , , , , , , , , , 
P2362,1,1,1,1,1,1,0,1,0,0,2,2,2,2,3,2,2,2,3,1,0,0,0,0,0,0,0,0,0,1,0,0,1,0,0,0,3,3,2,1,1,1,2,2,2,0,0,1,0,0,0,0,0,1,0,0,0,0,0,0,2,2,1,0,1,0,0,0,0,0,0,1,0,0,0,2,2,2,4,3,3,3,1
P2363,0,0,0,0,1,0,0,0,0,0,2,2,2,1,2,1,2,2,1, , , , , , , , , , , , , , , , , ,2,2,3,1,2,2,2, , ,0,0,0,0,0,0,0,1, , , , , , , , , , , , , , , , , , , , , , , , , , , , , , 
P2364,0,0,1,0,0,0,0,0,0,0,4,4,4,4,4,4,4,4,1, , , , , , , , , , , , , , , , , ,3,3,2,2,2,2, , , ,0,0,0,0,0,0,1,0, , , , , , , , , , , , , , , , , , , , , , , , , , , , , , 
P2365,0,0,0,1,0,0,0,0,0,0,2,2,2,2,3,2,3,2,3,1,0,0,0,0,0,0,0,0,0,0,1,1,0,0,0,0,1,1,2,2,1,2, ,1, ,0,0,0,1,0,0,0,0,1,0,0,0,0,0,0,2,2,1,0,0,0,0,0,0,0,0,0,0,0,0,2,2,2,4,2,2,2,1
P2366,0,0,1,0,0,0,0,0,0,0,1,1,1,2,1,1,2,1,2,0,0,0,0,1,0,0,0,0,0,1,0,0,0,0,0,0,1,1,2,1,2,2,2, , ,0,0,1,0,0,0,0,0,0,1,0,0,0,0,0,2,2, , , , , , , , , , , , , , , , , , , , , 
P2367,1,1,0,0,0,1,1,1,0,0,2,2,2,3,4,2,2,1,2,1,0,0,0,0,0,0,0,0,0,0,0,1,1,0,0,0,2,3,2,1,1,2,2,2, ,1,0,0,0,0,0,0,0,1,0,0,0,0,0,0,2,2,0,0,1,0,0,0,0,0,0,0,0,0,0,3,3,2,4,3,3,3,3
P2368,1,1,0,0,0,1,0,0,0,0,1,1,1,5,3,1,5,1,2,0,0,0,0,0,0,0,0,1, , , , , , , , ,3,3,2,2,1,2, ,2, ,0,0,0,0,0,0,1,0, , , , , , , , , , , , , , , , , , , , , , , , , , , , , , 
P2369,0,0,0,0,1,1,0,0,0,0,3,2,2,4,3,2,2,3,1, , , , , , , , , , , , , , , , , ,3,3,2,1,2,2,2, , ,0,0,1,0,0,0,0,0,0,1,0,0,0,0,0,2,2, , , , , , , , , , , , , , , , , , , , , 
P2370,0,0,0,0,0,1,0,0,0,0,4,4,3,3,3,2,3,2,2,1,0,0,0,0,0,0,0,0,0,0,0,0,0,1,0,0,3,3,1,1,2,3,2, , ,0,1,0,0,0,0,0,0,0,1,0,0,0,0,0,1,2, , , , , , , , , , , , , , , , , , , , , 
P2371,0,1,1,0,1,1,1,1,0,0,2,1,1,2,1,1,1,1,3,0,0,0,0,0,0,0,0,1, , , , , , , , ,3,3,1,1,1,2,1,1, ,0,0,0,0,1,0,0,0,0,0,0,1,0,0,0,2,2, , , , , , , , , , , , , , , , , , , , , 
P2372,1,0,1,0,0,1,0,1,0,0,1,1,1,2,3,1,5,1,2,0,0,0,1,0,0,0,0,0,0,0,0,0,0,0,0,1,3,3,2,2,1,2, ,2, ,1,0,0,0,0,0,0,0,1,0,0,0,0,0,0,2,2, , , , , , , , , , , , , , , , , , , , , 
P2373,0,1,0,0,0,0,0,0,0,0,2,1,1,5,4,2,5,2,5,0,0,0,0,0,0,0,0,1, , , , , , , , ,5,3,2,1,1,2,2,2, ,0,0,0,0,0,0,1,0, , , , , , , , , , , , , , , , , , , , , , , , , , , , , , 
P2374,1,1,1,0,0,0,0,0,0,0,2,2,2,5,2,2,2,2,3,0,0,0,0,0,0,0,1,0,0,0,0,0,0,0,0,1,2,2,1,1,1,2,2,2, ,0,0,0,0,0,1,0,0,0,1,0,0,0,0,0,2,2, , , , , , , , , , , , , , , , , , , , , 
P2375,0,0,0,0,1,0,0,1,0,0,3,2,2,4,3,2,3,1,2,0,0,0,0,0,0,0,0,1, , , , , , , , ,3,3,2,1,1,2,2,2, ,0,0,1,0,0,1,0,0,0,1,0,0,0,0,0,2,2, , , , , , , , , , , , , , , , , , , , , 
P2376,1,1,1,1,1,1,0,1,0,0,2,2,1,3,4,1,2,2,2,1,0,0,1,0,0,0,0,0,0,0,0,1,1,0,0,0,2,3,1,1,1,1,2,1,2,0,0,0,0,0,1,0,0,0,1,1,0,1,0,0,2,2,0,0,0,0,0,0,0,0,1,0,0,0,0,3,2,1,4,3,3,3,3
P2377,0,1,0,0,0,0,0,1,0,0,3,3,2,5,3,2,2,2,2,0,0,0,0,0,0,0,0,1, , , , , , , , ,5,3,2,1,2,2,2, , ,0,0,0,0,0,0,1,0, , , , , , , , , , , , , , , , , , , , , , , , , , , , , , 
P2378,0,0,0,0,0,0,0,0,0,1,5,2,2,5,2,2,5,2,2,1,0,0,0,0,0,0,0,0,0,0,0,0,0,0,0,1,3,4,3,2,2,2, , , ,0,0,0,0,0,0,1,0, , , , , , , , , , , , , , , , , , , , , , , , , , , , , , 
P2379,0,0,0,0,0,0,0,0,0,1,2,1,2,4,4,2,3,3,2,0,0,0,0,0,0,0,0,1, , , , , , , , ,4,3,2,2,2,2, , , ,0,0,0,0,0,0,1,0, , , , , , , , , , , , , , , , , , , , , , , , , , , , , , 
P2380,0,1,0,0,0,0,0,1,0,0,2,1,1,3,3,1,2,2,2,0,0,0,0,0,0,0,0,1, , , , , , , , ,5,3,2,1,2,2,2, , ,0,0,0,0,0,1,0,0,0,1,0,0,0,0,0,2,2, , , , , , , , , , , , , , , , , , , , , 
P2381,1,1,1,0,1,1,0,0,0,0,2,2,2,3,3,2,5,2,2,0,0,0,0,0,0,0,0,1, , , , , , , , ,4,2,2,1,1,2,2,2, ,0,0,0,0,0,0,1,0, , , , , , , , , , , , , , , , , , , , , , , , , , , , , , 
P2382,1,1,1,0,0,0,0,1,0,0,2,2,2,3,3,2,2,2,2,0,0,0,0,0,0,0,0,1, , , , , , , , ,3,3,1,1,1,3,2,2, ,0,0,0,0,0,0,1,0, , , , , , , , , , , , , , , , , , , , , , , , , , , , , , 
P2383,0,0,0,1,0,0,0,1,0,0,1,4,2,3,2,5,4,4,2,1,0,0,0,0,0,0,0,0,0,0,0,0,1,0,0,1,2,2,2,1,2,2,1, , ,0,0,0,1,0,1,0,0,0,1,0,0,0,0,0,2,2,0,1,0,0,1,0,0,0,0,0,1,0,0,3,2,3,3,2,2,2,2
P2384,0,1,1,0,1,0,0,1,0,0,4,2,2,3,1,2,2,1,1, , , , , , , , , , , , , , , , , ,2,1,1,1,1,3,2,2, ,0,0,1,0,1,0,0,0,0,0,0,1,1,0,0,2,2, , , , , , , , , , , , , , , , , , , , , 
P2385,1,1,1,0,0,0,0,1,0,0,2,2,2,5,5,3,5,2,6, , , , , , , , , , , , , , , , , ,3,3,2,3,1,3, ,2, ,0,0,0,0,0,0,1,0, , , , , , , , , , , , , , , , , , , , , , , , , , , , , , 
P2386,0,1,0,0,1,1,0,1,0,0,2,1,1,2,2,1,2,1,2,1,0,0,0,0,0,0,0,0,0,1,0,1,0,0,0,0,1,1,2,1,1,2,2,2, ,0,1,1,0,0,0,0,0,1,1,0,0,0,0,0,2,2, , , , , , , , , , , , , , , , , , , , , 
P2387,1,0,0,0,0,0,0,0,0,0,2,2,2,4,4,2,5,3,2,1,0,0,0,0,0,0,0,0,0,0,0,0,0,0,0,1,4,3,2,2,1,2, ,2, ,0,0,0,0,0,0,1,0, , , , , , , , , , , , , , , , , , , , , , , , , , , , , , 
P2388,0,0,0,0,1,0,0,0,0,0,4,2,3,2,4,4,4,3,4,0,0,0,1,0,0,0,0,0,0,0,0,0,0,0,1,0,3,3,1,2,2,2, , , ,0,0,1,0,0,0,0,0,0,0,0,0,1,0,0,2,2, , , , , , , , , , , , , , , , , , , , , 
P2389,0,0,0,0,0,0,0,0,0,1,1,1,5,4,4,4,4,1,1, , , , , , , , , , , , , , , , , ,2,4,1,2,1,2, ,2, ,0,0,0,0,0,0,1,0, , , , , , , , , , , , , , , , , , , , , , , , , , , , , , 
P2390,0,1,0,0,0,0,0,0,0,0,2,2,2,4,3,3,2,2,1, , , , , , , , , , , , , , , , , ,2,2,2,2,1,2, ,2, ,0,0,1,0,0,0,0,0,0,0,0,0,1,0,0,2,2, , , , , , , , , , , , , , , , , , , , , 
P2391,1,0,0,1,1,0,1,1,0,0,2,2,1,2,1,2,2,1,3,1,1,0,1,0,0,0,0,0,1,1,0,1,0,1,1,0,3,2,2,2,2,2, , , ,0,1,0,0,0,1,0,0,0,0,0,0,1,0,0,3,1,1,1,0,0,0,1,0,0,0,0,0,0,0,1,2,3,3,1,1,3,1
P2392,0,0,0,0,0,1,0,1,0,0,2,2,2,2,2,2,2,2,2,1,0,0,0,0,0,0,0,0,1,0,0,0,0,0,0,0,3,3,2,2,2,2, , , ,0,1,0,0,0,0,0,0,0,0,0,0,1,0,0,3,2, , , , , , , , , , , , , , , , , , , , , 
P2393,0,0,0,0,1,1,0,1,0,0,5,5,5,5,5,5,5,5,2,1,0,0,0,0,0,0,0,0,0,0,0,1,0,0,0,0,5,5,1,1,2,1,5, ,5,1,1,0,0,0,0,0,0,0,1,0,0,0,0,0,2,2, , , , , , , , , , , , , , , , , , , , , 
P2394,0,0,0,0,0,0,0,0,0,1,2,2,2,4,3,3,2,2,1, , , , , , , , , , , , , , , , , ,5,4,3,2,2,2, , , ,0,0,0,0,0,0,1,0, , , , , , , , , , , , , , , , , , , , , , , , , , , , , , 
P2395,0,1,0,0,1,0,0,0,0,0,3,2,2,2,2,2,2,2,2,0,1,0,0,1,0,0,0,0,1,1,0,0,0,0,0,0,3,3,2,1,1,1,2,2,2,0,0,0,0,0,0,1,0, , , , , , , , , , , , , , , , , , , , , , , , , , , , , , 
P2396,1,1,0,0,1,0,1,1,0,0,2,2,2,3,3,2,2,2,3,1,0,0,1,0,0,0,0,0,0,0,0,0,1,0,0,0,1,1,1,1,1,1,1,1,1,1,0,1,1,0,0,0,0,0,1,1,1,1,0,0,2,2,0,1,1,0,0,0,0,0,0,0,0,0,0,2,2,2,1,3,1,3,1
P2397,1,0,0,0,0,1,0,1,0,0,2,2,2,3,3,2,2,2,2,0,0,0,0,0,0,0,0,1, , , , , , , , ,5,5,1,1,1,2,2,2, ,1,0,1,0,0,1,0,0,0,1,0,0,0,0,0,2,2, , , , , , , , , , , , , , , , , , , , , 
P2398,0,1,1,0,1,1,0,0,0,0,2,2,2,4,2,2,5,2,1, , , , , , , , , , , , , , , , , ,5,3,2,1,2,2,1, , ,1,1,1,0,0,0,0,0,1,0,0,0,0,0,0,2,2, , , , , , , , , , , , , , , , , , , , , 
P2399,0,1,1,0,1,0,1,1,0,0,1,1,1,1,1,1,2,1,5,1,1,0,1,0,0,0,0,0,0,0,1,0,1,1,0,0,2,5,1,1,1,1,1,1,1,1,0,0,0,1,1,0,0,1,1,0,1,0,0,0,2,2,0,0,1,0,0,0,0,0,1,0,0,0,0,1,1,2,3,2,2,2,1
P2400,0,0,0,0,1,0,0,0,0,0,2,2,2,1,3,2,2,2,2,1,0,0,1,0,1,0,0,0,0,0,0,1,0,0,0,1,2,2,1,1,1,1,4,1,1,0,0,0,0,1,0,0,0,1,0,0,0,0,0,0,2,2, , , , , , , , , , , , , , , , , , , , , 
P2401,0,0,0,0,0,0,0,0,0,1,2,2,5,4,2,2,5,2,1, , , , , , , , , , , , , , , , , ,5,4,2,2,2,2, , , ,0,1,0,0,0,0,0,0,0,1,0,0,0,0,0,3,2, , , , , , , , , , , , , , , , , , , , , 
P2402,0,1,0,0,1,0,1,1,0,0,2,4,3,2,3,3,3,2,3,1,1,0,1,1,0,0,0,0,0,1,0,1,0,0,1,0,1,1,1,1,1,1,3,3,3,1,0,1,0,1,0,0,0,1,1,0,0,0,0,0,2,2, , , , , , , , , , , , , , , , , , , , , 
P2403,0,1,0,0,1,1,0,1,0,0,3,2,2,3,3,3,3,2,1, , , , , , , , , , , , , , , , , ,3,3,1,1,1,2,2,3, ,0,1,1,0,0,0,0,0,1,1,0,0,1,0,0,2,2, , , , , , , , , , , , , , , , , , , , , 
P2404,1,1,1,1,1,0,0,0,0,0,1,2,1,1,1,1,2,2,4,1,1,0,0,0,0,1,0,0,1,1,0,1,0,0,0,1,2,2,1,1,1,1,1,1,2,0,1,0,0,0,0,0,0,1,0,0,0,0,0,0,2,2,0,0,0,0,1,0,0,0,0,1,1,0,0,2,1,3,3,3,2,3,3
P2405,0,1,0,0,0,1,1,1,0,0,2,2,1,1,1,1,2,1,3,0,0,1,1,0,0,0,0,0,0,1,0,1,1,0,1,0,3,1,1,1,1,1,1,1,1,0,1,0,1,0,1,0,0,1,1,0,1,0,0,0,2,2,1,0,1,0,0,0,0,1,1,0,1,0,0,1,2,1,2,1,1,1,1
P2406,0,0,0,0,1,0,0,0,0,0,4,4,3,2,2,3,2,2,2,0,0,0,0,0,0,0,0,1, , , , , , , , ,5,5,3,1,2,3,1, , ,0,0,0,0,0,0,1,0, , , , , , , , , , , , , , , , , , , , , , , , , , , , , , 
P2407,0,1,0,0,0,0,0,0,0,0,3,2,2,4,4,2,3,4,1, , , , , , , , , , , , , , , , , ,5,5,2,2,1,2, ,2, ,0,0,0,0,0,0,1,0, , , , , , , , , , , , , , , , , , , , , , , , , , , , , , 
P2408,1,0,0,0,1,1,0,0,0,0,1,1,2,2,2,1,2,2,3,1,0,0,0,0,0,0,0,0,0,0,1,0,0,0,0,0,2,2,1,1,1,1,1,1,1,1,0,1,0,0,0,0,0,0,0,1,1,1,0,0,2,2, , , , , , , , , , , , , , , , , , , , , 
P2409,0,0,0,0,1,0,0,0,0,0,3,3,4,2,1,1,2,3,2,1,0,0,0,0,0,0,0,0,0,0,0,0,0,1,0,0,1,2,2,2,2,2, , , ,0,0,1,0,0,0,0,0,1,0,0,0,0,0,0,2,2, , , , , , , , , , , , , , , , , , , , , 
P2410,0,0,1,0,0,0,1,0,0,0,2,3,2,4,4,2,3,4,2,0,0,0,0,0,0,0,0,1, , , , , , , , ,1,4,1,2,2,2, , , ,0,0,0,0,0,0,1,0, , , , , , , , , , , , , , , , , , , , , , , , , , , , , , 
P2411,0,0,0,0,0,0,0,1,0,0,2,2,1,2,2,2,1,2,3,1,1,0,1,0,0,0,0,0,0,0,0,0,1,1,1,0,3,2,1,1,1,2,2,4, ,0,1,1,0,0,0,0,0,0,0,1,0,1,0,0,2,2,0,0,0,1,0,0,1,0,0,0,1,0,0,2,2,2,1,3,3,2,2
P2412,0,1,0,0,0,0,0,0,0,0,2,2,2,4,3,2,2,2,1, , , , , , , , , , , , , , , , , ,3,3,2,2,2,2, , , ,0,0,0,0,0,1,0,0,0,0,0,0,1,0,0,2,2, , , , , , , , , , , , , , , , , , , , , 
P2413,0,1,0,0,0,0,0,0,0,0,2,2,2,3,4,2,5,3,1, , , , , , , , , , , , , , , , , ,4,3,2,2,2,2, , , ,0,0,0,0,0,0,1,0, , , , , , , , , , , , , , , , , , , , , , , , , , , , , , 
P2414,0,0,0,0,0,1,0,0,0,0,3,2,5,5,4,2,5,3,1, , , , , , , , , , , , , , , , , ,5,5,3,2,2,2, , , ,0,0,0,0,0,0,1,0, , , , , , , , , , , , , , , , , , , , , , , , , , , , , , 
P2415,1,1,0,0,0,1,0,0,0,0,1,1,1,4,4,2,3,2,2,0,0,0,0,0,0,0,0,1, , , , , , , , ,4,3,2,2,1,3, ,2, ,0,0,0,0,0,0,1,0, , , , , , , , , , , , , , , , , , , , , , , , , , , , , , 
P2416,1,0,0,0,0,1,1,0,0,0,3,2,1,2,2,2,1,2,5,1,0,0,0,0,0,0,0,0,0,0,0,1,0,0,0,1,1,1,1,1,1,1,2,2,2,0,0,0,0,0,1,0,0,1,0,0,0,1,0,0,2,2, , , , , , , , , , , , , , , , , , , , , 
P2417,0,0,0,0,1,0,0,0,0,0,3,3,3,3,3,2,3,2,2,1,0,0,0,0,0,0,0,0,0,0,0,1,0,0,0,0,3,2,1,2,2,2, , , ,0,0,1,0,0,0,0,0,0,1,0,0,0,0,0,2,2, , , , , , , , , , , , , , , , , , , , , 
P2418,1,1,0,0,1,1,0,1,0,0,2,2,2,2,2,2,2,2,2,0,0,0,0,0,0,0,0,1, , , , , , , , ,3,4,2,1,1,2,1,2, ,0,0,0,0,0,1,0,0,0,1,0,1,1,0,0,2,2, , , , , , , , , , , , , , , , , , , , , 
P2419,1,1,1,0,0,0,0,0,0,0,1,1,1,1,1,1,1,1,5,0,0,1,1,0,0,0,0,0,0,0,1,1,0,0,0,1,3,3,1,1,1,1,1,1,1,0,1,1,1,0,0,0,0,1,1,1,1,1,0,0,2,2, , , , , , , , , , , , , , , , , , , , , 
P2420,0,0,0,0,0,0,0,1,0,0,3,3,2,2,2,1,2,1,3,0,0,0,1,0,0,0,0,0,0,0,0,0,1,0,0,0,4,3,1,1,2,1,3, ,3,1,0,0,1,0,0,0,0,1,0,0,0,0,0,0,1,2,1,0,0,0,0,0,0,0,0,0,0,0,0,2,3,3,3,3,1,2,2
P2421,0,0,0,0,1,1,0,1,0,0,2,3,2,4,3,1,4,2,2,1,0,0,0,0,0,0,0,0,0,0,0,0,0,1,0,0,3,3,1,1,1,2,2,2, ,0,0,0,1,0,0,0,0,0,1,0,0,0,0,0,2,2, , , , , , , , , , , , , , , , , , , , , 
P2422,1,1,0,0,0,0,0,1,0,0,4,3,2,4,2,2,2,2,1, , , , , , , , , , , , , , , , , ,3,3,2,1,1,2,2,1, ,0,0,0,0,0,1,0,0,0,0,0,1,1,0,0,2,3, , , , , , , , , , , , , , , , , , , , , 
P2423,0,1,0,0,0,1,0,0,0,0,5,1,2,4,4,1,3,5,1, , , , , , , , , , , , , , , , , ,4,3,2,2,2,2, , , ,0,0,0,0,0,0,1,0, , , , , , , , , , , , , , , , , , , , , , , , , , , , , , 
P2424,1,1,0,0,0,1,0,1,0,0,4,4,1,2,1,3,1,2,2,1,0,0,1,0,0,0,0,0,0,0,0,0,0,1,0,0,1,3,1,1,1,1,2,2,2,1,0,1,1,1,0,0,0,0,1,1,0,1,0,0,2,2, , , , , , , , , , , , , , , , , , , , , 
P2425,0,0,0,0,0,0,0,0,0,1,2,2,2,4,4,2,2,2,2,0,0,0,0,0,0,0,0,1, , , , , , , , ,5,3,2,2,1,2, ,5, ,0,0,0,0,0,0,1,0, , , , , , , , , , , , , , , , , , , , , , , , , , , , , , 
P2426,0,1,0,1,1,0,1,1,0,0,1,4,1,4,2,3,2,2,5,1,0,1,1,0,1,0,0,0,0,0,0,0,1,1,0,0,2,2,2,1,1,1,2,2,3,1,0,1,1,0,0,0,0,1,1,0,0,0,0,0,1,2,1,1,1,1,0,1,0,0,0,0,0,0,0,3,2,3,1,1,2,1,2
P2427,0,0,1,0,1,0,0,0,0,0,3,3,3,4,2,3,3,2,1, , , , , , , , , , , , , , , , , ,3,3,2,2,2,2, , , ,0,0,1,0,1,0,0,0,0,0,0,1,0,0,0,2,2, , , , , , , , , , , , , , , , , , , , , 
P2428,0,1,1,0,0,0,0,0,0,0,2,2,2,5,3,2,5,3,2,1,0,0,0,0,0,0,1,0,0,0,0,0,0,0,0,1,4,3,2,2,2,2, , , ,0,0,0,0,0,0,1,0, , , , , , , , , , , , , , , , , , , , , , , , , , , , , , 
P2429,1,1,0,1,1,0,1,1,0,0,2,2,2,2,2,2,2,2,5,1,0,0,0,0,0,0,0,0,0,1,0,0,1,0,0,0,3,3,2,1,1,1,2,2,2,1,1,1,0,1,1,0,0,1,1,0,0,0,0,0,2,2,0,0,0,0,0,1,0,0,0,0,0,1,0,2,2,1,4,3,3,3,3
P2430,0,1,0,0,0,0,0,0,0,0,5,2,2,5,5,2,5,2,6, , , , , , , , , , , , , , , , , ,5,5,3,3,3,3, , , ,0,0,0,0,0,0,0,1, , , , , , , , , , , , , , , , , , , , , , , , , , , , , , 
P2431,0,1,0,0,0,0,0,0,0,0,5,3,3,5,4,3,5,2,1, , , , , , , , , , , , , , , , , ,1,5,3,2,2,2, , , ,0,0,0,0,0,0,1,0, , , , , , , , , , , , , , , , , , , , , , , , , , , , , , 
P2432,0,0,0,1,1,0,0,0,0,0,1,2,2,1,2,2,3,4,2,1,0,0,0,0,0,0,0,0,0,0,0,1,1,0,0,0,1,1,2,1,1,1,1,1,1,1,1,1,1,0,0,0,0,1,0,1,0,0,0,0,2,2,1,0,0,0,1,0,0,1,0,1,0,0,0,1,2,2,2,2,3,3,1
P2433,0,1,0,0,0,0,0,0,0,0,3,3,3,3,4,3,3,2,3,1,1,0,0,0,0,0,0,0,0,0,0,0,0,0,0,1,3,3,1,2,1,2, ,2, ,0,0,0,0,0,0,1,0, , , , , , , , , , , , , , , , , , , , , , , , , , , , , , 
P2434,1,1,1,0,0,0,1,0,0,0,1,1,1,2,3,1,1,3,3,1,0,0,0,0,0,0,0,0,0,0,0,1,0,1,0,0,4,5,3,3,1,1, ,2,2,0,0,0,0,0,0,1,0, , , , , , , , , , , , , , , , , , , , , , , , , , , , , , 
P2435,0,0,0,0,1,1,0,0,0,0,1,1,2,2,1,2,1,2,2,1,0,0,0,0,0,0,0,0,0,0,0,0,1,0,0,0,1,3,1,1,1,2,1,2, ,0,1,1,0,0,0,0,0,0,1,0,0,0,0,0,2,2,0,0,0,0,1,0,0,0,0,0,0,0,0,1,1,2,4,3,1,1,1
P2436,0,1,0,0,1,0,0,1,0,0,2,1,2,2,1,2,1,2,5,1,1,0,0,0,0,0,0,0,0,0,0,0,1,1,0,0,2,2,1,1,1,2,1,1, ,0,1,0,1,0,1,0,0,0,1,1,0,0,0,0,2,2,0,1,1,0,1,0,0,0,0,0,0,0,0,1,1,3,1,3,2,1,1
P2437,0,0,1,0,0,1,0,0,0,0,2,1,2,2,3,2,2,2,3,0,0,1,1,0,0,0,0,0,1,0,1,0,0,0,0,0,3,2,2,1,2,2,2, , ,0,0,0,1,0,0,0,0,0,0,1,0,0,0,0,2,2, , , , , , , , , , , , , , , , , , , , , 
P2438,1,1,0,0,1,0,0,0,0,0,4,3,2,1,2,2,4,1,5,0,1,0,1,0,0,1,0,0,0,0,1,1,1,0,0,0,3,2,1,1,1,1,1,1,1,1,1,0,0,0,1,0,0,1,1,1,0,0,0,0,2,2,0,0,0,1,1,1,0,1,0,0,0,0,0,2,2,2,1,1,3,3,2
P2439,1,0,1,1,1,1,0,0,0,0,2,2,1,2,2,2,2,2,4,0,0,0,0,1,0,0,0,0,0,1,0,0,0,0,0,0,2,1,1,1,2,1,2, ,1,0,1,0,0,0,0,0,0,1,0,0,0,0,0,0,2,1,0,0,1,0,0,0,1,0,1,0,0,0,0,2,2,1,1,2,2,3,3
P2440,0,0,0,0,0,0,0,0,0,1,3,3,3,4,3,3,2,3,2,1,0,0,0,0,0,0,0,0,0,0,0,1,0,0,0,0,5,5,1,2,1,2, ,2, ,0,0,0,0,0,0,1,0, , , , , , , , , , , , , , , , , , , , , , , , , , , , , , 
P2441,0,1,0,0,0,0,0,0,0,0,2,2,4,3,3,3,2,3,3,0,0,1,0,0,0,0,0,0,0,0,0,0,1,0,0,0,1,2,1,1,1,1,1,1,2,0,0,1,0,0,0,0,0,0,1,0,0,0,0,0,2,2,0,0,0,0,0,0,1,0,0,0,0,0,0,2,2,2,1,3,1,2,1
P2442,0,0,0,0,1,1,0,1,0,0,2,2,2,4,1,1,4,1,1, , , , , , , , , , , , , , , , , ,3,3,1,1,1,2,1,1, ,0,0,0,0,0,1,0,0,0,1,0,0,1,0,0,2,2, , , , , , , , , , , , , , , , , , , , , 
P2443,0,1,0,0,0,0,0,0,0,0,3,2,3,4,4,2,4,2,1, , , , , , , , , , , , , , , , , ,4,5,3,2,2,2, , , ,0,0,0,0,0,0,1,0, , , , , , , , , , , , , , , , , , , , , , , , , , , , , , 
P2444,0,0,0,0,1,1,0,1,0,0,4,2,1,4,4,1,2,2,2,1,0,0,1,0,0,0,0,0,1,1,0,1,0,1,0,0,2,2,1,1,1,1,1,1,1,1,0,1,0,1,0,0,0,1,1,0,1,1,0,0,2,2, , , , , , , , , , , , , , , , , , , , , 
P2445,0,0,0,0,0,0,0,1,0,0,2,2,2,2,2,2,2,1,4,1,0,0,0,0,0,0,0,0,0,0,0,1,0,0,0,0,1,1,2,1,2,2,2, , ,0,0,0,0,0,0,1,0, , , , , , , , , , , , , , , , , , , , , , , , , , , , , , 
P2446,1,1,0,0,0,1,0,0,0,0,2,1,1,3,3,1,2,2,1, , , , , , , , , , , , , , , , , ,2,3,1,1,1,3,2,2, ,0,0,0,0,0,1,0,0,0,1,0,0,1,0,0,2,2, , , , , , , , , , , , , , , , , , , , , 
P2447,0,1,0,0,0,1,0,1,0,0,3,2,2,5,4,2,5,2,1, , , , , , , , , , , , , , , , , ,4,3,2,2,1,2, ,2, ,0,0,0,0,0,0,1,0, , , , , , , , , , , , , , , , , , , , , , , , , , , , , , 
P2448,1,0,0,0,1,0,0,1,0,0,2,2,5,2,3,2,5,2,2,1,0,0,0,0,0,0,0,0,0,0,0,0,0,0,1,1,5,5,2,1,1,3,2,2, ,0,0,0,0,0,0,1,0, , , , , , , , , , , , , , , , , , , , , , , , , , , , , , 
P2449,0,0,0,0,1,0,0,0,0,0,2,2,2,2,3,3,2,3,1, , , , , , , , , , , , , , , , , ,2,3,2,2,1,1, ,3,2,0,1,0,0,1,0,0,0,0,0,1,1,1,0,0,2,2, , , , , , , , , , , , , , , , , , , , , 
P2450,0,1,0,0,1,1,0,0,0,0,1,1,1,2,1,1,2,1,3,1,0,0,0,0,0,0,0,0,0,1,0,1,0,1,0,0,3,1,1,1,2,2,1, , ,1,0,0,0,1,0,0,0,0,1,0,0,0,0,0,2,2, , , , , , , , , , , , , , , , , , , , , 
P2451,1,1,0,0,0,1,0,0,0,0,1,1,1,5,4,1,2,2,2,0,0,0,0,0,0,0,0,1, , , , , , , , ,3,3,2,2,1,3, ,2, ,0,0,0,0,0,0,1,0, , , , , , , , , , , , , , , , , , , , , , , , , , , , , , 
P2452,0,0,1,0,1,0,0,0,0,0,2,5,1,3,2,2,5,2,1, , , , , , , , , , , , , , , , , ,2,2,2,1,2,2,3, , ,0,0,0,0,0,0,0,1, , , , , , , , , , , , , , , , , , , , , , , , , , , , , , 
P2453,0,1,0,1,1,1,0,1,0,0,2,2,1,2,2,2,2,2,3,1,1,0,1,0,1,0,0,0,0,0,1,1,1,1,1,0,1,1,1,1,1,1,2,2,2,1,1,1,1,1,0,0,0,1,1,1,1,1,0,0,2,2,1,0,0,0,1,0,1,1,0,0,0,0,0,1,2,2,4,3,3,3,3
P2454,0,0,0,0,0,0,0,0,0,1,4,3,4,4,4,2,5,4,1, , , , , , , , , , , , , , , , , ,3,3,2,2,2,2, , , ,0,0,0,0,0,0,1,0, , , , , , , , , , , , , , , , , , , , , , , , , , , , , , 
P2455,1,0,0,0,0,1,0,0,0,0,3,2,3,2,2,2,2,2,3,0,0,0,1,0,0,0,0,0,0,0,0,1,0,0,0,0,2,2,1,1,1,1,3,3,3,1,1,0,0,1,0,0,0,0,0,0,1,0,0,0,2,2, , , , , , , , , , , , , , , , , , , , , 
P2456,1,1,0,0,0,1,0,0,0,0,2,2,2,4,3,2,5,2,1, , , , , , , , , , , , , , , , , ,3,3,2,2,1,2, ,2, ,1,0,0,0,0,0,0,0,1,0,0,0,0,0,0,2,2, , , , , , , , , , , , , , , , , , , , , 
P2457,0,1,1,0,0,0,0,0,0,0,3,2,2,4,3,5,3,5,1, , , , , , , , , , , , , , , , , ,3,4,2,2,2,2, , , ,0,0,0,0,0,0,1,0, , , , , , , , , , , , , , , , , , , , , , , , , , , , , , 
P2458,1,1,1,0,1,1,1,1,0,0,1,2,1,2,2,1,1,2,4,1,1,0,0,0,0,0,0,0,1,0,1,1,1,1,0,0,2,2,1,1,1,1,2,2,2,1,1,0,1,1,1,0,0,1,1,1,0,0,0,0,2,2,1,0,1,1,1,1,1,0,0,0,1,0,0,2,2,2,3,3,3,3,3
P2459,0,1,0,0,1,0,1,0,0,0,4,5,3,1,2,2,2,3,2,1,0,0,0,0,0,0,0,0,0,0,0,0,1,1,1,0,2,3,1,1,2,1,1, ,2,0,0,0,1,0,0,0,0,0,0,0,1,0,0,0,2,1,0,0,0,1,0,0,0,0,0,0,1,0,0,2,2,2,4,1,4,3,1
P2460,0,0,0,1,0,0,0,0,0,0,2,1,3,2,1,1,2,2,2,1,1,0,0,0,0,0,0,0,0,0,0,0,0,0,0,1,3,3,2,1,2,2,2, , ,0,0,0,1,1,0,0,0,1,0,0,0,0,0,0,2,2,1,0,1,0,0,0,0,0,0,0,0,0,0,2,2,3,4,3,3,3,1
P2461,1,1,1,0,1,0,1,1,0,0,1,1,1,2,1,1,1,1,5,0,0,0,1,0,0,0,0,0,0,0,0,0,1,0,1,1,2,1,1,1,1,1,2,1,2,0,1,1,1,0,0,0,0,1,0,0,0,0,0,0,2,2,1,0,1,0,0,0,1,0,0,0,0,0,0,2,1,3,3,3,2,2,3
P2462,0,1,0,0,1,1,0,1,0,0,2,2,2,2,2,2,5,1,2,1,0,0,0,0,0,0,0,0,0,1,0,0,0,0,0,0,3,3,2,3,2,3, , , ,0,0,0,0,0,0,1,0, , , , , , , , , , , , , , , , , , , , , , , , , , , , , , 
P2463,0,0,0,1,0,0,0,0,0,0,2,1,2,2,1,1,2,1,2,1,0,0,0,0,0,0,0,0,1,0,0,0,0,0,1,1,1,3,2,1,1,1,1,1,1,1,1,1,1,1,1,0,0,0,1,0,0,0,0,0,1,2,1,0,0,0,0,0,0,0,0,0,0,0,0,1,1,2,4,3,3,3,3
P2464,0,0,0,0,1,0,0,0,0,0,5,3,3,5,2,3,3,5,1, , , , , , , , , , , , , , , , , ,5,5,3,3,3,3, , , ,0,0,0,0,0,0,0,1, , , , , , , , , , , , , , , , , , , , , , , , , , , , , , 
P2465,0,0,1,0,1,0,0,0,0,0,2,2,2,2,3,3,2,2,1, , , , , , , , , , , , , , , , , ,5,5,1,2,2,1, , ,3,0,0,0,0,0,0,1,0, , , , , , , , , , , , , , , , , , , , , , , , , , , , , , 
P2466,0,0,0,0,0,1,1,0,0,0,2,2,2,4,4,1,2,2,1, , , , , , , , , , , , , , , , , ,4,3,2,2,2,2, , , ,0,0,0,0,0,0,1,0, , , , , , , , , , , , , , , , , , , , , , , , , , , , , , 
P2467,0,1,0,0,0,0,0,1,0,0,2,4,3,3,3,4,2,2,2,1,0,0,0,0,0,0,0,0,0,0,0,1,0,0,0,0,3,4,1,1,1,2,2,2, ,0,0,0,0,0,0,1,0, , , , , , , , , , , , , , , , , , , , , , , , , , , , , , 
P2468,0,0,0,1,0,0,0,0,0,0,3,3,3,3,3,3,3,3,4,0,0,0,0,0,0,1,0,0,0,0,0,0,0,0,1,0,3,3,1,1,1,1,2,4,2,0,1,0,0,0,0,0,0,0,0,0,0,1,0,0,1,1,0,0,0,1,0,0,0,0,0,0,0,0,0,3,3,3,3,2,3,1,1
P2469,0,1,0,1,1,1,1,1,0,0,2,2,2,2,2,2,2,2,4,1,0,0,1,0,0,1,0,0,0,0,0,1,1,1,1,0,1,1,2,1,1,1,1,1,2,1,0,1,0,0,0,0,0,1,1,0,0,0,0,0,2,2,0,0,0,1,0,0,0,0,0,1,0,0,0,2,2,2,3,3,4,3,3
P2470,0,0,0,0,0,0,0,0,0,1,1,3,3,1,2,2,2,2,2,1,0,0,0,0,0,0,0,0,0,0,0,0,1,0,0,0,3,3,2,2,1,2, ,2, ,1,0,0,0,0,0,0,0,0,0,1,0,0,0,0,2,2,0,0,1,0,0,0,0,0,0,0,0,0,0,2,2,1,2,1,3,1,3
P2471,0,1,0,0,0,0,0,0,0,0,3,2,3,3,3,3,3,3,6, , , , , , , , , , , , , , , , , ,2,3,2,2,2,2, , , ,0,0,0,0,0,0,1,0, , , , , , , , , , , , , , , , , , , , , , , , , , , , , , 
P2472,0,0,0,1,0,1,1,0,0,0,2,2,2,1,2,2,1,2,5,1,0,0,0,0,0,0,0,0,0,0,0,0,0,1,0,0,1,3,1,2,2,1, , ,3,1,0,1,0,0,1,0,0,0,1,0,0,0,0,0,1,2,1,1,0,0,0,1,0,0,0,0,0,0,0,2,1,1,1,2,1,1,2
P2473,0,1,0,0,0,0,0,0,0,0,3,2,2,5,5,2,5,2,1, , , , , , , , , , , , , , , , , ,3,4,3,2,2,2, , , ,0,0,0,0,0,0,1,0, , , , , , , , , , , , , , , , , , , , , , , , , , , , , , 
P2474,0,1,1,0,1,1,0,0,0,0,2,1,2,4,2,2,2,2,1, , , , , , , , , , , , , , , , , ,3,2,3,1,1,2,1,1, ,0,0,0,0,0,0,1,0, , , , , , , , , , , , , , , , , , , , , , , , , , , , , , 
P2475,0,0,1,0,0,0,0,0,0,0,1,4,2,3,1,4,1,2,6, , , , , , , , , , , , , , , , , ,1,1,3,1,1,1,4,1,2,1,0,0,0,0,0,0,0,1,1,0,1,1,0,0,2,2, , , , , , , , , , , , , , , , , , , , , 
P2476,1,0,0,0,0,0,0,1,0,0,2,2,2,1,3,2,3,3,2,1,0,0,0,0,0,0,0,0,0,0,1,0,1,0,0,0,1,2,1,2,2,2, , , ,0,1,0,0,0,0,0,0,1,0,0,0,0,0,0,2,1,0,0,0,0,0,0,1,0,0,0,0,0,0,2,2,4,2,2,1,2,2
P2477,1,1,1,1,1,0,0,0,0,0,2,1,1,1,2,2,2,3,4,1,1,0,1,0,0,0,0,0,1,1,0,0,1,1,0,0,2,2,1,1,1,1,1,1,1,1,1,1,1,0,1,0,0,1,1,1,0,0,0,0,2,2,1,0,1,0,0,0,1,0,0,0,1,0,0,2,1,2,4,3,3,3,1
P2478,1,1,0,0,0,1,0,0,0,0,2,1,1,2,5,1,5,2,6, , , , , , , , , , , , , , , , , ,3,5,2,2,1,3, ,1, ,0,0,0,0,0,0,1,0, , , , , , , , , , , , , , , , , , , , , , , , , , , , , , 
P2479,0,0,1,0,0,0,0,0,0,0,2,5,3,2,3,5,1,4,4,0,0,0,1,0,0,0,0,0,0,0,0,0,1,0,0,0,3,2,1,2,2,2, , , ,0,0,1,0,0,0,0,0,0,0,0,1,0,0,0,3,2,0,0,0,0,0,0,1,0,0,0,0,0,0,3,3,2,4,4,2,2,2
P2480,0,1,0,0,1,1,0,1,0,0,3,2,3,2,2,2,3,2,2,1,0,0,0,0,0,0,0,0,0,0,0,0,0,0,1,0,2,3,1,1,1,1,2,1,2,0,0,1,1,0,0,0,0,0,0,0,0,1,0,0,2,2, , , , , , , , , , , , , , , , , , , , , 
P2481,0,0,0,0,1,0,1,0,0,0,2,1,1,3,1,3,3,2,2,1,0,0,0,0,0,0,0,0,0,0,1,0,0,0,0,0,2,2,1,1,2,1,1, ,1,1,0,0,0,0,0,0,0,0,0,0,0,1,0,0,2,2, , , , , , , , , , , , , , , , , , , , , 
P2482,0,1,0,1,0,0,0,0,0,0,2,2,2,2,2,2,2,2,2,1,0,0,0,0,0,0,0,0,1,0,0,0,0,1,0,0,2,2,1,1,1,1,1,1,1,0,1,0,0,0,0,0,0,0,1,0,1,0,0,0,2,2,0,1,0,0,1,0,0,0,0,0,0,0,0,2,2,1,2,2,2,3,1
P2483,1,1,0,0,1,0,0,0,0,0,2,2,2,3,3,3,5,5,1, , , , , , , , , , , , , , , , , ,2,2,3,1,1,3,2,1, ,0,0,0,0,0,0,1,0, , , , , , , , , , , , , , , , , , , , , , , , , , , , , , 
P2484,0,0,1,0,0,1,0,1,0,0,1,1,1,3,2,1,3,1,2,1,0,0,0,1,0,0,0,0,0,0,0,1,0,0,0,0,2,3,1,1,1,1,1,2,1,1,0,0,0,1,0,0,0,1,0,0,0,0,0,0,2,2, , , , , , , , , , , , , , , , , , , , , 
P2485,0,0,0,0,1,0,0,0,0,0,3,3,3,2,2,3,3,2,2,1,0,0,0,0,0,0,0,0,1,1,0,0,0,0,1,0,5,5,3,1,1,1,1,1,2,0,0,0,0,0,0,0,1, , , , , , , , , , , , , , , , , , , , , , , , , , , , , , 
P2486,1,1,1,1,1,1,1,1,1,0,4,3,3,3,4,3,3,3,4,1,0,0,0,0,0,0,0,0,0,0,0,0,1,0,0,0,5,3,2,1,1,1,3,3,3,0,0,0,0,0,1,0,0,0,0,1,0,0,0,0,2,3,0,0,1,0,0,0,0,0,0,0,0,0,0,2,1,4,4,2,1,1,2
P2487,1,1,0,0,1,1,0,1,0,0,1,1,1,1,2,1,2,1,2,1,0,0,0,1,0,0,0,0,1,0,0,0,0,0,1,0,3,3,2,1,1,2,1,1, ,0,1,0,1,1,0,0,0,1,0,0,0,0,0,0,2,2, , , , , , , , , , , , , , , , , , , , , 
P2488,1,1,0,1,1,1,0,1,0,0,4,1,4,4,1,3,1,1,3,1,0,0,0,0,0,0,0,0,1,1,0,0,0,0,1,1,1,2,1,1,1,1,2,2,2,0,0,0,0,0,0,1,0, , , , , , , , , ,0,0,1,0,1,0,1,0,0,0,0,0,0,2,1,4,3,4,4,4,2
P2489,0,1,1,0,0,0,0,1,0,0,2,2,2,3,2,2,2,2,1, , , , , , , , , , , , , , , , , ,3,3,2,2,1,2, ,2, ,1,0,0,0,0,0,0,0,0,1,0,0,0,0,0,2,2, , , , , , , , , , , , , , , , , , , , , 
P2490,0,1,1,0,0,1,0,1,0,0,3,2,2,4,4,2,2,2,2,0,0,0,0,0,0,0,0,1, , , , , , , , ,4,3,2,2,1,3, ,3, ,0,0,0,0,0,0,1,0, , , , , , , , , , , , , , , , , , , , , , , , , , , , , , 
P2491,0,1,0,0,0,0,0,0,0,0,3,1,2,3,3,2,3,3,2,1,0,0,0,0,0,0,0,0,0,0,0,0,0,0,0,1,3,4,2,2,2,2, , , ,1,0,0,0,0,0,0,0,0,1,0,0,0,0,0,2,2, , , , , , , , , , , , , , , , , , , , , 
P2492,0,0,0,1,0,0,0,1,0,0,2,1,3,2,1,2,3,2,2,1,0,0,0,0,0,0,0,0,0,0,0,0,1,0,0,0,2,2,1,1,1,2,2,2, ,1,0,0,0,0,0,0,0,1,0,0,1,1,0,0,2,2,0,0,1,0,0,0,0,0,0,0,0,0,0,3,3,1,3,2,3,3,2
P2493,0,0,0,1,0,1,0,1,0,0,2,3,2,3,4,2,4,2,3,0,0,1,0,1,1,0,0,0,0,0,0,1,0,1,0,0,2,2,1,1,2,1,1, ,2,0,0,1,1,0,1,0,0,0,0,0,1,0,0,0,2,2,0,0,0,0,1,0,0,0,0,0,0,0,0,2,2,1,1,1,3,1,1
P2494,0,0,0,0,1,1,0,1,0,0,2,1,2,4,3,1,2,1,1, , , , , , , , , , , , , , , , , ,3,3,1,1,1,2,1,2, ,0,1,0,0,0,1,0,0,0,1,0,1,0,0,0,2,2, , , , , , , , , , , , , , , , , , , , , 
P2495,1,0,1,0,0,0,1,1,0,0,1,2,2,1,2,2,1,3,3,1,0,0,0,1,0,0,0,0,0,1,0,0,1,0,1,0,2,1,1,1,2,1,1, ,2,1,0,0,1,0,1,0,0,1,0,0,1,1,0,0,1,2,0,1,1,0,0,0,0,0,0,1,0,0,0,2,1,3,2,1,1,1,2
P2496,0,1,0,0,1,1,0,0,0,0,2,1,1,2,2,1,2,1,2,1,0,0,0,0,0,0,0,0,0,0,0,0,0,0,0,1,3,3,2,1,1,3,2,2, ,0,0,0,0,0,0,1,0, , , , , , , , , , , , , , , , , , , , , , , , , , , , , , 
P2497,0,1,1,0,1,1,1,1,0,0,4,2,2,2,2,2,2,2,4,1,0,0,0,0,0,0,0,0,0,1,0,1,0,1,0,0,3,3,1,1,2,2,2, , ,0,1,1,0,0,0,0,0,1,0,0,0,0,0,0,2,2, , , , , , , , , , , , , , , , , , , , , 
P2498,0,0,1,0,1,0,0,0,0,0,2,1,1,2,1,1,1,2,5,1,0,0,0,0,0,0,0,0,0,0,0,0,1,1,0,0,1,2,1,1,2,1,1, ,2,0,0,0,1,0,0,0,0,1,0,0,1,0,0,0,2,2,0,0,0,0,1,1,1,0,0,0,0,0,0,1,2,1,4,1,2,1,3
P2499,1,1,1,0,1,1,1,1,0,0,2,2,2,2,2,2,2,2,3,0,1,0,0,0,0,0,0,0,0,0,0,0,0,0,0,1,1,2,1,1,1,1,1,1,1,1,0,0,0,0,0,0,0,1,1,0,1,1,0,0,2,2, , , , , , , , , , , , , , , , , , , , , 
